v1,v2,Unnamed: 2,Unnamed: 3,Unnamed: 4,label_binary,clean_text
ham,"Go until jurong point, crazy.. Available only in bugis n great world la e buffet... Cine there got amore wat...",,,,0,go jurong point crazy available bugis n great world la e buffet cine got amore wat
ham,Ok lar... Joking wif u oni...,,,,0,ok lar joking wif u oni
spam,Free entry in 2 a wkly comp to win FA Cup final tkts 21st May 2005. Text FA to 87121 to receive entry question(std txt rate)T&C's apply 08452810075over18's,,,,1,free entry wkly comp win fa cup final tkts st may text fa receive entry question std txt rate c apply
ham,U dun say so early hor... U c already then say...,,,,0,u dun say early hor u c already say
ham,"Nah I don't think he goes to usf, he lives around here though",,,,0,nah think goes usf lives around though
spam,"FreeMsg Hey there darling it's been 3 week's now and no word back! I'd like some fun you up for it still? Tb ok! XxX std chgs to send, å£1.50 to rcv",,,,1,freemsg hey darling week word back like fun still tb ok xxx std chgs send rcv
ham,Even my brother is not like to speak with me. They treat me like aids patent.,,,,0,even brother like speak treat like aids patent
ham,As per your request 'Melle Melle (Oru Minnaminunginte Nurungu Vettam)' has been set as your callertune for all Callers. Press *9 to copy your friends Callertune,,,,0,per request melle melle oru minnaminunginte nurungu vettam set callertune callers press copy friends callertune
spam,WINNER!! As a valued network customer you have been selected to receivea å£900 prize reward! To claim call 09061701461. Claim code KL341. Valid 12 hours only.,,,,1,winner valued network customer selected receivea prize reward claim call claim code kl valid hours
spam,Had your mobile 11 months or more? U R entitled to Update to the latest colour mobiles with camera for Free! Call The Mobile Update Co FREE on 08002986030,,,,1,mobile months u r entitled update latest colour mobiles camera free call mobile update co free
ham,"I'm gonna be home soon and i don't want to talk about this stuff anymore tonight, k? I've cried enough today.",,,,0,gon na home soon want talk stuff anymore tonight k cried enough today
spam,"SIX chances to win CASH! From 100 to 20,000 pounds txt> CSH11 and send to 87575. Cost 150p/day, 6days, 16+ TsandCs apply Reply HL 4 info",,,,1,six chances win cash pounds txt csh send cost p day days tsandcs apply reply hl info
spam,"URGENT! You have won a 1 week FREE membership in our å£100,000 Prize Jackpot! Txt the word: CLAIM to No: 81010 T&C www.dbuk.net LCCLTD POBOX 4403LDNW1A7RW18",,,,1,urgent week free membership prize jackpot txt word claim c www dbuk net lccltd pobox ldnw rw
ham,I've been searching for the right words to thank you for this breather. I promise i wont take your help for granted and will fulfil my promise. You have been wonderful and a blessing at all times.,,,,0,searching right words thank breather promise wont take help granted fulfil promise wonderful blessing times
ham,I HAVE A DATE ON SUNDAY WITH WILL!!,,,,0,date sunday
spam,"XXXMobileMovieClub: To use your credit, click the WAP link in the next txt message or click here>> http://wap. xxxmobilemovieclub.com?n=QJKGIGHJJGCBL",,,,1,xxxmobilemovieclub use credit click wap link next txt message click http wap xxxmobilemovieclub com n qjkgighjjgcbl
ham,Oh k...i'm watching here:),,,,0,oh k watching
ham,Eh u remember how 2 spell his name... Yes i did. He v naughty make until i v wet.,,,,0,eh u remember spell name yes v naughty make v wet
ham,Fine if thatåÕs the way u feel. ThatåÕs the way its gota b,,,,0,fine way u feel way gota b
spam,"England v Macedonia - dont miss the goals/team news. Txt ur national team to 87077 eg ENGLAND to 87077 Try:WALES, SCOTLAND 4txt/Ì¼1.20 POBOXox36504W45WQ 16+",,,,1,england v macedonia dont miss goals team news txt ur national team eg england try wales scotland txt poboxox w wq
ham,Is that seriously how you spell his name?,,,,0,seriously spell name
ham,IÛ÷m going to try for 2 months ha ha only joking,,,,0,going try months ha ha joking
ham,So Ì_ pay first lar... Then when is da stock comin...,,,,0,pay first lar da stock comin
ham,Aft i finish my lunch then i go str down lor. Ard 3 smth lor. U finish ur lunch already?,,,,0,aft finish lunch go str lor ard smth lor u finish ur lunch already
ham,Ffffffffff. Alright no way I can meet up with you sooner?,,,,0,ffffffffff alright way meet sooner
ham,Just forced myself to eat a slice. I'm really not hungry tho. This sucks. Mark is getting worried. He knows I'm sick when I turn down pizza. Lol,,,,0,forced eat slice really hungry tho sucks mark getting worried knows sick turn pizza lol
ham,Lol your always so convincing.,,,,0,lol always convincing
ham,Did you catch the bus ? Are you frying an egg ? Did you make a tea? Are you eating your mom's left over dinner ? Do you feel my Love ?,,,,0,catch bus frying egg make tea eating mom left dinner feel love
ham,"I'm back &amp; we're packing the car now, I'll let you know if there's room",,,,0,back amp packing car let know room
ham,Ahhh. Work. I vaguely remember that! What does it feel like? Lol,,,,0,ahhh work vaguely remember feel like lol
ham,"Wait that's still not all that clear, were you not sure about me being sarcastic or that that's why x doesn't want to live with us",,,,0,wait still clear sure sarcastic x want live us
ham,Yeah he got in at 2 and was v apologetic. n had fallen out and she was actin like spoilt child and he got caught up in that. Till 2! But we won't go there! Not doing too badly cheers. You? ,,,,0,yeah got v apologetic n fallen actin like spoilt child got caught till go badly cheers
ham,K tell me anything about you.,,,,0,k tell anything
ham,For fear of fainting with the of all that housework you just did? Quick have a cuppa,,,,0,fear fainting housework quick cuppa
spam,Thanks for your subscription to Ringtone UK your mobile will be charged å£5/month Please confirm by replying YES or NO. If you reply NO you will not be charged,,,,1,thanks subscription ringtone uk mobile charged month please confirm replying yes reply charged
ham,Yup... Ok i go home look at the timings then i msg Ì_ again... Xuhui going to learn on 2nd may too but her lesson is at 8am,,,,0,yup ok go home look timings msg xuhui going learn nd may lesson
ham,"Oops, I'll let you know when my roommate's done",,,,0,oops let know roommate done
ham,I see the letter B on my car,,,,0,see letter b car
ham,Anything lor... U decide...,,,,0,anything lor u decide
ham,Hello! How's you and how did saturday go? I was just texting to see if you'd decided to do anything tomo. Not that i'm trying to invite myself or anything!,,,,0,hello saturday go texting see decided anything tomo trying invite anything
ham,Pls go ahead with watts. I just wanted to be sure. Do have a great weekend. Abiola,,,,0,pls go ahead watts wanted sure great weekend abiola
ham,"Did I forget to tell you ? I want you , I need you, I crave you ... But most of all ... I love you my sweet Arabian steed ... Mmmmmm ... Yummy",,,,0,forget tell want need crave love sweet arabian steed mmmmmm yummy
spam,07732584351 - Rodger Burns - MSG = We tried to call you re your reply to our sms for a free nokia mobile + free camcorder. Please call now 08000930705 for delivery tomorrow,,,,1,rodger burns msg tried call reply sms free nokia mobile free camcorder please call delivery tomorrow
ham,WHO ARE YOU SEEING?,,,,0,seeing
ham,Great! I hope you like your man well endowed. I am  &lt;#&gt;  inches...,,,,0,great hope like man well endowed lt gt inches
ham,No calls..messages..missed calls,,,,0,calls messages missed calls
ham,Didn't you get hep b immunisation in nigeria.,,,,0,get hep b immunisation nigeria
ham,"Fair enough, anything going on?",,,,0,fair enough anything going
ham,"Yeah hopefully, if tyler can't do it I could maybe ask around a bit",,,,0,yeah hopefully tyler could maybe ask around bit
ham,U don't know how stubborn I am. I didn't even want to go to the hospital. I kept telling Mark I'm not a weak sucker. Hospitals are for weak suckers.,,,,0,u know stubborn even want go hospital kept telling mark weak sucker hospitals weak suckers
ham,What you thinked about me. First time you saw me in class.,,,,0,thinked first time saw class
ham,"A gram usually runs like  &lt;#&gt; , a half eighth is smarter though and gets you almost a whole second gram for  &lt;#&gt;",,,,0,gram usually runs like lt gt half eighth smarter though gets almost whole second gram lt gt
ham,K fyi x has a ride early tomorrow morning but he's crashing at our place tonight,,,,0,k fyi x ride early tomorrow morning crashing place tonight
ham,"Wow. I never realized that you were so embarassed by your accomodations. I thought you liked it, since i was doing the best i could and you always seemed so happy about \the cave\"". I'm sorry I didn't and don't have more to give. I'm sorry i offered. I'm sorry your room was so embarassing.""",,,,0,wow never realized embarassed accomodations thought liked since best could always seemed happy cave sorry give sorry offered sorry room embarassing
spam,SMS. ac Sptv: The New Jersey Devils and the Detroit Red Wings play Ice Hockey. Correct or Incorrect? End? Reply END SPTV,,,,1,sms ac sptv new jersey devils detroit red wings play ice hockey correct incorrect end reply end sptv
ham,Do you know what Mallika Sherawat did yesterday? Find out now @  &lt;URL&gt;,,,,0,know mallika sherawat yesterday find lt url gt
spam,"Congrats! 1 year special cinema pass for 2 is yours. call 09061209465 now! C Suprman V, Matrix3, StarWars3, etc all 4 FREE! bx420-ip4-5we. 150pm. Dont miss out! ",,,,1,congrats year special cinema pass call c suprman v matrix starwars etc free bx ip pm dont miss
ham,"Sorry, I'll call later in meeting.",,,,0,sorry call later meeting
ham,Tell where you reached,,,,0,tell reached
ham,Yes..gauti and sehwag out of odi series.,,,,0,yes gauti sehwag odi series
ham,Your gonna have to pick up a $1 burger for yourself on your way home. I can't even move. Pain is killing me.,,,,0,gon na pick burger way home even move pain killing
ham,Ha ha ha good joke. Girls are situation seekers.,,,,0,ha ha ha good joke girls situation seekers
ham,Its a part of checking IQ,,,,0,part checking iq
ham,"Sorry my roommates took forever, it ok if I come by now?",,,,0,sorry roommates took forever ok come
ham,Ok lar i double check wif da hair dresser already he said wun cut v short. He said will cut until i look nice.,,,,0,ok lar double check wif da hair dresser already said wun cut v short said cut look nice
spam,"As a valued customer, I am pleased to advise you that following recent review of your Mob No. you are awarded with a å£1500 Bonus Prize, call 09066364589",,,,1,valued customer pleased advise following recent review mob awarded bonus prize call
ham,"Today is \song dedicated day..\"" Which song will u dedicate for me? Send this to all ur valuable frnds but first rply me...""",,,,0,today song dedicated day song u dedicate send ur valuable frnds first rply
spam,"Urgent UR awarded a complimentary trip to EuroDisinc Trav, Aco&Entry41 Or å£1000. To claim txt DIS to 87121 18+6*å£1.50(moreFrmMob. ShrAcomOrSglSuplt)10, LS1 3AJ",,,,1,urgent ur awarded complimentary trip eurodisinc trav aco entry claim txt dis morefrmmob shracomorsglsuplt ls aj
spam,"Did you hear about the new \Divorce Barbie\""? It comes with all of Ken's stuff!""",,,,1,hear new divorce barbie comes ken stuff
ham,I plane to give on this month end.,,,,0,plane give month end
ham,Wah lucky man... Then can save money... Hee...,,,,0,wah lucky man save money hee
ham,Finished class where are you.,,,,0,finished class
ham,HI BABE IM AT HOME NOW WANNA DO SOMETHING? XX,,,,0,hi babe im home wan na something xx
ham,K..k:)where are you?how did you performed?,,,,0,k k performed
ham,U can call me now...,,,,0,u call
ham,I am waiting machan. Call me once you free.,,,,0,waiting machan call free
ham,Thats cool. i am a gentleman and will treat you with dignity and respect.,,,,0,thats cool gentleman treat dignity respect
ham,I like you peoples very much:) but am very shy pa.,,,,0,like peoples much shy pa
ham,Does not operate after  &lt;#&gt;  or what,,,,0,operate lt gt
ham,Its not the same here. Still looking for a job. How much do Ta's earn there.,,,,0,still looking job much ta earn
ham,"Sorry, I'll call later",,,,0,sorry call later
ham,K. Did you call me just now ah? ,,,,0,k call ah
ham,Ok i am on the way to home hi hi,,,,0,ok way home hi hi
ham,You will be in the place of that man,,,,0,place man
ham,Yup next stop.,,,,0,yup next stop
ham,"I call you later, don't have network. If urgnt, sms me.",,,,0,call later network urgnt sms
ham,For real when u getting on yo? I only need 2 more tickets and one more jacket and I'm done. I already used all my multis.,,,,0,real u getting yo need tickets one jacket done already used multis
ham,Yes I started to send requests to make it but pain came back so I'm back in bed. Double coins at the factory too. I gotta cash in all my nitros.,,,,0,yes started send requests make pain came back back bed double coins factory got ta cash nitros
ham,I'm really not up to it still tonight babe,,,,0,really still tonight babe
ham,"Ela kano.,il download, come wen ur free..",,,,0,ela kano il download come wen ur free
ham,Yeah do! DonÛ÷t stand to close tho- youÛ÷ll catch something!,,,,0,yeah stand close tho catch something
ham,Sorry to be a pain. Is it ok if we meet another night? I spent late afternoon in casualty and that means i haven't done any of y stuff42moro and that includes all my time sheets and that. Sorry. ,,,,0,sorry pain ok meet another night spent late afternoon casualty means done stuff moro includes time sheets sorry
ham,Smile in Pleasure Smile in Pain Smile when trouble pours like Rain Smile when sum1 Hurts U Smile becoz SOMEONE still Loves to see u Smiling!!,,,,0,smile pleasure smile pain smile trouble pours like rain smile sum hurts u smile becoz someone still loves see u smiling
spam,Please call our customer service representative on 0800 169 6031 between 10am-9pm as you have WON a guaranteed å£1000 cash or å£5000 prize!,,,,1,please call customer service representative pm guaranteed cash prize
ham,Havent planning to buy later. I check already lido only got 530 show in e afternoon. U finish work already?,,,,0,havent planning buy later check already lido got show e afternoon u finish work already
spam,"Your free ringtone is waiting to be collected. Simply text the password \MIX\"" to 85069 to verify. Get Usher and Britney. FML", PO Box 5249," MK17 92H. 450Ppw 16""",,1,free ringtone waiting collected simply text password mix verify get usher britney fml
ham,Watching telugu movie..wat abt u?,,,,0,watching telugu movie wat abt u
ham,i see. When we finish we have loads of loans to pay,,,,0,see finish loads loans pay
ham,"Hi. Wk been ok - on hols now! Yes on for a bit of a run. Forgot that i have hairdressers appointment at four so need to get home n shower beforehand. Does that cause prob for u?\""ham""",,,,0,hi wk ok hols yes bit run forgot hairdressers appointment four need get home n shower beforehand cause prob u ham
ham,Please don't text me anymore. I have nothing else to say.,,,,0,please text anymore nothing else say
ham,Okay name ur price as long as its legal! Wen can I pick them up? Y u ave x ams xx,,,,0,okay name ur price long legal wen pick u ave x ams xx
ham,I'm still looking for a car to buy. And have not gone 4the driving test yet.,,,,0,still looking car buy gone driving test yet
ham,"wow. You're right! I didn't mean to do that. I guess once i gave up on boston men and changed my search location to nyc, something changed. Cuz on my signin page it still says boston.",,,,0,wow right mean guess gave boston men changed search location nyc something changed cuz signin page still says boston
ham,Umma my life and vava umma love you lot dear,,,,0,umma life vava umma love lot dear
ham,Thanks a lot for your wishes on my birthday. Thanks you for making my birthday truly memorable.,,,,0,thanks lot wishes birthday thanks making birthday truly memorable
ham,"Aight, I'll hit you up when I get some cash",,,,0,aight hit get cash
ham,How would my ip address test that considering my computer isn't a minecraft server,,,,0,would ip address test considering computer minecraft server
ham,I know! Grumpy old people. My mom was like you better not be lying. Then again I am always the one to play jokes...,,,,0,know grumpy old people mom like better lying always one play jokes
ham,Dont worry. I guess he's busy.,,,,0,dont worry guess busy
ham,What is the plural of the noun research?,,,,0,plural noun research
ham,Going for dinner.msg you after.,,,,0,going dinner msg
ham,I'm ok wif it cos i like 2 try new things. But i scared u dun like mah. Cos u said not too loud.,,,,0,ok wif cos like try new things scared u dun like mah cos u said loud
spam,GENT! We are trying to contact you. Last weekends draw shows that you won a å£1000 prize GUARANTEED. Call 09064012160. Claim Code K52. Valid 12hrs only. 150ppm,,,,1,gent trying contact last weekends draw shows prize guaranteed call claim code k valid hrs ppm
ham,"Wa, ur openin sentence very formal... Anyway, i'm fine too, juz tt i'm eatin too much n puttin on weight...Haha... So anythin special happened?",,,,0,wa ur openin sentence formal anyway fine juz tt eatin much n puttin weight haha anythin special happened
ham,"As I entered my cabin my PA said, '' Happy B'day Boss !!''. I felt special. She askd me 4 lunch. After lunch she invited me to her apartment. We went there.",,,,0,entered cabin pa said happy b day boss felt special askd lunch lunch invited apartment went
spam,You are a winner U have been specially selected 2 receive å£1000 or a 4* holiday (flights inc) speak to a live operator 2 claim 0871277810910p/min (18+) ,,,,1,winner u specially selected receive holiday flights inc speak live operator claim p min
ham,Goodo! Yes we must speak friday - egg-potato ratio for tortilla needed! ,,,,0,goodo yes must speak friday egg potato ratio tortilla needed
ham,Hmm...my uncle just informed me that he's paying the school directly. So pls buy food.,,,,0,hmm uncle informed paying school directly pls buy food
spam,PRIVATE! Your 2004 Account Statement for 07742676969 shows 786 unredeemed Bonus Points. To claim call 08719180248 Identifier Code: 45239 Expires,,,,1,private account statement shows unredeemed bonus points claim call identifier code expires
spam,"URGENT! Your Mobile No. was awarded å£2000 Bonus Caller Prize on 5/9/03 This is our final try to contact U! Call from Landline 09064019788 BOX42WR29C, 150PPM",,,,1,urgent mobile awarded bonus caller prize final try contact u call landline box wr c ppm
ham,here is my new address -apples&pairs&all that malarky,,,,0,new address apples pairs malarky
spam,Todays Voda numbers ending 7548 are selected to receive a $350 award. If you have a match please call 08712300220 quoting claim code 4041 standard rates app,,,,1,todays voda numbers ending selected receive award match please call quoting claim code standard rates app
ham,I am going to sao mu today. Will be done only at 12 ,,,,0,going sao mu today done
ham,ÌÏ predict wat time Ì_'ll finish buying?,,,,0,predict wat time finish buying
ham,"Good stuff, will do.",,,,0,good stuff
ham,"Just so that you know,yetunde hasn't sent money yet. I just sent her a text not to bother sending. So its over, you dont have to involve yourself in anything. I shouldn't have imposed anything on you in the first place so for that, i apologise.",,,,0,know yetunde sent money yet sent text bother sending dont involve anything imposed anything first place apologise
ham,Are you there in room.,,,,0,room
ham,HEY GIRL. HOW R U? HOPE U R WELL ME AN DEL R BAK! AGAIN LONG TIME NO C! GIVE ME A CALL SUM TIME FROM LUCYxx,,,,0,hey girl r u hope u r well del r bak long time c give call sum time lucyxx
ham,K..k:)how much does it cost?,,,,0,k k much cost
ham,I'm home.,,,,0,home
ham,"Dear, will call Tmorrow.pls accomodate.",,,,0,dear call tmorrow pls accomodate
ham,First answer my question.,,,,0,first answer question
spam,Sunshine Quiz Wkly Q! Win a top Sony DVD player if u know which country the Algarve is in? Txt ansr to 82277. å£1.50 SP:Tyrone,,,,1,sunshine quiz wkly q win top sony dvd player u know country algarve txt ansr sp tyrone
spam,Want 2 get laid tonight? Want real Dogging locations sent direct 2 ur mob? Join the UK's largest Dogging Network bt Txting GRAVEL to 69888! Nt. ec2a. 31p.msg@150p,,,,1,want get laid tonight want real dogging locations sent direct ur mob join uk largest dogging network bt txting gravel nt ec p msg p
ham,I only haf msn. It's yijue@hotmail.com,,,,0,haf msn yijue hotmail com
ham,He is there. You call and meet him,,,,0,call meet
ham,No no. I will check all rooms befor activities,,,,0,check rooms befor activities
spam,You'll not rcv any more msgs from the chat svc. For FREE Hardcore services text GO to: 69988 If u get nothing u must Age Verify with yr network & try again,,,,1,rcv msgs chat svc free hardcore services text go u get nothing u must age verify yr network try
ham,Got c... I lazy to type... I forgot Ì_ in lect... I saw a pouch but like not v nice...,,,,0,got c lazy type forgot lect saw pouch like v nice
ham,"K, text me when you're on the way",,,,0,k text way
ham,"Sir, Waiting for your mail.",,,,0,sir waiting mail
ham,"A swt thought: \Nver get tired of doing little things 4 lovable persons..\"" Coz..somtimes those little things occupy d biggest part in their Hearts.. Gud ni8""",,,,0,swt thought nver get tired little things lovable persons coz somtimes little things occupy biggest part hearts gud ni
ham,I know you are. Can you pls open the back?,,,,0,know pls open back
ham,Yes see ya not on the dot,,,,0,yes see ya dot
ham,Whats the staff name who is taking class for us?,,,,0,whats staff name taking class us
spam,"FreeMsg Why haven't you replied to my text? I'm Randy, sexy, female and live local. Luv to hear from u. Netcollex Ltd 08700621170150p per msg reply Stop to end",,,,1,freemsg replied text randy sexy female live local luv hear u netcollex ltd p per msg reply stop end
ham,Ummma.will call after check in.our life will begin from qatar so pls pray very hard.,,,,0,ummma call check life begin qatar pls pray hard
ham,K..i deleted my contact that why?,,,,0,k deleted contact
ham,Sindu got job in birla soft ..,,,,0,sindu got job birla soft
ham,The wine is flowing and i'm i have nevering..,,,,0,wine flowing nevering
ham,Yup i thk cine is better cos no need 2 go down 2 plaza mah.,,,,0,yup thk cine better cos need go plaza mah
ham,Ok... Ur typical reply...,,,,0,ok ur typical reply
ham,"You are everywhere dirt, on the floor, the windows, even on my shirt. And sometimes when i open my mouth, you are all that comes flowing out. I dream of my world without you, then half my chores are out too. A time of joy for me, lots of tv shows i.ll see. But i guess like all things you just must exist, like rain, hail and mist, and when my time here is done, you and i become one.",,,,0,everywhere dirt floor windows even shirt sometimes open mouth comes flowing dream world without half chores time joy lots tv shows see guess like things must exist like rain hail mist time done become one
ham,Aaooooright are you at work?,,,,0,aaooooright work
ham,I'm leaving my house now...,,,,0,leaving house
ham,"Hello, my love. What are you doing? Did you get to that interview today? Are you you happy? Are you being a good boy? Do you think of me?Are you missing me ?",,,,0,hello love get interview today happy good boy think missing
spam,Customer service annoncement. You have a New Years delivery waiting for you. Please call 07046744435 now to arrange delivery,,,,1,customer service annoncement new years delivery waiting please call arrange delivery
spam,You are a winner U have been specially selected 2 receive å£1000 cash or a 4* holiday (flights inc) speak to a live operator 2 claim 0871277810810,,,,1,winner u specially selected receive cash holiday flights inc speak live operator claim
ham,Keep yourself safe for me because I need you and I miss you already and I envy everyone that see's you in real life,,,,0,keep safe need miss already envy everyone see real life
ham,New car and house for my parents.:)i have only new job in hand:),,,,0,new car house parents new job hand
ham,I'm so in love with you. I'm excited each day i spend with you. You make me so happy.,,,,0,love excited day spend make happy
spam,-PLS STOP bootydelious (32/F) is inviting you to be her friend. Reply YES-434 or NO-434 See her: www.SMS.ac/u/bootydelious STOP? Send STOP FRND to 62468,,,,1,pls stop bootydelious f inviting friend reply yes see www sms ac u bootydelious stop send stop frnd
spam,"BangBabes Ur order is on the way. U SHOULD receive a Service Msg 2 download UR content. If U do not, GoTo wap. bangb. tv on UR mobile internet/service menu",,,,1,bangbabes ur order way u receive service msg download ur content u goto wap bangb tv ur mobile internet service menu
ham,I place all ur points on e cultures module already.,,,,0,place ur points e cultures module already
spam,URGENT! We are trying to contact you. Last weekends draw shows that you have won a å£900 prize GUARANTEED. Call 09061701939. Claim code S89. Valid 12hrs only,,,,1,urgent trying contact last weekends draw shows prize guaranteed call claim code valid hrs
ham,"Hi frnd, which is best way to avoid missunderstding wit our beloved one's?",,,,0,hi frnd best way avoid missunderstding wit beloved one
ham,Great escape. I fancy the bridge but needs her lager. See you tomo ,,,,0,great escape fancy bridge needs lager see tomo
ham,Yes :)it completely in out of form:)clark also utter waste.,,,,0,yes completely form clark also utter waste
ham,"Sir, I need AXIS BANK account no and bank address.",,,,0,sir need axis bank account bank address
ham,"Hmmm.. Thk sure got time to hop ard... Ya, can go 4 free abt... Muz call u to discuss liao... ",,,,0,hmmm thk sure got time hop ard ya go free abt muz call u discuss liao
ham,What time you coming down later? ,,,,0,time coming later
ham,"Bloody hell, cant believe you forgot my surname Mr . Ill give u a clue, its spanish and begins with m... ",,,,0,bloody hell cant believe forgot surname mr ill give u clue spanish begins
ham,"Well, i'm gonna finish my bath now. Have a good...fine night.",,,,0,well gon na finish bath good fine night
ham,Let me know when you've got the money so carlos can make the call,,,,0,let know got money carlos make call
ham,U still going to the mall?,,,,0,u still going mall
ham,"Turns out my friends are staying for the whole show and won't be back til ~ &lt;#&gt; , so feel free to go ahead and smoke that $ &lt;#&gt;  worth",,,,0,turns friends staying whole show back til lt gt feel free go ahead smoke lt gt worth
ham,Text her. If she doesnt reply let me know so i can have her log in,,,,0,text doesnt reply let know log
ham,Hi! You just spoke to MANEESHA V. We'd like to know if you were satisfied with the experience. Reply Toll Free with Yes or No.,,,,0,hi spoke maneesha v like know satisfied experience reply toll free yes
ham,You lifted my hopes with the offer of money. I am in need. Especially when the end of the month approaches and it hurts my studying. Anyways have a gr8 weekend,,,,0,lifted hopes offer money need especially end month approaches hurts studying anyways gr weekend
ham,Lol no. U can trust me.,,,,0,lol u trust
ham,ok. I am a gentleman and will treat you with dignity and respect.,,,,0,ok gentleman treat dignity respect
ham,"He will, you guys close?",,,,0,guys close
ham,Going on nothing great.bye,,,,0,going nothing great bye
ham,Hello handsome ! Are you finding that job ? Not being lazy ? Working towards getting back that net for mummy ? Where's my boytoy now ? Does he miss me ?,,,,0,hello handsome finding job lazy working towards getting back net mummy boytoy miss
ham,"Haha awesome, be there in a minute",,,,0,haha awesome minute
spam,Please call our customer service representative on FREEPHONE 0808 145 4742 between 9am-11pm as you have WON a guaranteed å£1000 cash or å£5000 prize!,,,,1,please call customer service representative freephone pm guaranteed cash prize
ham,Have you got Xmas radio times. If not i will get it now,,,,0,got xmas radio times get
ham,I jus reached home. I go bathe first. But my sis using net tell u when she finishes k...,,,,0,jus reached home go bathe first sis using net tell u finishes k
spam,Are you unique enough? Find out from 30th August. www.areyouunique.co.uk,,,,1,unique enough find th august www areyouunique co uk
ham,I'm sorry. I've joined the league of people that dont keep in touch. You mean a great deal to me. You have been a friend at all times even at great personal cost. Do have a great week.|,,,,0,sorry joined league people dont keep touch mean great deal friend times even great personal cost great week
ham,Hi :)finally i completed the course:),,,,0,hi finally completed course
ham,It will stop on itself. I however suggest she stays with someone that will be able to give ors for every stool.,,,,0,stop however suggest stays someone able give ors every stool
ham,How are you doing? Hope you've settled in for the new school year. Just wishin you a gr8 day,,,,0,hope settled new school year wishin gr day
ham,Gud mrng dear hav a nice day,,,,0,gud mrng dear hav nice day
ham,Did u got that persons story,,,,0,u got persons story
ham,is your hamster dead? Hey so tmr i meet you at 1pm orchard mrt? ,,,,0,hamster dead hey tmr meet pm orchard mrt
ham,Hi its Kate how is your evening? I hope i can see you tomorrow for a bit but i have to bloody babyjontet! Txt back if u can. :) xxx,,,,0,hi kate evening hope see tomorrow bit bloody babyjontet txt back u xxx
ham,"Found it, ENC  &lt;#&gt; , where you at?",,,,0,found enc lt gt
ham,I sent you  &lt;#&gt;  bucks,,,,0,sent lt gt bucks
ham,Hello darlin ive finished college now so txt me when u finish if u can love Kate xxx,,,,0,hello darlin ive finished college txt u finish u love kate xxx
ham,Your account has been refilled successfully by INR  &lt;DECIMAL&gt; . Your KeralaCircle prepaid account balance is Rs  &lt;DECIMAL&gt; . Your Transaction ID is KR &lt;#&gt; .,,,,0,account refilled successfully inr lt decimal gt keralacircle prepaid account balance rs lt decimal gt transaction id kr lt gt
ham,Goodmorning sleeping ga.,,,,0,goodmorning sleeping ga
ham,U call me alter at 11 ok.,,,,0,u call alter ok
ham,ÌÏ say until like dat i dun buy ericsson oso cannot oredi lar...,,,,0,say like dat dun buy ericsson oso oredi lar
ham,"Aight yo, dats straight dogg",,,,0,aight yo dats straight dogg
ham,You please give us connection today itself before  &lt;DECIMAL&gt;  or refund the bill,,,,0,please give us connection today lt decimal gt refund bill
ham,Both :) i shoot big loads so get ready!,,,,0,shoot big loads get ready
ham,"What's up bruv, hope you had a great break. Do have a rewarding semester.",,,,0,bruv hope great break rewarding semester
ham,Home so we can always chat,,,,0,home always chat
ham,K:)k:)good:)study well.,,,,0,k k good study well
ham,Yup... How Ì_ noe leh...,,,,0,yup noe leh
ham,Sounds great! Are you home now?,,,,0,sounds great home
ham,Finally the match heading towards draw as your prediction.,,,,0,finally match heading towards draw prediction
ham,Tired. I haven't slept well the past few nights.,,,,0,tired slept well past nights
ham,Easy ah?sen got selected means its good..,,,,0,easy ah sen got selected means good
ham,I have to take exam with march 3,,,,0,take exam march
ham,Yeah you should. I think you can use your gt atm now to register. Not sure but if there's anyway i can help let me know. But when you do be sure you are ready.,,,,0,yeah think use gt atm register sure anyway help let know sure ready
ham,Ok no prob. Take ur time.,,,,0,ok prob take ur time
ham,There is os called ubandu which will run without installing in hard disk...you can use that os to copy the important files in system and give it to repair shop..,,,,0,os called ubandu run without installing hard disk use os copy important files system give repair shop
ham,U say leh... Of course nothing happen lar. Not say v romantic jus a bit only lor. I thk e nite scenery not so nice leh.,,,,0,u say leh course nothing happen lar say v romantic jus bit lor thk e nite scenery nice leh
spam,"500 New Mobiles from 2004, MUST GO! Txt: NOKIA to No: 89545 & collect yours today!From ONLY å£1 www.4-tc.biz 2optout 087187262701.50gbp/mtmsg18",,,,1,new mobiles must go txt nokia collect today www tc biz optout gbp mtmsg
ham,Would really appreciate if you call me. Just need someone to talk to.,,,,0,would really appreciate call need someone talk
spam,"Will u meet ur dream partner soon? Is ur career off 2 a flyng start? 2 find out free, txt HORO followed by ur star sign, e. g. HORO ARIES",,,,1,u meet ur dream partner soon ur career flyng start find free txt horo followed ur star sign e g horo aries
ham,Hey company elama po mudyadhu.,,,,0,hey company elama po mudyadhu
ham,"Life is more strict than teacher... Bcoz Teacher teaches lesson &amp; then conducts exam, But Life first conducts Exam &amp; then teaches Lessons. Happy morning. . .",,,,0,life strict teacher bcoz teacher teaches lesson amp conducts exam life first conducts exam amp teaches lessons happy morning
ham,Dear good morning now only i am up,,,,0,dear good morning
ham,Get down in gandhipuram and walk to cross cut road. Right side &lt;#&gt; street road and turn at first right.,,,,0,get gandhipuram walk cross cut road right side lt gt street road turn first right
ham,Dear we are going to our rubber place,,,,0,dear going rubber place
ham,"Sorry battery died, yeah I'm here",,,,0,sorry battery died yeah
ham,Yes:)here tv is always available in work place..,,,,0,yes tv always available work place
spam,Text & meet someone sexy today. U can find a date or even flirt its up to U. Join 4 just 10p. REPLY with NAME & AGE eg Sam 25. 18 -msg recd@thirtyeight pence,,,,1,text meet someone sexy today u find date even flirt u join p reply name age eg sam msg recd thirtyeight pence
ham,I have printed it oh. So  &lt;#&gt;  come upstairs,,,,0,printed oh lt gt come upstairs
ham,Or ill be a little closer like at the bus stop on the same street,,,,0,ill little closer like bus stop street
ham,Where are you?when wil you reach here?,,,,0,wil reach
ham,"New Theory: Argument wins d SITUATION, but loses the PERSON. So dont argue with ur friends just.. . . . kick them &amp; say, I'm always correct.!",,,,0,new theory argument wins situation loses person dont argue ur friends kick amp say always correct
spam,U 447801259231 have a secret admirer who is looking 2 make contact with U-find out who they R*reveal who thinks UR so special-call on 09058094597,,,,1,u secret admirer looking make contact u find r reveal thinks ur special call
ham,Tomarrow final hearing on my laptop case so i cant.,,,,0,tomarrow final hearing laptop case cant
ham,PLEASSSSSSSEEEEEE TEL ME V AVENT DONE SPORTSx,,,,0,pleassssssseeeeee tel v avent done sportsx
ham,"Okay. No no, just shining on. That was meant to be signing, but that sounds better.",,,,0,okay shining meant signing sounds better
ham,"Although i told u dat i'm into baig face watches now but i really like e watch u gave cos it's fr u. Thanx 4 everything dat u've done today, i'm touched...",,,,0,although told u dat baig face watches really like e watch u gave cos fr u thanx everything dat u done today touched
ham,U don't remember that old commercial?,,,,0,u remember old commercial
ham,Too late. I said i have the website. I didn't i have or dont have the slippers,,,,0,late said website dont slippers
ham,I asked you to call him now ok,,,,0,asked call ok
ham,Kallis wont bat in 2nd innings.,,,,0,kallis wont bat nd innings
ham,It didnt work again oh. Ok goodnight then. I.ll fix and have it ready by the time you wake up. You are very dearly missed have a good night sleep.,,,,0,didnt work oh ok goodnight fix ready time wake dearly missed good night sleep
spam,Congratulations ur awarded 500 of CD vouchers or 125gift guaranteed & Free entry 2 100 wkly draw txt MUSIC to 87066 TnCs www.Ldew.com1win150ppmx3age16,,,,1,congratulations ur awarded cd vouchers gift guaranteed free entry wkly draw txt music tncs www ldew com win ppmx age
ham,Ranjith cal drpd Deeraj and deepak 5min hold,,,,0,ranjith cal drpd deeraj deepak min hold
ham,"Wen ur lovable bcums angry wid u, dnt take it seriously.. Coz being angry is d most childish n true way of showing deep affection, care n luv!.. kettoda manda... Have nice day da.",,,,0,wen ur lovable bcums angry wid u dnt take seriously coz angry childish n true way showing deep affection care n luv kettoda manda nice day da
ham,What you doing?how are you?,,,,0,
ham,"Ups which is 3days also, and the shipping company that takes 2wks. The other way is usps which takes a week but when it gets to lag you may have to bribe nipost to get your stuff.",,,,0,ups days also shipping company takes wks way usps takes week gets lag may bribe nipost get stuff
ham,"I'm back, lemme know when you're ready",,,,0,back lem know ready
ham,Don't necessarily expect it to be done before you get back though because I'm just now headin out,,,,0,necessarily expect done get back though headin
ham,Mmm so yummy babe ... Nice jolt to the suzy,,,,0,mmm yummy babe nice jolt suzy
ham,Where are you lover ? I need you ...,,,,0,lover need
spam,We tried to contact you re your reply to our offer of a Video Handset? 750 anytime networks mins? UNLIMITED TEXT? Camcorder? Reply or call 08000930705 NOW,,,,1,tried contact reply offer video handset anytime networks mins unlimited text camcorder reply call
ham,IÛ÷m parked next to a MINI!!!! When are you coming in today do you think?,,,,0,parked next mini coming today think
ham,Yup,,,,0,yup
ham,Anyway i'm going shopping on my own now. Cos my sis not done yet. Dun disturb u liao.,,,,0,anyway going shopping cos sis done yet dun disturb u liao
ham,MY NO. IN LUTON 0125698789 RING ME IF UR AROUND! H*,,,,0,luton ring ur around h
spam,Hey I am really horny want to chat or see me naked text hot to 69698 text charged at 150pm to unsubscribe text stop 69698,,,,1,hey really horny want chat see naked text hot text charged pm unsubscribe text stop
ham,Why you Dint come with us.,,,,0,dint come us
ham,Same. Wana plan a trip sometme then,,,,0,wana plan trip sometme
ham,"Not sure yet, still trying to get a hold of him",,,,0,sure yet still trying get hold
spam,Ur ringtone service has changed! 25 Free credits! Go to club4mobiles.com to choose content now! Stop? txt CLUB STOP to 87070. 150p/wk Club4 PO Box1146 MK45 2WT,,,,1,ur ringtone service changed free credits go club mobiles com choose content stop txt club stop p wk club po box mk wt
ham,The evo. I just had to download flash. Jealous?,,,,0,evo download flash jealous
spam,Ringtone Club: Get the UK singles chart on your mobile each week and choose any top quality ringtone! This message is free of charge.,,,,1,ringtone club get uk singles chart mobile week choose top quality ringtone message free charge
ham,"Come to mu, we're sorting out our narcotics situation",,,,0,come mu sorting narcotics situation
ham,"Night has ended for another day, morning has come in a special way. May you smile like the sunny rays and leaves your worries at the blue blue bay.",,,,0,night ended another day morning come special way may smile like sunny rays leaves worries blue blue bay
spam,HMV BONUS SPECIAL 500 pounds of genuine HMV vouchers to be won. Just answer 4 easy questions. Play Now! Send HMV to 86688 More info:www.100percent-real.com,,,,1,hmv bonus special pounds genuine hmv vouchers answer easy questions play send hmv info www percent real com
ham,"Usf I guess, might as well take 1 car",,,,0,usf guess might well take car
ham,No objection. My bf not coming.,,,,0,objection bf coming
ham,Thanx...,,,,0,thanx
ham,Tell rob to mack his gf in the theater,,,,0,tell rob mack gf theater
ham,"Awesome, I'll see you in a bit",,,,0,awesome see bit
ham,Just sent it. So what type of food do you like?,,,,0,sent type food like
ham,All done? All handed in? Celebrations in full swing yet?,,,,0,done handed celebrations full swing yet
ham,You got called a tool?,,,,0,got called tool
ham,\Wen u miss someone, the person is definitely special for u..... But if the person is so special, why to miss them," just Keep-in-touch\"" gdeve..""",0,wen u miss someone
ham,Ok. I asked for money how far,,,,0,ok asked money far
ham,Okie...,,,,0,okie
ham,"Yeah I think my usual guy's still passed out from last night, if you get ahold of anybody let me know and I'll throw down",,,,0,yeah think usual guy still passed last night get ahold anybody let know throw
ham,"K, I might come by tonight then if my class lets out early",,,,0,k might come tonight class lets early
ham,Ok..,,,,0,ok
ham,hi baby im cruisin with my girl friend what r u up 2? give me a call in and hour at home if thats alright or fone me on this fone now love jenny xxx,,,,0,hi baby im cruisin girl friend r u give call hour home thats alright fone fone love jenny xxx
ham,"My life Means a lot to me, Not because I love my life, But because I love the people in my life, The world calls them friends, I call them my World:-).. Ge:-)..",,,,0,life means lot love life love people life world calls friends call world ge
ham,"Dear,shall mail tonite.busy in the street,shall update you tonite.things are looking ok.varunnathu edukkukayee raksha ollu.but a good one in real sense.",,,,0,dear shall mail tonite busy street shall update tonite things looking ok varunnathu edukkukayee raksha ollu good one real sense
ham,Hey you told your name to gautham ah?,,,,0,hey told name gautham ah
ham,Haf u found him? I feel so stupid da v cam was working.,,,,0,haf u found feel stupid da v cam working
ham,Oops. 4 got that bit.,,,,0,oops got bit
ham,Are you this much buzy,,,,0,much buzy
ham,I accidentally deleted the message. Resend please.,,,,0,accidentally deleted message resend please
spam,T-Mobile customer you may now claim your FREE CAMERA PHONE upgrade & a pay & go sim card for your loyalty. Call on 0845 021 3680.Offer ends 28thFeb.T&C's apply,,,,1,mobile customer may claim free camera phone upgrade pay go sim card loyalty call offer ends thfeb c apply
ham,Unless it's a situation where YOU GO GURL would be more appropriate,,,,0,unless situation go gurl would appropriate
ham,Hurt me... Tease me... Make me cry... But in the end of my life when i die plz keep one rose on my grave and say STUPID I MISS U.. HAVE A NICE DAY BSLVYL,,,,0,hurt tease make cry end life die plz keep one rose grave say stupid miss u nice day bslvyl
ham,I cant pick the phone right now. Pls send a message,,,,0,cant pick phone right pls send message
ham,Need a coffee run tomo?Can't believe it's that time of week already,,,,0,need coffee run tomo believe time week already
ham,"Awesome, I remember the last time we got somebody high for the first time with diesel :V",,,,0,awesome remember last time got somebody high first time diesel v
ham,"Shit that is really shocking and scary, cant imagine for a second. Def up for night out. Do u think there is somewhere i could crash for night, save on taxi?",,,,0,shit really shocking scary cant imagine second def night u think somewhere could crash night save taxi
ham,Oh and by the way you do have more food in your fridge! Want to go out for a meal tonight? ,,,,0,oh way food fridge want go meal tonight
ham,He is a womdarfull actor,,,,0,womdarfull actor
spam,"SMS. ac Blind Date 4U!: Rodds1 is 21/m from Aberdeen, United Kingdom. Check Him out http://img. sms. ac/W/icmb3cktz8r7!-4 no Blind Dates send HIDE",,,,1,sms ac blind date u rodds aberdeen united kingdom check http img sms ac w icmb cktz r blind dates send hide
ham,Yup... From what i remb... I think should be can book... ,,,,0,yup remb think book
ham,Jos ask if u wana meet up?,,,,0,jos ask u wana meet
ham,Lol yes. Our friendship is hanging on a thread cause u won't buy stuff.,,,,0,lol yes friendship hanging thread cause u buy stuff
spam,"TheMob> Check out our newest selection of content, Games, Tones, Gossip, babes and sport, Keep your mobile fit and funky text WAP to 82468",,,,1,themob check newest selection content games tones gossip babes sport keep mobile fit funky text wap
ham,Where are the garage keys? They aren't on the bookshelf,,,,0,garage keys bookshelf
ham,Today is ACCEPT DAY..U Accept me as? Brother Sister Lover Dear1 Best1 Clos1 Lvblefrnd Jstfrnd Cutefrnd Lifpartnr Belovd Swtheart Bstfrnd No rply means enemy,,,,0,today accept day u accept brother sister lover dear best clos lvblefrnd jstfrnd cutefrnd lifpartnr belovd swtheart bstfrnd rply means enemy
spam,"Think ur smart ? Win å£200 this week in our weekly quiz, text PLAY to 85222 now!T&Cs WinnersClub PO BOX 84, M26 3UZ. 16+. GBP1.50/week",,,,1,think ur smart win week weekly quiz text play cs winnersclub po box uz gbp week
ham,He says he'll give me a call when his friend's got the money but that he's definitely buying before the end of the week,,,,0,says give call friend got money definitely buying end week
ham,"Hi the way I was with u 2day, is the normal way&this is the real me. UR unique&I hope I know u 4 the rest of mylife. Hope u find wot was lost.",,,,0,hi way u day normal way real ur unique hope know u rest mylife hope u find wot lost
ham,You made my day. Do have a great day too.,,,,0,made day great day
ham,K.k:)advance happy pongal.,,,,0,k k advance happy pongal
ham,"Hmmm... Guess we can go 4 kb n power yoga... Haha, dunno we can tahan power yoga anot... Thk got lo oso, forgot liao...",,,,0,hmmm guess go kb n power yoga haha dunno tahan power yoga anot thk got lo oso forgot liao
ham,"Not really dude, have no friends i'm afraid :(",,,,0,really dude friends afraid
spam,December only! Had your mobile 11mths+? You are entitled to update to the latest colour camera mobile for Free! Call The Mobile Update Co FREE on 08002986906,,,,1,december mobile mths entitled update latest colour camera mobile free call mobile update co free
ham,"Coffee cake, i guess...",,,,0,coffee cake guess
ham,"Merry Christmas to you too babe, i love ya *kisses*",,,,0,merry christmas babe love ya kisses
ham,Hey... Why dont we just go watch x men and have lunch... Haha ,,,,0,hey dont go watch x men lunch haha
ham,cud u tell ppl im gona b a bit l8 cos 2 buses hav gon past cos they were full & im still waitin 4 1. Pete x,,,,0,cud u tell ppl im gona b bit l cos buses hav gon past cos full im still waitin pete x
ham,That would be great. We'll be at the Guild. Could meet on Bristol road or somewhere - will get in touch over weekend. Our plans take flight! Have a good week,,,,0,would great guild could meet bristol road somewhere get touch weekend plans take flight good week
ham,No problem. How are you doing?,,,,0,problem
ham,Hi da:)how is the todays class?,,,,0,hi da todays class
ham,"I'd say that's a good sign but, well, you know my track record at reading women",,,,0,say good sign well know track record reading women
ham,"Cool, text me when you're parked",,,,0,cool text parked
ham,I'm reading the text i just sent you. Its meant to be a joke. So read it in that light,,,,0,reading text sent meant joke read light
ham,K.k:)apo k.good movie.,,,,0,k k apo k good movie
ham,Maybe i could get book out tomo then return it immediately ..? Or something.,,,,0,maybe could get book tomo return immediately something
spam,Call Germany for only 1 pence per minute! Call from a fixed line via access number 0844 861 85 85. No prepayment. Direct access!,,,,1,call germany pence per minute call fixed line via access number prepayment direct access
ham,Any chance you might have had with me evaporated as soon as you violated my privacy by stealing my phone number from your employer's paperwork. Not cool at all. Please do not contact me again or I will report you to your supervisor.,,,,0,chance might evaporated soon violated privacy stealing phone number employer paperwork cool please contact report supervisor
spam,Valentines Day Special! Win over å£1000 in our quiz and take your partner on the trip of a lifetime! Send GO to 83600 now. 150p/msg rcvd. CustCare:08718720201.,,,,1,valentines day special win quiz take partner trip lifetime send go p msg rcvd custcare
ham,"Ta-Daaaaa! I am home babe, are you still up ?",,,,0,ta daaaaa home babe still
ham,Cool. So how come you havent been wined and dined before?,,,,0,cool come havent wined dined
ham,Just sleeping..and surfing,,,,0,sleeping surfing
ham,U calling me right? Call my hand phone...,,,,0,u calling right call hand phone
ham,Ok that's great thanx a lot.,,,,0,ok great thanx lot
ham,I take it the post has come then! You must have 1000s of texts now! Happy reading. My one from wiv hello caroline at the end is my favourite. Bless him,,,,0,take post come must texts happy reading one wiv hello caroline end favourite bless
ham,Where u been hiding stranger?,,,,0,u hiding stranger
ham,Am not interested to do like that.,,,,0,interested like
ham,My sister cleared two round in birla soft yesterday.,,,,0,sister cleared two round birla soft yesterday
ham,Gudnite....tc...practice going on,,,,0,gudnite tc practice going
ham,Dis is yijue. I jus saw ur mail. In case huiming havent sent u my num. Dis is my num.,,,,0,dis yijue jus saw ur mail case huiming havent sent u num dis num
ham,One small prestige problem now.,,,,0,one small prestige problem
spam,Fancy a shag? I do.Interested? sextextuk.com txt XXUK SUZY to 69876. Txts cost 1.50 per msg. TnCs on website. X,,,,1,fancy shag interested sextextuk com txt xxuk suzy txts cost per msg tncs website x
ham,Just checking in on you. Really do miss seeing Jeremiah. Do have a great month,,,,0,checking really miss seeing jeremiah great month
ham,"Nah can't help you there, I've never had an iphone",,,,0,nah help never iphone
ham,If you're not in my car in an hour and a half I'm going apeshit,,,,0,car hour half going apeshit
ham,"TODAY is Sorry day.! If ever i was angry with you, if ever i misbehaved or hurt you? plz plz JUST SLAP URSELF Bcoz, Its ur fault, I'm basically GOOD",,,,0,today sorry day ever angry ever misbehaved hurt plz plz slap urself bcoz ur fault basically good
ham,Yo you guys ever figure out how much we need for alcohol? Jay and I are trying to figure out how much we can safely spend on weed,,,,0,yo guys ever figure much need alcohol jay trying figure much safely spend weed
ham,&lt;#&gt; ISH MINUTES WAS 5 MINUTES AGO. WTF.,,,,0,lt gt ish minutes minutes ago wtf
ham,"Thank You for calling.Forgot to say Happy Onam to you Sirji.I am fine here and remembered you when i met an insurance person.Meet You in Qatar Insha Allah.Rakhesh, ex Tata AIG who joined TISSCO,Tayseer.",,,,0,thank calling forgot say happy onam sirji fine remembered met insurance person meet qatar insha allah rakhesh ex tata aig joined tissco tayseer
spam,Ur cash-balance is currently 500 pounds - to maximize ur cash-in now send CASH to 86688 only 150p/msg. CC: 08708800282 HG/Suite342/2Lands Row/W1J6HL,,,,1,ur cash balance currently pounds maximize ur cash send cash p msg cc hg suite lands row w j hl
ham,"I'm an actor. When i work, i work in the evening and sleep late. Since i'm unemployed at the moment, i ALWAYS sleep late. When you're unemployed, every day is saturday.",,,,0,actor work work evening sleep late since unemployed moment always sleep late unemployed every day saturday
ham,"Hello! Just got here, st andrews-boy its a long way! Its cold. I will keep you posted",,,,0,hello got st andrews boy long way cold keep posted
ham,Ha ha cool cool chikku chikku:-):-DB-),,,,0,ha ha cool cool chikku chikku db
ham,Oh ok no prob..,,,,0,oh ok prob
ham,Check audrey's status right now,,,,0,check audrey status right
ham,Busy here. Trying to finish for new year. I am looking forward to finally meeting you...,,,,0,busy trying finish new year looking forward finally meeting
ham,"Good afternoon sunshine! How dawns that day ? Are we refreshed and happy to be alive? Do we breathe in the air and smile ? I think of you, my love ... As always",,,,0,good afternoon sunshine dawns day refreshed happy alive breathe air smile think love always
ham,Well i know Z will take care of me. So no worries.,,,,0,well know z take care worries
spam,"Update_Now - Xmas Offer! Latest Motorola, SonyEricsson & Nokia & FREE Bluetooth! Double Mins & 1000 Txt on Orange. Call MobileUpd8 on 08000839402 or call2optout/F4Q=",,,,1,update xmas offer latest motorola sonyericsson nokia free bluetooth double mins txt orange call mobileupd call optout f q
spam,Here is your discount code RP176781. To stop further messages reply stop. www.regalportfolio.co.uk. Customer Services 08717205546,,,,1,discount code rp stop messages reply stop www regalportfolio co uk customer services
ham,Wat uniform? In where get?,,,,0,wat uniform get
ham,"Cool, text me when you're ready",,,,0,cool text ready
ham,"Hello my boytoy ... Geeee I miss you already and I just woke up. I wish you were here in bed with me, cuddling me. I love you ...",,,,0,hello boytoy geeee miss already woke wish bed cuddling love
ham,I will spoil you in bed as well :),,,,0,spoil bed well
ham,I'm going for bath will msg you next  &lt;#&gt;  min..,,,,0,going bath msg next lt gt min
ham,I cant keep talking to people if am not sure i can pay them if they agree to price. So pls tell me what you want to really buy and how much you are willing to pay,,,,0,cant keep talking people sure pay agree price pls tell want really buy much willing pay
spam,"Thanks for your Ringtone Order, Reference T91. You will be charged GBP 4 per week. You can unsubscribe at anytime by calling customer services on 09057039994",,,,1,thanks ringtone order reference charged gbp per week unsubscribe anytime calling customer services
ham,Can you say what happen,,,,0,say happen
ham,You could have seen me..i did't recognise you Face.:),,,,0,could seen recognise face
ham,Well there's not a lot of things happening in Lindsay on New years *sighs* Some bars in Ptbo and the blue heron has something going,,,,0,well lot things happening lindsay new years sighs bars ptbo blue heron something going
ham,Keep my payasam there if rinu brings,,,,0,keep payasam rinu brings
ham,I taught that Ranjith sir called me. So only i sms like that. Becaus hes verifying about project. Prabu told today so only pa dont mistake me..,,,,0,taught ranjith sir called sms like becaus hes verifying project prabu told today pa dont mistake
ham,"I guess that's why you re worried. You must know that there's a way the body repairs itself. And i'm quite sure you shouldn't worry. We'll take it slow. First the tests, they will guide when your ovulation is then just relax. Nothing you've said is a reason to worry but i.ll keep on followin you up.",,,,0,guess worried must know way body repairs quite sure worry take slow first tests guide ovulation relax nothing said reason worry keep followin
ham,"Yeah sure, give me a couple minutes to track down my wallet",,,,0,yeah sure give couple minutes track wallet
ham,Hey leave it. not a big deal:-) take care.,,,,0,hey leave big deal take care
ham,Hey i will be late ah... Meet you at 945+,,,,0,hey late ah meet
spam,"Double mins and txts 4 6months FREE Bluetooth on Orange. Available on Sony, Nokia Motorola phones. Call MobileUpd8 on 08000839402 or call2optout/N9DX",,,,1,double mins txts months free bluetooth orange available sony nokia motorola phones call mobileupd call optout n dx
ham,It took Mr owl 3 licks,,,,0,took mr owl licks
ham,Customer place i will call you.,,,,0,customer place call
ham,Mm that time you dont like fun,,,,0,mm time dont like fun
spam,4mths half price Orange line rental & latest camera phones 4 FREE. Had your phone 11mths ? Call MobilesDirect free on 08000938767 to update now! or2stoptxt,,,,1,mths half price orange line rental latest camera phones free phone mths call mobilesdirect free update stoptxt
ham,Yup having my lunch buffet now.. U eat already?,,,,0,yup lunch buffet u eat already
ham,Huh so late... Fr dinner?,,,,0,huh late fr dinner
ham,Hey so this sat are we going for the intro pilates only? Or the kickboxing too? ,,,,0,hey sat going intro pilates kickboxing
ham,Morning only i can ok.,,,,0,morning ok
ham,Yes i think so. I am in office but my lap is in room i think thats on for the last few days. I didnt shut that down,,,,0,yes think office lap room think thats last days didnt shut
ham,Pick you up bout 7.30ish? What time are  and that going?,,,,0,pick bout ish time going
ham,From here after The performance award is calculated every two month.not for current one month period..,,,,0,performance award calculated every two month current one month period
ham,Was actually sleeping and still might when u call back. So a text is gr8. You rock sis. Will send u a text wen i wake.,,,,0,actually sleeping still might u call back text gr rock sis send u text wen wake
ham,"You are always putting your business out there. You put pictures of your ass on facebook. You are one of the most open people i've ever met. Why would i think a picture of your room would hurt you, make you feel violated.",,,,0,always putting business put pictures ass facebook one open people ever met would think picture room would hurt make feel violated
ham,"Good evening Sir, Al Salam Wahleykkum.sharing a happy news.By the grace of God, i got an offer from Tayseer,TISSCO and i joined.Hope you are fine.Inshah Allah,meet you sometime.Rakhesh,visitor from India.",,,,0,good evening sir al salam wahleykkum sharing happy news grace god got offer tayseer tissco joined hope fine inshah allah meet sometime rakhesh visitor india
ham,Hmmm...k...but i want to change the field quickly da:-)i wanna get system administrator or network administrator..,,,,0,hmmm k want change field quickly da wan na get system administrator network administrator
spam,"FREE RINGTONE text FIRST to 87131 for a poly or text GET to 87131 for a true tone! Help? 0845 2814032 16 after 1st free, tones are 3xå£150pw to eå£nd txt stop",,,,1,free ringtone text first poly text get true tone help st free tones x pw e nd txt stop
ham,Dear how is chechi. Did you talk to her,,,,0,dear chechi talk
ham,The hair cream has not been shipped.,,,,0,hair cream shipped
ham,None of that's happening til you get here though,,,,0,none happening til get though
ham,"Yep, the great loxahatchee xmas tree burning of  &lt;#&gt;  starts in an hour",,,,0,yep great loxahatchee xmas tree burning lt gt starts hour
ham,"Haha get used to driving to usf man, I know a lot of stoners",,,,0,haha get used driving usf man know lot stoners
ham,All was well until slightly disastrous class this pm with my fav darlings! Hope day off ok. Coffee wld be good as can't stay late tomorrow. Same time + place as always?,,,,0,well slightly disastrous class pm fav darlings hope day ok coffee wld good stay late tomorrow time place always
ham,Hello! Good week? Fancy a drink or something later?,,,,0,hello good week fancy drink something later
ham,Headin towards busetop,,,,0,headin towards busetop
ham,Message:some text missing* Sender:Name Missing* *Number Missing *Sent:Date missing *Missing U a lot thats y everything is missing sent via fullonsms.com,,,,0,message text missing sender name missing number missing sent date missing missing u lot thats everything missing sent via fullonsms com
ham,Come by our room at some point so we can iron out the plan for this weekend,,,,0,come room point iron plan weekend
ham,Cos i want it to be your thing,,,,0,cos want thing
ham,"Okies... I'll go yan jiu too... We can skip ard oso, go cine den go mrt one, blah blah blah... ",,,,0,okies go yan jiu skip ard oso go cine den go mrt one blah blah blah
ham,Bring home some Wendy =D,,,,0,bring home wendy
spam,100 dating service cal;l 09064012103 box334sk38ch,,,,1,dating service cal l box sk ch
ham,Whatsup there. Dont u want to sleep,,,,0,whatsup dont u want sleep
ham,Alright i have a new goal now,,,,0,alright new goal
spam,FREE entry into our å£250 weekly competition just text the word WIN to 80086 NOW. 18 T&C www.txttowin.co.uk,,,,1,free entry weekly competition text word win c www txttowin co uk
ham,"Alright, I'll head out in a few minutes, text me where to meet you",,,,0,alright head minutes text meet
spam,Send a logo 2 ur lover - 2 names joined by a heart. Txt LOVE NAME1 NAME2 MOBNO eg LOVE ADAM EVE 07123456789 to 87077 Yahoo! POBox36504W45WQ TxtNO 4 no ads 150p,,,,1,send logo ur lover names joined heart txt love name name mobno eg love adam eve yahoo pobox w wq txtno ads p
ham,Yes:)from last week itself i'm taking live call.,,,,0,yes last week taking live call
spam,Someone has contacted our dating service and entered your phone because they fancy you! To find out who it is call from a landline 09111032124 . PoBox12n146tf150p,,,,1,someone contacted dating service entered phone fancy find call landline pobox n tf p
ham,Siva is in hostel aha:-.,,,,0,siva hostel aha
spam,URGENT! Your Mobile number has been awarded with a å£2000 prize GUARANTEED. Call 09058094455 from land line. Claim 3030. Valid 12hrs only,,,,1,urgent mobile number awarded prize guaranteed call land line claim valid hrs
ham,Send this to ur friends and receive something about ur voice..... How is my speaking expression? 1.childish 2.naughty 3.Sentiment 4.rowdy 5.ful of attitude 6.romantic 7.shy 8.Attractive 9.funny  &lt;#&gt; .irritating  &lt;#&gt; .lovable. reply me..,,,,0,send ur friends receive something ur voice speaking expression childish naughty sentiment rowdy ful attitude romantic shy attractive funny lt gt irritating lt gt lovable reply
ham,Ok. She'll be ok. I guess,,,,0,ok ok guess
ham,aathi..where are you dear..,,,,0,aathi dear
ham,Any pain on urination any thing else?,,,,0,pain urination thing else
ham,7 at esplanade.. Do Ì_ mind giving me a lift cos i got no car today..,,,,0,esplanade mind giving lift cos got car today
ham,I wnt to buy a BMW car urgently..its vry urgent.but hv a shortage of  &lt;#&gt; Lacs.there is no source to arng dis amt. &lt;#&gt; lacs..thats my prob,,,,0,wnt buy bmw car urgently vry urgent hv shortage lt gt lacs source arng dis amt lt gt lacs thats prob
ham,At home watching tv lor.,,,,0,home watching tv lor
ham,Does she usually take fifteen fucking minutes to respond to a yes or no question,,,,0,usually take fifteen fucking minutes respond yes question
spam,Congrats! Nokia 3650 video camera phone is your Call 09066382422 Calls cost 150ppm Ave call 3mins vary from mobiles 16+ Close 300603 post BCM4284 Ldn WC1N3XX,,,,1,congrats nokia video camera phone call calls cost ppm ave call mins vary mobiles close post bcm ldn wc n xx
ham,Booked ticket for pongal?,,,,0,booked ticket pongal
ham,You available now? I'm like right around hillsborough &amp;  &lt;#&gt; th,,,,0,available like right around hillsborough amp lt gt th
ham,The message sent is askin for  &lt;#&gt; dollars. Shoul i pay  &lt;#&gt;  or  &lt;#&gt; ?,,,,0,message sent askin lt gt dollars shoul pay lt gt lt gt
ham,"Ask g or iouri, I've told the story like ten times already",,,,0,ask g iouri told story like ten times already
ham,How long does applebees fucking take,,,,0,long applebees fucking take
ham,"Hi hope u get this txt~journey hasnt been gd,now about 50 mins late I think.",,,,0,hi hope u get txt journey hasnt gd mins late think
ham,But i have to. I like to have love and arrange.,,,,0,like love arrange
ham,Yes..he is really great..bhaji told kallis best cricketer after sachin in world:).very tough to get out.,,,,0,yes really great bhaji told kallis best cricketer sachin world tough get
ham,You were supposed to wake ME up &gt;:(,,,,0,supposed wake gt
ham,Oic... I saw him too but i tot he din c me... I found a group liao...,,,,0,oic saw tot din c found group liao
ham,\HEY HEY WERETHE MONKEESPEOPLE SAY WE MONKEYAROUND! HOWDY GORGEOUS," HOWU DOIN? FOUNDURSELF A JOBYET SAUSAGE?LOVE JEN XXX\""""",,,0,hey hey werethe monkeespeople say monkeyaround howdy gorgeous
ham,"Sorry, my battery died, I can come by but I'm only getting a gram for now, where's your place?",,,,0,sorry battery died come getting gram place
ham,"Well done, blimey, exercise, yeah, i kinda remember wot that is, hmm. ",,,,0,well done blimey exercise yeah kinda remember wot hmm
ham,I wont get concentration dear you know you are my mind and everything :-),,,,0,wont get concentration dear know mind everything
ham,LOL ... Have you made plans for new years?,,,,0,lol made plans new years
ham,10 min later k...,,,,0,min later k
ham,hanks lotsly!,,,,0,hanks lotsly
ham,Thanks for this hope you had a good day today,,,,0,thanks hope good day today
ham,K:)k:)what are detail you want to transfer?acc no enough?,,,,0,k k detail want transfer acc enough
ham,Ok i will tell her to stay out. Yeah its been tough but we are optimistic things will improve this month.,,,,0,ok tell stay yeah tough optimistic things improve month
spam,"Loan for any purpose å£500 - å£75,000. Homeowners + Tenants welcome. Have you been previously refused? We can still help. Call Free 0800 1956669 or text back 'help'",,,,1,loan purpose homeowners tenants welcome previously refused still help call free text back help
ham,Si si. I think ill go make those oreo truffles.,,,,0,si si think ill go make oreo truffles
ham,"LOOK AT AMY URE A BEAUTIFUL, INTELLIGENT WOMAN AND I LIKE U A LOT. I KNOW U DONåÕT LIKE ME LIKE THAT SO DONåÕT WORRY.",,,,0,look amy ure beautiful intelligent woman like u lot know u like like worry
ham,I hope you that's the result of being consistently intelligent and kind. Start asking him about practicum links and keep your ears open and all the best. ttyl,,,,0,hope result consistently intelligent kind start asking practicum links keep ears open best ttyl
ham,"1.20 that call cost. Which i guess isnt bad. Miss ya, need ya, want ya, love ya",,,,0,call cost guess isnt bad miss ya need ya want ya love ya
ham,Going thru a very different feeling.wavering decisions and coping up with the same is the same individual.time will heal everything i believe.,,,,0,going thru different feeling wavering decisions coping individual time heal everything believe
ham,Where did u go? My phone is gonna die you have to stay in here,,,,0,u go phone gon na die stay
ham,Great. Never been better. Each day gives even more reasons to thank God,,,,0,great never better day gives even reasons thank god
spam,"UpgrdCentre Orange customer, you may now claim your FREE CAMERA PHONE upgrade for your loyalty. Call now on 0207 153 9153. Offer ends 26th July. T&C's apply. Opt-out available",,,,1,upgrdcentre orange customer may claim free camera phone upgrade loyalty call offer ends th july c apply opt available
ham,"Sorry, I'll call later ok bye",,,,0,sorry call later ok bye
ham,Ok i am on the way to railway,,,,0,ok way railway
ham,great princess! I love giving and receiving oral. Doggy style is my fave position. How about you? I enjoy making love  &lt;#&gt;  times per night :),,,,0,great princess love giving receiving oral doggy style fave position enjoy making love lt gt times per night
ham,They don't put that stuff on the roads to keep it from getting slippery over there?,,,,0,put stuff roads keep getting slippery
ham,When are you going to ride your bike?,,,,0,going ride bike
ham,"Yup, no need. I'll jus wait 4 e rain 2 stop.",,,,0,yup need jus wait e rain stop
ham,There are many company. Tell me the language.,,,,0,many company tell language
spam,okmail: Dear Dave this is your final notice to collect your 4* Tenerife Holiday or #5000 CASH award! Call 09061743806 from landline. TCs SAE Box326 CW25WX 150ppm,,,,1,okmail dear dave final notice collect tenerife holiday cash award call landline tcs sae box cw wx ppm
ham,"How long has it been since you screamed, princess?",,,,0,long since screamed princess
ham,"Nothing. I meant that once the money enters your account here, the bank will remove its flat rate. Someone transfered  &lt;#&gt;  to my account and  &lt;#&gt; dollars got removed. So the banks differ and charges also differ.be sure you trust the 9ja person you are sending account details to cos...",,,,0,nothing meant money enters account bank remove flat rate someone transfered lt gt account lt gt dollars got removed banks differ charges also differ sure trust ja person sending account details cos
spam,Want 2 get laid tonight? Want real Dogging locations sent direct 2 ur Mob? Join the UK's largest Dogging Network by txting MOAN to 69888Nyt. ec2a. 31p.msg@150p,,,,1,want get laid tonight want real dogging locations sent direct ur mob join uk largest dogging network txting moan nyt ec p msg p
ham,Nice line said by a broken heart- Plz don't cum 1 more times infront of me... Other wise once again I ll trust U... Good 9t:),,,,0,nice line said broken heart plz cum times infront wise trust u good
ham,Ok I'm gonna head up to usf in like fifteen minutes,,,,0,ok gon na head usf like fifteen minutes
ham,Love you aathi..love u lot..,,,,0,love aathi love u lot
ham,Tension ah?what machi?any problem?,,,,0,tension ah machi problem
ham,"K, can I pick up another 8th when you're done?",,,,0,k pick another th done
ham,When're you guys getting back? G said you were thinking about not staying for mcr,,,,0,guys getting back g said thinking staying mcr
ham,"Almost there, see u in a sec",,,,0,almost see u sec
ham,"Yo carlos, a few friends are already asking me about you, you working at all this weekend?",,,,0,yo carlos friends already asking working weekend
ham,Watching tv lor...,,,,0,watching tv lor
ham,Thank you baby! I cant wait to taste the real thing...,,,,0,thank baby cant wait taste real thing
ham,You should change your fb to jaykwon thuglyfe falconerf,,,,0,change fb jaykwon thuglyfe falconerf
ham,If we win its really no 1 side for long time.,,,,0,win really side long time
spam,"FREE MESSAGE Activate your 500 FREE Text Messages by replying to this message with the word FREE For terms & conditions, visit www.07781482378.com",,,,1,free message activate free text messages replying message word free terms conditions visit www com
ham,Dear reached railway. What happen to you,,,,0,dear reached railway happen
ham,"Depends on quality. If you want the type i sent boye, faded glory, then about 6. If you want ralphs maybe 2",,,,0,depends quality want type sent boye faded glory want ralphs maybe
ham,I think i've fixed it can you send a test message?,,,,0,think fixed send test message
ham,"Sorry man my account's dry or I would, if you want we could trade back half or I could buy some shit with my credit card",,,,0,sorry man account dry would want could trade back half could buy shit credit card
spam,"Congrats! 1 year special cinema pass for 2 is yours. call 09061209465 now! C Suprman V, Matrix3, StarWars3, etc all 4 FREE! bx420-ip4-5we. 150pm. Dont miss out!",,,,1,congrats year special cinema pass call c suprman v matrix starwars etc free bx ip pm dont miss
ham,"Sorry,in meeting I'll call later",,,,0,sorry meeting call later
ham,What class of  &lt;#&gt;  reunion?,,,,0,class lt gt reunion
ham,Are you free now?can i call now?,,,,0,free call
ham,Got meh... When?,,,,0,got meh
ham,Nope... Think i will go for it on monday... Sorry i replied so late,,,,0,nope think go monday sorry replied late
ham,Some of them told accenture is not confirm. Is it true.,,,,0,told accenture confirm true
ham,"Kate jackson rec center before 7ish, right?",,,,0,kate jackson rec center ish right
ham,Dear i have reache room,,,,0,dear reache room
ham,"Fighting with the world is easy, u either win or lose bt fightng with some1 who is close to u is dificult if u lose - u lose if u win - u still lose.",,,,0,fighting world easy u either win lose bt fightng close u dificult u lose u lose u win u still lose
ham,When can Ì_ come out?,,,,0,come
ham,Check with nuerologist.,,,,0,check nuerologist
ham,Lolnice. I went from a fish to ..water.?,,,,0,lolnice went fish water
spam,+123 Congratulations - in this week's competition draw u have won the å£1450 prize to claim just call 09050002311 b4280703. T&Cs/stop SMS 08718727868. Over 18 only 150ppm,,,,1,congratulations week competition draw u prize claim call b cs stop sms ppm
ham,No it's waiting in e car dat's bored wat. Cos wait outside got nothing 2 do. At home can do my stuff or watch tv wat.,,,,0,waiting e car dat bored wat cos wait outside got nothing home stuff watch tv wat
ham,"Maybe westshore or hyde park village, the place near my house?",,,,0,maybe westshore hyde park village place near house
ham,You should know now. So how's anthony. Are you bringing money. I've school fees to pay and rent and stuff like that. Thats why i need your help. A friend in need....|,,,,0,know anthony bringing money school fees pay rent stuff like thats need help friend need
ham,What's the significance?,,,,0,significance
ham,Your opinion about me? 1. Over 2. Jada 3. Kusruthi 4. Lovable 5. Silent 6. Spl character 7. Not matured 8. Stylish 9. Simple Pls reply..,,,,0,opinion jada kusruthi lovable silent spl character matured stylish simple pls reply
ham,"8 at the latest, g's still there if you can scrounge up some ammo and want to give the new ak a try",,,,0,latest g still scrounge ammo want give new ak try
ham,Prabha..i'm soryda..realy..frm heart i'm sory,,,,0,prabha soryda realy frm heart sory
ham,Lol ok your forgiven :),,,,0,lol ok forgiven
ham,No..jst change tat only..,,,,0,jst change tat
spam,"You are guaranteed the latest Nokia Phone, a 40GB iPod MP3 player or a å£500 prize! Txt word: COLLECT to No: 83355! IBHltd LdnW15H 150p/Mtmsgrcvd18+",,,,1,guaranteed latest nokia phone gb ipod mp player prize txt word collect ibhltd ldnw h p mtmsgrcvd
ham,S:)no competition for him.,,,,0,competition
spam,Boltblue tones for 150p Reply POLY# or MONO# eg POLY3 1. Cha Cha Slide 2. Yeah 3. Slow Jamz 6. Toxic 8. Come With Me or STOP 4 more tones txt MORE,,,,1,boltblue tones p reply poly mono eg poly cha cha slide yeah slow jamz toxic come stop tones txt
spam,Your credits have been topped up for http://www.bubbletext.com Your renewal Pin is tgxxrz,,,,1,credits topped http www bubbletext com renewal pin tgxxrz
ham,"That way transport is less problematic than on sat night. By the way, if u want to ask  n  to join my bday, feel free. But need to know definite nos as booking on fri. ",,,,0,way transport less problematic sat night way u want ask n join bday feel free need know definite nos booking fri
ham,Usually the person is unconscious that's in children but in adults they may just behave abnormally. I.ll call you now,,,,0,usually person unconscious children adults may behave abnormally call
ham,But that's on ebay it might be less elsewhere.,,,,0,ebay might less elsewhere
ham,Shall i come to get pickle,,,,0,shall come get pickle
ham,Were gonna go get some tacos,,,,0,gon na go get tacos
ham,"That's very rude, you on campus?",,,,0,rude campus
spam,"URGENT!: Your Mobile No. was awarded a å£2,000 Bonus Caller Prize on 02/09/03! This is our 2nd attempt to contact YOU! Call 0871-872-9755 BOX95QU",,,,1,urgent mobile awarded bonus caller prize nd attempt contact call box qu
ham,Hi i won't b ard 4 christmas. But do enjoy n merry x'mas.,,,,0,hi b ard christmas enjoy n merry x mas
spam,"Today's Offer! Claim ur å£150 worth of discount vouchers! Text YES to 85023 now! SavaMob, member offers mobile! T Cs 08717898035. å£3.00 Sub. 16 . Unsub reply X",,,,1,today offer claim ur worth discount vouchers text yes savamob member offers mobile cs sub unsub reply x
ham,Yes! How is a pretty lady like you single?,,,,0,yes pretty lady like single
spam,You will recieve your tone within the next 24hrs. For Terms and conditions please see Channel U Teletext Pg 750,,,,1,recieve tone within next hrs terms conditions please see channel u teletext pg
ham,Jay says that you're a double-faggot,,,,0,jay says double faggot
spam,PRIVATE! Your 2003 Account Statement for 07815296484 shows 800 un-redeemed S.I.M. points. Call 08718738001 Identifier Code 41782 Expires 18/11/04 ,,,,1,private account statement shows un redeemed points call identifier code expires
ham,What Today-sunday..sunday is holiday..so no work..,,,,0,today sunday sunday holiday work
ham,I'll be late...,,,,0,late
ham,"I've not called you in a while. This is hoping it was l8r malaria and that you know that we miss you guys. I miss Bani big, so pls give her my love especially. Have a great day.",,,,0,called hoping l r malaria know miss guys miss bani big pls give love especially great day
ham,"Good afternoon, my love! How goes that day ? I hope maybe you got some leads on a job. I think of you, boytoy and send you a passionate kiss from across the sea",,,,0,good afternoon love goes day hope maybe got leads job think boytoy send passionate kiss across sea
ham,"Probably gonna be here for a while, see you later tonight &lt;)",,,,0,probably gon na see later tonight lt
ham,Or maybe my fat fingers just press all these buttons and it doesn't know what to do.,,,,0,maybe fat fingers press buttons know
ham,Ummmmmaah Many many happy returns of d day my dear sweet heart.. HAPPY BIRTHDAY dear,,,,0,ummmmmaah many many happy returns day dear sweet heart happy birthday dear
ham,"I am in tirupur da, once you started from office call me.",,,,0,tirupur da started office call
spam,from www.Applausestore.com MonthlySubscription@50p/msg max6/month T&CsC web age16 2stop txt stop,,,,1,www applausestore com monthlysubscription p msg max month csc web age stop txt stop
ham,"A famous quote : when you develop the ability to listen to 'anything' unconditionally without losing your temper or self confidence, it means you are ......... 'MARRIED'",,,,0,famous quote develop ability listen anything unconditionally without losing temper self confidence means married
ham,But am going to college pa. What to do. are else ill come there it self. Pa.,,,,0,going college pa else ill come self pa
ham,4 oclock at mine. Just to bash out a flat plan.,,,,0,oclock mine bash flat plan
ham,This girl does not stay in bed. This girl doesn't need recovery time. Id rather pass out while having fun then be cooped up in bed,,,,0,girl stay bed girl need recovery time id rather pass fun cooped bed
ham,Then any special there?,,,,0,special
ham,I know but you need to get hotel now. I just got my invitation but i had to apologise. Cali is to sweet for me to come to some english bloke's weddin,,,,0,know need get hotel got invitation apologise cali sweet come english bloke weddin
ham,"Sorry that took so long, omw now",,,,0,sorry took long omw
ham,Wait  &lt;#&gt;  min..,,,,0,wait lt gt min
ham,Ok give me 5 minutes I think I see her. BTW you're my alibi. You were cutting my hair the whole time.,,,,0,ok give minutes think see btw alibi cutting hair whole time
ham,"Imagine you finally get to sink into that bath after I have put you through your paces, maybe even having you eat me for a while before I left ... But also imagine the feel of that cage on your cock surrounded by the bath water, reminding you always who owns you ... Enjoy, my cuck",,,,0,imagine finally get sink bath put paces maybe even eat left also imagine feel cage cock surrounded bath water reminding always owns enjoy cuck
ham,"Hurry up, I've been weed-deficient for like three days",,,,0,hurry weed deficient like three days
ham,"Sure, if I get an acknowledgement from you that it's astoundingly tactless and generally faggy to demand a blood oath fo",,,,0,sure get acknowledgement astoundingly tactless generally faggy demand blood oath fo
ham,Ok. Every night take a warm bath drink a cup of milk and you'll see a work of magic. You still need to loose weight. Just so that you know,,,,0,ok every night take warm bath drink cup milk see work magic still need loose weight know
ham,IÛ÷ll have a look at the frying pan in case itÛ÷s cheap or a book perhaps. No thatÛ÷s silly a frying pan isnÛ÷t likely to be a book,,,,0,look frying pan case cheap book perhaps silly frying pan likely book
ham,O. Well uv causes mutations. Sunscreen is like essential thesedays,,,,0,well uv causes mutations sunscreen like essential thesedays
ham,Having lunch:)you are not in online?why?,,,,0,lunch online
ham,I know that my friend already told that.,,,,0,know friend already told
ham,Hi Princess! Thank you for the pics. You are very pretty. How are you?,,,,0,hi princess thank pics pretty
ham,"Aiyo... U always c our ex one... I dunno abt mei, she haven reply... First time u reply so fast... Y so lucky not workin huh, got bao by ur sugardad ah...gee.. ",,,,0,aiyo u always c ex one dunno abt mei reply first time u reply fast lucky workin huh got bao ur sugardad ah gee
ham,Hi msg me:)i'm in office..,,,,0,hi msg office
ham,Thanx 4 e brownie it's v nice...,,,,0,thanx e brownie v nice
ham,Geeeee ... I love you so much I can barely stand it,,,,0,geeeee love much barely stand
spam,GENT! We are trying to contact you. Last weekends draw shows that you won a å£1000 prize GUARANTEED. Call 09064012160. Claim Code K52. Valid 12hrs only. 150ppm ,,,,1,gent trying contact last weekends draw shows prize guaranteed call claim code k valid hrs ppm
ham,"Fuck babe ... I miss you already, you know ? Can't you let me send you some money towards your net ? I need you ... I want you ... I crave you ...",,,,0,fuck babe miss already know let send money towards net need want crave
ham,"Ill call u 2mrw at ninish, with my address that icky American freek wont stop callin me 2 bad Jen k eh?",,,,0,ill call u mrw ninish address icky american freek wont stop callin bad jen k eh
ham,Oooh bed ridden ey? What are YOU thinking of?,,,,0,oooh bed ridden ey thinking
ham,"So anyways, you can just go to your gym or whatever, my love *smiles* I hope your ok and having a good day babe ... I miss you so much already",,,,0,anyways go gym whatever love smiles hope ok good day babe miss much already
ham,Love it! Daddy will make you scream with pleasure! I am going to slap your ass with my dick!,,,,0,love daddy make scream pleasure going slap ass dick
ham,WOT U WANNA DO THEN MISSY?,,,,0,wot u wan na missy
ham,Yar lor wait 4 my mum 2 finish sch then have lunch lor... I whole morning stay at home clean my room now my room quite clean... Hee...,,,,0,yar lor wait mum finish sch lunch lor whole morning stay home clean room room quite clean hee
ham,Do you know where my lab goggles went,,,,0,know lab goggles went
ham,Can you open the door?,,,,0,open door
ham,Waiting for your call.,,,,0,waiting call
ham,Nope i waiting in sch 4 daddy... ,,,,0,nope waiting sch daddy
spam,"You have won ?1,000 cash or a ?2,000 prize! To claim, call09050000327",,,,1,cash prize claim call
ham,"I'm tired of arguing with you about this week after week. Do what you want and from now on, i'll do the same.",,,,0,tired arguing week week want
ham,ÌÏ wait 4 me in sch i finish ard 5..,,,,0,wait sch finish ard
spam,"our mobile number has won å£5000, to claim calls us back or ring the claims hot line on 09050005321.",,,,1,mobile number claim calls us back ring claims hot line
ham,"Arngd marriage is while u r walkin unfortuntly a snake bites u. bt love marriage is dancing in frnt of d snake &amp; sayin Bite me, bite me.",,,,0,arngd marriage u r walkin unfortuntly snake bites u bt love marriage dancing frnt snake amp sayin bite bite
ham,Huh so early.. Then Ì_ having dinner outside izzit?,,,,0,huh early dinner outside izzit
ham,Ok anyway no need to change with what you said,,,,0,ok anyway need change said
spam,We tried to contact you re your reply to our offer of 750 mins 150 textand a new video phone call 08002988890 now or reply for free delivery tomorrow,,,,1,tried contact reply offer mins textand new video phone call reply free delivery tomorrow
ham,my ex-wife was not able to have kids. Do you want kids one day?,,,,0,ex wife able kids want kids one day
ham,So how's scotland. Hope you are not over showing your JJC tendencies. Take care. Live the dream,,,,0,scotland hope showing jjc tendencies take care live dream
ham,Tell them u have a headache and just want to use 1 hour of sick time.,,,,0,tell u headache want use hour sick time
ham,"I dun thk i'll quit yet... Hmmm, can go jazz ? Yogasana oso can... We can go meet em after our lessons den... ",,,,0,dun thk quit yet hmmm go jazz yogasana oso go meet em lessons den
ham,"\Pete can you please ring meive hardly gotany credit\""""",,,,0,pete please ring meive hardly gotany credit
ham,Ya srsly better than yi tho,,,,0,ya srsly better yi tho
ham,"I'm in a meeting, call me later at",,,,0,meeting call later
spam,"For ur chance to win a å£250 wkly shopping spree TXT: SHOP to 80878. T's&C's www.txt-2-shop.com custcare 08715705022, 1x150p/wk",,,,1,ur chance win wkly shopping spree txt shop c www txt shop com custcare x p wk
spam,You have been specially selected to receive a 2000 pound award! Call 08712402050 BEFORE the lines close. Cost 10ppm. 16+. T&Cs apply. AG Promo,,,,1,specially selected receive pound award call lines close cost ppm cs apply ag promo
spam,PRIVATE! Your 2003 Account Statement for 07753741225 shows 800 un-redeemed S. I. M. points. Call 08715203677 Identifier Code: 42478 Expires 24/10/04,,,,1,private account statement shows un redeemed points call identifier code expires
ham,You still at grand prix?,,,,0,still grand prix
ham,"I met you as a stranger and choose you as my friend. As long as the world stands, our friendship never ends. Lets be Friends forever!!! Gud nitz...",,,,0,met stranger choose friend long world stands friendship never ends lets friends forever gud nitz
ham,I am great! How are you?,,,,0,great
ham,Gud mrng dear have a nice day,,,,0,gud mrng dear nice day
spam,You have an important customer service announcement. Call FREEPHONE 0800 542 0825 now!,,,,1,important customer service announcement call freephone
ham,Will do. Was exhausted on train this morning. Too much wine and pie. You sleep well too,,,,0,exhausted train morning much wine pie sleep well
ham,I'm going out to buy mum's present ar.,,,,0,going buy mum present ar
ham,Mind blastin.. No more Tsunamis will occur from now on.. Rajnikant stopped swimming in Indian Ocean..:-D,,,,0,mind blastin tsunamis occur rajnikant stopped swimming indian ocean
ham,If u sending her home first it's ok lor. I'm not ready yet.,,,,0,u sending home first ok lor ready yet
ham,Speaking of does he have any cash yet?,,,,0,speaking cash yet
ham,Be happy there. I will come after noon,,,,0,happy come noon
ham,Meet after lunch la...,,,,0,meet lunch la
ham,TaKe CaRE n gET WeLL sOOn,,,,0,take care n get well soon
spam,XCLUSIVE@CLUBSAISAI 2MOROW 28/5 SOIREE SPECIALE ZOUK WITH NICHOLS FROM PARIS.FREE ROSES 2 ALL LADIES !!! info: 07946746291/07880867867 ,,,,1,xclusive clubsaisai morow soiree speciale zouk nichols paris free roses ladies info
ham,what I meant to say is cant wait to see u again getting bored of this bridgwater banter,,,,0,meant say cant wait see u getting bored bridgwater banter
ham,Neva mind it's ok..,,,,0,neva mind ok
ham,"It's fine, imma get a drink or somethin. Want me to come find you?",,,,0,fine imma get drink somethin want come find
spam,22 days to kick off! For Euro2004 U will be kept up to date with the latest news and results daily. To be removed send GET TXT STOP to 83222,,,,1,days kick euro u kept date latest news results daily removed send get txt stop
ham,Its a valentine game. . . Send dis msg to all ur friends. .. If 5 answers r d same then someone really loves u. Ques- which colour suits me the best?rply me,,,,0,valentine game send dis msg ur friends answers r someone really loves u ques colour suits best rply
ham,I have many dependents,,,,0,many dependents
ham,THANX4 TODAY CER IT WAS NICE 2 CATCH UP BUT WE AVE 2 FIND MORE TIME MORE OFTEN OH WELL TAKE CARE C U SOON.C,,,,0,thanx today cer nice catch ave find time often oh well take care c u soon c
ham,I called and said all to him:)then he have to choose this future.,,,,0,called said choose future
ham,"\Happy valentines day\"" I know its early but i have hundreds of handsomes and beauties to wish. So i thought to finish off aunties and uncles 1st...""",,,,0,happy valentines day know early hundreds handsomes beauties wish thought finish aunties uncles st
ham,He like not v shock leh. Cos telling shuhui is like telling leona also. Like dat almost all know liao. He got ask me abt ur reaction lor.,,,,0,like v shock leh cos telling shuhui like telling leona also like dat almost know liao got ask abt ur reaction lor
ham,For my family happiness..,,,,0,family happiness
ham,I come n pick Ì_ up... Come out immediately aft ur lesson...,,,,0,come n pick come immediately aft ur lesson
ham,Let there be snow. Let there be snow. This kind of weather brings ppl together so friendships can grow.,,,,0,let snow let snow kind weather brings ppl together friendships grow
ham,Dear we got  &lt;#&gt;  dollars hi hi,,,,0,dear got lt gt dollars hi hi
ham,Good words.... But words may leave u in dismay many times.,,,,0,good words words may leave u dismay many times
ham,MAKE SURE ALEX KNOWS HIS BIRTHDAY IS OVER IN FIFTEEN MINUTES AS FAR AS YOU'RE CONCERNED,,,,0,make sure alex knows birthday fifteen minutes far concerned
ham,"sorry, no, have got few things to do. may be in pub later.",,,,0,sorry got things may pub later
ham,"Nah it's straight, if you can just bring bud or drinks or something that's actually a little more useful than straight cash",,,,0,nah straight bring bud drinks something actually little useful straight cash
ham,"Haha good to hear, I'm officially paid and on the market for an 8th",,,,0,haha good hear officially paid market th
ham,How many licks does it take to get to the center of a tootsie pop?,,,,0,many licks take get center tootsie pop
ham,Yup i thk they r e teacher said that will make my face look longer. Darren ask me not 2 cut too short.,,,,0,yup thk r e teacher said make face look longer darren ask cut short
spam,New TEXTBUDDY Chat 2 horny guys in ur area 4 just 25p Free 2 receive Search postcode or at gaytextbuddy.com. TXT ONE name to 89693,,,,1,new textbuddy chat horny guys ur area p free receive search postcode gaytextbuddy com txt one name
spam,Todays Vodafone numbers ending with 4882 are selected to a receive a å£350 award. If your number matches call 09064019014 to receive your å£350 award.,,,,1,todays vodafone numbers ending selected receive award number matches call receive award
ham,Please dont say like that. Hi hi hi,,,,0,please dont say like hi hi hi
ham,Thank u!,,,,0,thank u
ham,Oh that was a forwarded message. I thought you send that to me,,,,0,oh forwarded message thought send
ham,Got it. Seventeen pounds for seven hundred ml ÛÒ hope ok.,,,,0,got seventeen pounds seven hundred ml hope ok
spam,"Dear Voucher Holder, 2 claim this weeks offer, at your PC go to http://www.e-tlp.co.uk/expressoffer Ts&Cs apply.2 stop texts txt STOP to 80062.",,,,1,dear voucher holder claim weeks offer pc go http www e tlp co uk expressoffer ts cs apply stop texts txt stop
ham,Me n him so funny...,,,,0,n funny
ham,"Sweetheart, hope you are not having that kind of day! Have one with loads of reasons to smile. Biola",,,,0,sweetheart hope kind day one loads reasons smile biola
ham,When Ì_ login dat time... Dad fetching Ì_ home now?,,,,0,login dat time dad fetching home
ham,"What will we do in the shower, baby?",,,,0,shower baby
ham,I had askd u a question some hours before. Its answer,,,,0,askd u question hours answer
ham,"Well imma definitely need to restock before thanksgiving, I'll let you know when I'm out",,,,0,well imma definitely need restock thanksgiving let know
ham," said kiss, kiss, i can't do the sound effects! He is a gorgeous man isn't he! Kind of person who needs a smile to brighten his day! ",,,,0,said kiss kiss sound effects gorgeous man kind person needs smile brighten day
ham,Probably gonna swing by in a wee bit,,,,0,probably gon na swing wee bit
ham,Ya very nice. . .be ready on thursday,,,,0,ya nice ready thursday
ham,Allo! We have braved the buses and taken on the trains and triumphed. I mean weÛ÷re in bÛ÷ham. Have a jolly good rest of week,,,,0,allo braved buses taken trains triumphed mean b ham jolly good rest week
ham,"Watching cartoon, listening music &amp; at eve had to go temple &amp; church.. What about u?",,,,0,watching cartoon listening music amp eve go temple amp church u
ham,Do you mind if I ask what happened? You dont have to say if it is uncomfortable.,,,,0,mind ask happened dont say uncomfortable
spam,PRIVATE! Your 2003 Account Statement for shows 800 un-redeemed S. I. M. points. Call 08715203694 Identifier Code: 40533 Expires 31/10/04,,,,1,private account statement shows un redeemed points call identifier code expires
ham,No prob. I will send to your email.,,,,0,prob send email
spam,"You have won ?1,000 cash or a ?2,000 prize! To claim, call09050000327. T&C: RSTM, SW7 3SS. 150ppm",,,,1,cash prize claim call c rstm sw ss ppm
ham,Thats cool! Sometimes slow and gentle. Sonetimes rough and hard :),,,,0,thats cool sometimes slow gentle sonetimes rough hard
ham,I'm gonna say no. Sorry. I would but as normal am starting to panic about time. Sorry again! Are you seeing on Tuesday?,,,,0,gon na say sorry would normal starting panic time sorry seeing tuesday
ham,"Wait, do you know if wesleys in town? I bet she does hella drugs!",,,,0,wait know wesleys town bet hella drugs
ham,Fine i miss you very much.,,,,0,fine miss much
ham,Tell them the drug dealer's getting impatient,,,,0,tell drug dealer getting impatient
ham,"Sun cant come to earth but send luv as rays. cloud cant come to river but send luv as rain. I cant come to meet U, but can send my care as msg to U. Gud evng",,,,0,sun cant come earth send luv rays cloud cant come river send luv rain cant come meet u send care msg u gud evng
ham,"It doesnt make sense to take it there unless its free. If you need to know more, wikipedia.com",,,,0,doesnt make sense take unless free need know wikipedia com
spam,88800 and 89034 are premium phone services call 08718711108,,,,1,premium phone services call
ham,"Under the sea, there lays a rock. In the rock, there is an envelope. In the envelope, there is a paper. On the paper, there are 3 words... '",,,,0,sea lays rock rock envelope envelope paper paper words
ham,Then mum's repent how?,,,,0,mum repent
ham,Sorry me going home first... Daddy come fetch Ì_ later...,,,,0,sorry going home first daddy come fetch later
ham,Leave it de:-). Start Prepare for next:-)..,,,,0,leave de start prepare next
ham,Yes baby! We can study all the positions of the kama sutra ;),,,,0,yes baby study positions kama sutra
ham,En chikku nange bakra msg kalstiya..then had tea/coffee?,,,,0,en chikku nange bakra msg kalstiya tea coffee
ham,Carlos'll be here in a minute if you still need to buy,,,,0,carlos minute still need buy
ham,This pay is  &lt;DECIMAL&gt;  lakhs:),,,,0,pay lt decimal gt lakhs
ham,Have a good evening! Ttyl,,,,0,good evening ttyl
ham,Did u receive my msg?,,,,0,u receive msg
ham,Ho ho - big belly laugh! See ya tomo,,,,0,ho ho big belly laugh see ya tomo
spam,SMS. ac sun0819 posts HELLO:\You seem cool," wanted to say hi. HI!!!\"" Stop? Send STOP to 62468""",,,1,sms ac sun posts hello seem cool
spam,Get ur 1st RINGTONE FREE NOW! Reply to this msg with TONE. Gr8 TOP 20 tones to your phone every week just å£1.50 per wk 2 opt out send STOP 08452810071 16,,,,1,get ur st ringtone free reply msg tone gr top tones phone every week per wk opt send stop
ham,"Ditto. And you won't have to worry about me saying ANYTHING to you anymore. Like i said last night, you do whatever you want and i'll do the same. Peace.",,,,0,ditto worry saying anything anymore like said last night whatever want peace
ham,"I've got  &lt;#&gt; , any way I could pick up?",,,,0,got lt gt way could pick
ham,"I dont knw pa, i just drink milk..",,,,0,dont knw pa drink milk
ham,Maybe?! Say hi to  and find out if  got his card. Great escape or wetherspoons? ,,,,0,maybe say hi find got card great escape wetherspoons
ham,"Piggy, r u awake? I bet u're still sleeping. I'm going 4 lunch now...",,,,0,piggy r u awake bet u still sleeping going lunch
ham,Cause I'm not freaky lol,,,,0,cause freaky lol
ham,Missed your call cause I was yelling at scrappy. Miss u. Can't wait for u to come home. I'm so lonely today.,,,,0,missed call cause yelling scrappy miss u wait u come home lonely today
ham,What is this 'hex' place you talk of? Explain!,,,,0,hex place talk explain
ham,ÌÏ log off 4 wat. It's sdryb8i,,,,0,log wat sdryb
ham,Is xy going 4 e lunch?,,,,0,xy going e lunch
spam,Hi I'm sue. I am 20 years old and work as a lapdancer. I love sex. Text me live - I'm i my bedroom now. text SUE to 89555. By TextOperator G2 1DA 150ppmsg 18+,,,,1,hi sue years old work lapdancer love sex text live bedroom text sue textoperator g da ppmsg
ham,I wanted to ask Ì_ to wait 4 me to finish lect. Cos my lect finishes in an hour anyway.,,,,0,wanted ask wait finish lect cos lect finishes hour anyway
ham,Have you finished work yet? :),,,,0,finished work yet
ham,"Every King Was Once A Crying Baby And Every Great Building Was Once A Map.. Not Imprtant Where U r TODAY, BUT Where U Wil Reach TOMORW. Gud ni8",,,,0,every king crying baby every great building map imprtant u r today u wil reach tomorw gud ni
ham,"Dear,Me at cherthala.in case u r coming cochin pls call bfore u start.i shall also reach accordingly.or tell me which day u r coming.tmorow i am engaged ans its holiday.",,,,0,dear cherthala case u r coming cochin pls call bfore u start shall also reach accordingly tell day u r coming tmorow engaged ans holiday
ham,Thanks love. But am i doing torch or bold.,,,,0,thanks love torch bold
spam,<Forwarded from 448712404000>Please CALL 08712404000 immediately as there is an urgent message waiting for you.,,,,1,forwarded please call immediately urgent message waiting
ham,Was the farm open?,,,,0,farm open
ham,"Sorry to trouble u again. Can buy 4d for my dad again? 1405, 1680, 1843. All 2 big 1 small, sat n sun. Thanx.",,,,0,sorry trouble u buy dad big small sat n sun thanx
ham,"My sister in law, hope you are having a great month. Just saying hey. Abiola",,,,0,sister law hope great month saying hey abiola
ham,Will purchase d stuff today and mail to you. Do you have a po box number?,,,,0,purchase stuff today mail po box number
ham,Ah poop. Looks like ill prob have to send in my laptop to get fixed cuz it has a gpu problem,,,,0,ah poop looks like ill prob send laptop get fixed cuz gpu problem
ham,Good. Good job. I like entrepreneurs,,,,0,good good job like entrepreneurs
ham,"Aight, you close by or still down around alex's place?",,,,0,aight close still around alex place
ham,meet you in corporation st outside gap Û_ you can see how my mind is working!,,,,0,meet corporation st outside gap see mind working
ham,Mum ask Ì_ to buy food home...,,,,0,mum ask buy food home
ham,K..u also dont msg or reply to his msg..,,,,0,k u also dont msg reply msg
ham,How much r Ì_ willing to pay?,,,,0,much r willing pay
ham,What is important is that you prevent dehydration by giving her enough fluids,,,,0,important prevent dehydration giving enough fluids
ham,"Thats a bit weird, even ?- where is the do supposed to be happening? But good idea, sure they will be in pub!",,,,0,thats bit weird even supposed happening good idea sure pub
ham,True dear..i sat to pray evening and felt so.so i sms'd you in some time...,,,,0,true dear sat pray evening felt sms time
ham,"I don't think I can get away for a trek that long with family in town, sorry",,,,0,think get away trek long family town sorry
ham,So when do you wanna gym harri,,,,0,wan na gym harri
ham,Quite late lar... Ard 12 anyway i wun b drivin...,,,,0,quite late lar ard anyway wun b drivin
spam,"To review and KEEP the fantastic Nokia N-Gage game deck with Club Nokia, go 2 www.cnupdates.com/newsletter. unsubscribe from alerts reply with the word OUT",,,,1,review keep fantastic nokia n gage game deck club nokia go www cnupdates com newsletter unsubscribe alerts reply word
spam,4mths half price Orange line rental & latest camera phones 4 FREE. Had your phone 11mths+? Call MobilesDirect free on 08000938767 to update now! or2stoptxt T&Cs,,,,1,mths half price orange line rental latest camera phones free phone mths call mobilesdirect free update stoptxt cs
ham,Height of Confidence: All the Aeronautics professors wer calld &amp; they wer askd 2 sit in an aeroplane. Aftr they sat they wer told dat the plane ws made by their students. Dey all hurried out of d plane.. Bt only 1 didnt move... He said:\if it is made by my students,"this wont even start........ Datz confidence..""",,,0,height confidence aeronautics professors wer calld amp wer askd sit aeroplane aftr sat wer told dat plane ws made students dey hurried plane bt didnt move said made students
ham,It just seems like weird timing that the night that all you and g want is for me to come smoke is the same day as when a shitstorm is attributed to me always coming over and making everyone smoke,,,,0,seems like weird timing night g want come smoke day shitstorm attributed always coming making everyone smoke
spam,08714712388 between 10am-7pm Cost 10p,,,,1,pm cost p
ham,"Save yourself the stress. If the person has a dorm account, just send your account details and the money will be sent to you.",,,,0,save stress person dorm account send account details money sent
ham,He also knows about lunch menu only da. . I know,,,,0,also knows lunch menu da know
ham,When i have stuff to sell i.ll tell you,,,,0,stuff sell tell
spam,+449071512431 URGENT! This is the 2nd attempt to contact U!U have WON å£1250 CALL 09071512433 b4 050703 T&CsBCM4235WC1N3XX. callcost 150ppm mobilesvary. maxå£7. 50,,,,1,urgent nd attempt contact u u call b csbcm wc n xx callcost ppm mobilesvary max
ham,Book which lesson? then you msg me... I will call up after work or sth... I'm going to get specs. My membership is PX3748,,,,0,book lesson msg call work sth going get specs membership px
spam,You have WON a guaranteed å£1000 cash or a å£2000 prize. To claim yr prize call our customer service representative on 08714712394 between 10am-7pm,,,,1,guaranteed cash prize claim yr prize call customer service representative pm
ham,Macha dont feel upset.i can assume your mindset.believe me one evening with me and i have some wonderful plans for both of us.LET LIFE BEGIN AGAIN.call me anytime,,,,0,macha dont feel upset assume mindset believe one evening wonderful plans us let life begin call anytime
ham,Oh is it? Send me the address,,,,0,oh send address
ham,S'fine. Anytime. All the best with it.,,,,0,fine anytime best
ham,That is wondar full flim.,,,,0,wondar full flim
ham,Ya even those cookies have jelly on them,,,,0,ya even cookies jelly
ham,"The world is running and i am still.maybe all are feeling the same,so be it.or i have to admit,i am mad.then where is the correction?or let me call this is life.and keep running with the world,may be u r also running.lets run.",,,,0,world running still maybe feeling admit mad correction let call life keep running world may u r also running lets run
ham,Got it! It looks scrumptious... daddy wants to eat you all night long!,,,,0,got looks scrumptious daddy wants eat night long
ham,Of cos can lar i'm not so ba dao ok... 1 pm lor... Y u never ask where we go ah... I said u would ask on fri but he said u will ask today...,,,,0,cos lar ba dao ok pm lor u never ask go ah said u would ask fri said u ask today
ham,"Alright omw, gotta change my order to a half8th",,,,0,alright omw got ta change order half th
ham,Exactly. Anyways how far. Is jide her to study or just visiting,,,,0,exactly anyways far jide study visiting
ham,Dunno y u ask me.,,,,0,dunno u ask
spam,Email AlertFrom: Jeri StewartSize: 2KBSubject: Low-cost prescripiton drvgsTo listen to email call 123,,,,1,email alertfrom jeri stewartsize kbsubject low cost prescripiton drvgsto listen email call
ham,No he didn't. Spring is coming early yay!,,,,0,spring coming early yay
ham,Lol you won't feel bad when I use her money to take you out to a steak dinner =D,,,,0,lol feel bad use money take steak dinner
ham,Even u dont get in trouble while convincing..just tel him once or twice and just tel neglect his msgs dont c and read it..just dont reply,,,,0,even u dont get trouble convincing tel twice tel neglect msgs dont c read dont reply
ham,Leaving to qatar tonite in search of an opportunity.all went fast.pls add me in ur prayers dear.Rakhesh,,,,0,leaving qatar tonite search opportunity went fast pls add ur prayers dear rakhesh
ham,Then why no one talking to me,,,,0,one talking
ham,Thanks for looking out for me. I really appreciate.,,,,0,thanks looking really appreciate
spam,Hi. Customer Loyalty Offer:The NEW Nokia6650 Mobile from ONLY å£10 at TXTAUCTION! Txt word: START to No: 81151 & get yours Now! 4T&Ctxt TC 150p/MTmsg,,,,1,hi customer loyalty offer new nokia mobile txtauction txt word start get ctxt tc p mtmsg
ham,Wish i were with you now!,,,,0,wish
ham,Haha mayb u're rite... U know me well. Da feeling of being liked by someone is gd lor. U faster go find one then all gals in our group attached liao.,,,,0,haha mayb u rite u know well da feeling liked someone gd lor u faster go find one gals group attached liao
ham,Yes i will be there. Glad you made it.,,,,0,yes glad made
ham,Do well :)all will for little time. Thing of good times ahead:,,,,0,well little time thing good times ahead
ham,Just got up. have to be out of the room very soon. Û_. i hadn't put the clocks back til at 8 i shouted at everyone to get up and then realised it was 7. wahay. another hour in bed.,,,,0,got room soon put clocks back til shouted everyone get realised wahay another hour bed
ham,Ok. There may be a free gym about.,,,,0,ok may free gym
ham,Men like shorter ladies. Gaze up into his eyes.,,,,0,men like shorter ladies gaze eyes
ham,Dunno he jus say go lido. Same time 930.,,,,0,dunno jus say go lido time
ham,"I promise to take good care of you, princess. I have to run now. Please send pics when you get a chance. Ttyl!",,,,0,promise take good care princess run please send pics get chance ttyl
spam,U are subscribed to the best Mobile Content Service in the UK for å£3 per 10 days until you send STOP to 82324. Helpline 08706091795,,,,1,u subscribed best mobile content service uk per days send stop helpline
ham,Is there a reason we've not spoken this year? Anyways have a great week and all the best in your exam,,,,0,reason spoken year anyways great week best exam
ham,By monday next week. Give me the full gist,,,,0,monday next week give full gist
spam,"Do you realize that in about 40 years, we'll have thousands of old ladies running around with tattoos?",,,,1,realize years thousands old ladies running around tattoos
spam,You have an important customer service announcement from PREMIER.,,,,1,important customer service announcement premier
ham,Dont gimme that lip caveboy,,,,0,dont gim lip caveboy
ham,When did you get to the library,,,,0,get library
ham,Realy sorry-i don't recognise this number and am now confused :) who r u please?! ,,,,0,realy sorry recognise number confused r u please
ham,So why didnt you holla?,,,,0,didnt holla
ham,Cant think of anyone with * spare room off * top of my head,,,,0,cant think anyone spare room top head
ham,"Faith makes things possible,Hope makes things work,Love makes things beautiful,May you have all three this Christmas!Merry Christmas!",,,,0,faith makes things possible hope makes things work love makes things beautiful may three christmas merry christmas
ham,U should have made an appointment,,,,0,u made appointment
ham,"Call me when you/carlos is/are here, my phone's vibrate is acting up and I might not hear texts",,,,0,call carlos phone vibrate acting might hear texts
spam,"Romantic Paris. 2 nights, 2 flights from å£79 Book now 4 next year. Call 08704439680Ts&Cs apply.",,,,1,romantic paris nights flights book next year call ts cs apply
ham,"We are at grandmas. Oh dear, u still ill? I felt Shit this morning but i think i am just hungover! Another night then. We leave on sat.",,,,0,grandmas oh dear u still ill felt shit morning think hungover another night leave sat
spam,Urgent Ur å£500 guaranteed award is still unclaimed! Call 09066368327 NOW closingdate04/09/02 claimcode M39M51 å£1.50pmmorefrommobile2Bremoved-MobyPOBox734LS27YF,,,,1,urgent ur guaranteed award still unclaimed call closingdate claimcode pmmorefrommobile bremoved mobypobox ls yf
ham,Nothing but we jus tot u would ask cos u ba gua... But we went mt faber yest... Yest jus went out already mah so today not going out... Jus call lor...,,,,0,nothing jus tot u would ask cos u ba gua went mt faber yest yest jus went already mah today going jus call lor
ham,"Wishing you and your family Merry \X\"" mas and HAPPY NEW Year in advance..""",,,,0,wishing family merry x mas happy new year advance
spam,UR awarded a City Break and could WIN a å£200 Summer Shopping spree every WK. Txt STORE to 88039 . SkilGme. TsCs087147403231Winawk!Age16 å£1.50perWKsub,,,,1,ur awarded city break could win summer shopping spree every wk txt store skilgme tscs winawk age perwksub
ham,"I'm nt goin, got somethin on, unless they meetin 4 dinner lor... Haha, i wonder who will go tis time...",,,,0,nt goin got somethin unless meetin dinner lor haha wonder go tis time
ham,Lol I know! They're so dramatic. Schools already closed for tomorrow. Apparently we can't drive in the inch of snow were supposed to get.,,,,0,lol know dramatic schools already closed tomorrow apparently drive inch snow supposed get
ham,Not getting anywhere with this damn job hunting over here!,,,,0,getting anywhere damn job hunting
ham,Lol! U drunkard! Just doing my hair at d moment. Yeah still up 4 tonight. Wats the plan? ,,,,0,lol u drunkard hair moment yeah still tonight wats plan
ham,"idc get over here, you are not weaseling your way out of this shit twice in a row",,,,0,idc get weaseling way shit twice row
ham,I wil be there with in  &lt;#&gt;  minutes. Got any space,,,,0,wil lt gt minutes got space
ham,Thanks for picking up the trash.,,,,0,thanks picking trash
ham,Why don't you go tell your friend you're not sure you want to live with him because he smokes too much then spend hours begging him to come smoke,,,,0,go tell friend sure want live smokes much spend hours begging come smoke
ham,"\Hi its Kate it was lovely to see you tonight and ill phone you tomorrow. I got to sing and a guy gave me his card! xxx\""""",,,,0,hi kate lovely see tonight ill phone tomorrow got sing guy gave card xxx
ham,Happy New year my dear brother. I really do miss you. Just got your number and decided to send you this text wishing you only happiness. Abiola,,,,0,happy new year dear brother really miss got number decided send text wishing happiness abiola
ham,That means get the door,,,,0,means get door
ham,"Hmmm ... I thought we said 2 hours slave, not 3 ... You are late ... How should I punish you ?",,,,0,hmmm thought said hours slave late punish
ham,Beerage?,,,,0,beerage
spam,You have an important customer service announcement from PREMIER. Call FREEPHONE 0800 542 0578 now!,,,,1,important customer service announcement premier call freephone
ham,Dont think so. It turns off like randomlly within 5min of opening,,,,0,dont think turns like randomlly within min opening
ham,"She was supposed to be but couldn't make it, she's still in town though",,,,0,supposed make still town though
ham,It does it on its own. Most of the time it fixes my spelling. But sometimes it gets a completely diff word. Go figure,,,,0,time fixes spelling sometimes gets completely diff word go figure
spam,Ever thought about living a good life with a perfect partner? Just txt back NAME and AGE to join the mobile community. (100p/SMS),,,,1,ever thought living good life perfect partner txt back name age join mobile community p sms
spam,"5 Free Top Polyphonic Tones call 087018728737, National Rate. Get a toppoly tune sent every week, just text SUBPOLY to 81618, å£3 per pole. UnSub 08718727870.",,,,1,free top polyphonic tones call national rate get toppoly tune sent every week text subpoly per pole unsub
ham,This is hoping you enjoyed your game yesterday. Sorry i've not been in touch but pls know that you are fondly bein thot off. Have a great week. Abiola,,,,0,hoping enjoyed game yesterday sorry touch pls know fondly bein thot great week abiola
ham,All e best 4 ur driving tmr :-),,,,0,e best ur driving tmr
ham,Y?WHERE U AT DOGBREATH? ITS JUST SOUNDING LIKE JAN C THATåÕS AL!!!!!!!!!,,,,0,u dogbreath sounding like jan c al
ham,Omg I want to scream. I weighed myself and I lost more weight! Woohoo!,,,,0,omg want scream weighed lost weight woohoo
ham,There generally isn't one. It's an uncountable noun - u in the dictionary. pieces of research?,,,,0,generally one uncountable noun u dictionary pieces research
ham,it's really getting me down just hanging around.,,,,0,really getting hanging around
spam,"Orange customer, you may now claim your FREE CAMERA PHONE upgrade for your loyalty. Call now on 0207 153 9996. Offer ends 14thMarch. T&C's apply. Opt-out availa",,,,1,orange customer may claim free camera phone upgrade loyalty call offer ends thmarch c apply opt availa
ham,"\Petey boy whereare you me and all your friendsare in theKingshead come down if you canlove Nic\""""",,,,0,petey boy whereare friendsare thekingshead come canlove nic
ham,Ok i msg u b4 i leave my house.,,,,0,ok msg u b leave house
ham,"\Gimme a few\"" was  &lt;#&gt;  minutes ago""",,,,0,gim lt gt minutes ago
spam,"Last Chance! Claim ur å£150 worth of discount vouchers today! Text SHOP to 85023 now! SavaMob, offers mobile! T Cs SavaMob POBOX84, M263UZ. å£3.00 Sub. 16",,,,1,last chance claim ur worth discount vouchers today text shop savamob offers mobile cs savamob pobox uz sub
ham,Appt is at &lt;TIME&gt; am. Not my fault u don't listen. I told u twice,,,,0,appt lt time gt fault u listen told u twice
spam,FREE for 1st week! No1 Nokia tone 4 ur mobile every week just txt NOKIA to 8077 Get txting and tell ur mates. www.getzed.co.uk POBox 36504 W45WQ 16+ norm150p/tone,,,,1,free st week nokia tone ur mobile every week txt nokia get txting tell ur mates www getzed co uk pobox w wq norm p tone
spam,You have won a guaranteed å£200 award or even å£1000 cashto claim UR award call free on 08000407165 (18+) 2 stop getstop on 88222 PHP. RG21 4JX,,,,1,guaranteed award even cashto claim ur award call free stop getstop php rg jx
ham,K I'll be there before 4.,,,,0,k
ham,I dled 3d its very imp,,,,0,dled imp
ham,"sure, but make sure he knows we ain't smokin yet",,,,0,sure make sure knows smokin yet
ham,Boooo you always work. Just quit.,,,,0,boooo always work quit
ham,I am taking half day leave bec i am not well,,,,0,taking half day leave bec well
ham,Ugh I don't wanna get out of bed. It's so warm.,,,,0,ugh wan na get bed warm
ham,S:)s.nervous  &lt;#&gt; :),,,,0,nervous lt gt
ham,So there's a ring that comes with the guys costumes. It's there so they can gift their future yowifes. Hint hint,,,,0,ring comes guys costumes gift future yowifes hint hint
spam,Congratulations ur awarded either å£500 of CD gift vouchers & Free entry 2 our å£100 weekly draw txt MUSIC to 87066 TnCs www.Ldew.com1win150ppmx3age16,,,,1,congratulations ur awarded either cd gift vouchers free entry weekly draw txt music tncs www ldew com win ppmx age
ham,I borrow ur bag ok.,,,,0,borrow ur bag ok
spam,"U were outbid by simonwatson5120 on the Shinco DVD Plyr. 2 bid again, visit sms. ac/smsrewards 2 end bid notifications, reply END OUT",,,,1,u outbid simonwatson shinco dvd plyr bid visit sms ac smsrewards end bid notifications reply end
ham,Where's my boytoy? I miss you ... What happened?,,,,0,boytoy miss happened
ham,"He has lots of used ones babe, but the model doesn't help. Youi have to bring it over and he'll match it up",,,,0,lots used ones babe model help youi bring match
ham,Also are you bringing galileo or dobby,,,,0,also bringing galileo dobby
ham,Then why you not responding,,,,0,responding
ham,"\BOO BABE! U ENJOYIN YOURJOB? U SEEMED 2 B GETTIN ON WELL HUNNY!HOPE URE OK?TAKE CARE & IåÕLLSPEAK 2U SOONLOTS OF LOVEME XXXX.\""""",,,,0,boo babe u enjoyin yourjob u seemed b gettin well hunny hope ure ok take care llspeak u soonlots loveme xxxx
ham,Good afternoon starshine! How's my boytoy? Does he crave me yet? Ache to fuck me ? *sips cappuccino* I miss you babe *teasing kiss*,,,,0,good afternoon starshine boytoy crave yet ache fuck sips cappuccino miss babe teasing kiss
ham,On the road so cant txt,,,,0,road cant txt
spam,"SMSSERVICES. for yourinclusive text credits, pls goto www.comuk.net login= 3qxj9 unsubscribe with STOP, no extra charge. help 08702840625.COMUK. 220-CM2 9AE",,,,1,smsservices yourinclusive text credits pls goto www comuk net login qxj unsubscribe stop extra charge help comuk cm ae
spam,25p 4 alfie Moon's Children in need song on ur mob. Tell ur m8s. Txt Tone charity to 8007 for Nokias or Poly charity for polys: zed 08701417012 profit 2 charity.,,,,1,p alfie moon children need song ur mob tell ur txt tone charity nokias poly charity polys zed profit charity
ham,Hmm .. Bits and pieces lol ... *sighs* ...,,,,0,hmm bits pieces lol sighs
ham,Hahaha..use your brain dear,,,,0,hahaha use brain dear
ham,Hey. You got any mail?,,,,0,hey got mail
ham,"Sorry light turned green, I meant another friend wanted  &lt;#&gt;  worth but he may not be around",,,,0,sorry light turned green meant another friend wanted lt gt worth may around
ham,Thanks for yesterday sir. You have been wonderful. Hope you enjoyed the burial. MojiBiola,,,,0,thanks yesterday sir wonderful hope enjoyed burial mojibiola
spam,U have a secret admirer. REVEAL who thinks U R So special. Call 09065174042. To opt out Reply REVEAL STOP. 1.50 per msg recd. Cust care 07821230901,,,,1,u secret admirer reveal thinks u r special call opt reply reveal stop per msg recd cust care
ham,Hi mate its RV did u hav a nice hol just a message 3 say hello coz havenåÕt sent u 1 in ages started driving so stay off roads!RVx,,,,0,hi mate rv u hav nice hol message say hello coz sent u ages started driving stay roads rvx
spam,"Dear Voucher Holder, To claim this weeks offer, at you PC please go to http://www.e-tlp.co.uk/expressoffer Ts&Cs apply. To stop texts, txt STOP to 80062",,,,1,dear voucher holder claim weeks offer pc please go http www e tlp co uk expressoffer ts cs apply stop texts txt stop
ham,"Thank you so much. When we skyped wit kz and sura, we didnt get the pleasure of your company. Hope you are good. We've given you ultimatum oh! We are countin down to aburo. Enjoy! This is the message i sent days ago",,,,0,thank much skyped wit kz sura didnt get pleasure company hope good given ultimatum oh countin aburo enjoy message sent days ago
ham,Surely result will offer:),,,,0,surely result offer
ham,Good Morning my Dear........... Have a great &amp; successful day.,,,,0,good morning dear great amp successful day
spam,Do you want 750 anytime any network mins 150 text and a NEW VIDEO phone for only five pounds per week call 08002888812 or reply for delivery tomorrow,,,,1,want anytime network mins text new video phone five pounds per week call reply delivery tomorrow
ham,"Sir, I have been late in paying rent for the past few months and had to pay a $ &lt;#&gt;  charge. I felt it would be inconsiderate of me to nag about something you give at great cost to yourself and that's why i didnt speak up. I however am in a recession and wont be able to pay the charge this month hence my askin well ahead of month's end. Can you please help. Thanks",,,,0,sir late paying rent past months pay lt gt charge felt would inconsiderate nag something give great cost didnt speak however recession wont able pay charge month hence askin well ahead month end please help thanks
spam,We tried to contact you re our offer of New Video Phone 750 anytime any network mins HALF PRICE Rental camcorder call 08000930705 or reply for delivery Wed,,,,1,tried contact offer new video phone anytime network mins half price rental camcorder call reply delivery wed
spam,Last chance 2 claim ur å£150 worth of discount vouchers-Text YES to 85023 now!SavaMob-member offers mobile T Cs 08717898035. å£3.00 Sub. 16 . Remove txt X or STOP,,,,1,last chance claim ur worth discount vouchers text yes savamob member offers mobile cs sub remove txt x stop
ham,I luv u soo much u donåÕt understand how special u r 2 me ring u 2morrow luv u xxx,,,,0,luv u soo much u understand special u r ring u morrow luv u xxx
ham,"Pls send me a comprehensive mail about who i'm paying, when and how much.",,,,0,pls send comprehensive mail paying much
ham,Our Prashanthettan's mother passed away last night. pray for her and family.,,,,0,prashanthettan mother passed away last night pray family
spam,"Urgent! call 09066350750 from your landline. Your complimentary 4* Ibiza Holiday or 10,000 cash await collection SAE T&Cs PO BOX 434 SK3 8WP 150 ppm 18+ ",,,,1,urgent call landline complimentary ibiza holiday cash await collection sae cs po box sk wp ppm
ham,K.k:)when are you going?,,,,0,k k going
ham,Meanwhile in the shit suite: xavier decided to give us  &lt;#&gt;  seconds of warning that samantha was coming over and is playing jay's guitar to impress her or some shit. Also I don't think doug realizes I don't live here anymore,,,,0,meanwhile shit suite xavier decided give us lt gt seconds warning samantha coming playing jay guitar impress shit also think doug realizes live anymore
ham,My stomach has been thru so much trauma I swear I just can't eat. I better lose weight.,,,,0,stomach thru much trauma swear eat better lose weight
ham,I am in office:)whats the matter..msg me now.i will call you at break:).,,,,0,office whats matter msg call break
ham,"Yeah there's barely enough room for the two of us, x has too many fucking shoes. Sorry man, see you later",,,,0,yeah barely enough room two us x many fucking shoes sorry man see later
ham,U reach orchard already? U wan 2 go buy tickets first?,,,,0,u reach orchard already u wan go buy tickets first
ham,"I am real, baby! I want to bring out your inner tigress...",,,,0,real baby want bring inner tigress
ham,No da if you run that it activate the full version da.,,,,0,da run activate full version da
ham,"\AH POOR BABY!HOPE URFEELING BETTERSN LUV! PROBTHAT OVERDOSE OF WORK HEY GO CAREFUL SPK 2 U SN LOTS OF LOVEJEN XXX.\""""",,,,0,ah poor baby hope urfeeling bettersn luv probthat overdose work hey go careful spk u sn lots lovejen xxx
ham,Stop the story. I've told him i've returned it and he's saying i should not re order it.,,,,0,stop story told returned saying order
spam,Talk sexy!! Make new friends or fall in love in the worlds most discreet text dating service. Just text VIP to 83110 and see who you could meet.,,,,1,talk sexy make new friends fall love worlds discreet text dating service text vip see could meet
ham,Going to take your babe out ?,,,,0,going take babe
ham,Hai ana tomarrow am coming on morning.  &lt;DECIMAL&gt;  ill be there in sathy then we ll go to RTO office. Reply me after came to home.,,,,0,hai ana tomarrow coming morning lt decimal gt ill sathy go rto office reply came home
ham,Spoons it is then okay?,,,,0,spoons okay
ham,Did he just say somebody is named tampa,,,,0,say somebody named tampa
ham,In work now. Going have in few min.,,,,0,work going min
ham,Your brother is a genius,,,,0,brother genius
ham,"Sorry, I guess whenever I can get a hold of my connections, maybe an hour or two? I'll text you",,,,0,sorry guess whenever get hold connections maybe hour two text
ham,Did u find out what time the bus is at coz i need to sort some stuff out.,,,,0,u find time bus coz need sort stuff
ham,Dude ive been seeing a lotta corvettes lately,,,,0,dude ive seeing lotta corvettes lately
spam,Congratulations ur awarded either a yrs supply of CDs from Virgin Records or a Mystery Gift GUARANTEED Call 09061104283 Ts&Cs www.smsco.net å£1.50pm approx 3mins,,,,1,congratulations ur awarded either yrs supply cds virgin records mystery gift guaranteed call ts cs www smsco net pm approx mins
ham,"Same here, but I consider walls and bunkers and shit important just because I never play on peaceful but I guess your place is high enough that it don't matter",,,,0,consider walls bunkers shit important never play peaceful guess place high enough matter
spam,PRIVATE! Your 2003 Account Statement for 07808 XXXXXX shows 800 un-redeemed S. I. M. points. Call 08719899217 Identifier Code: 41685 Expires 07/11/04,,,,1,private account statement xxxxxx shows un redeemed points call identifier code expires
spam,Hello. We need some posh birds and chaps to user trial prods for champneys. Can i put you down? I need your address and dob asap. Ta r,,,,1,hello need posh birds chaps user trial prods champneys put need address dob asap ta r
spam,What do U want for Xmas? How about 100 free text messages & a new video phone with half price line rental? Call free now on 0800 0721072 to find out more!,,,,1,u want xmas free text messages new video phone half price line rental call free find
ham,"Well am officially in a philosophical hole, so if u wanna call am at home ready to be saved!",,,,0,well officially philosophical hole u wan na call home ready saved
ham,Its going good...no problem..but still need little experience to understand american customer voice...,,,,0,going good problem still need little experience understand american customer voice
ham,I'll text you when I drop x off,,,,0,text drop x
ham,Ugh its been a long day. I'm exhausted. Just want to cuddle up and take a nap,,,,0,ugh long day exhausted want cuddle take nap
ham,Talk With Yourself Atleast Once In A Day...!!! Otherwise You Will Miss Your Best FRIEND In This WORLD...!!! -Shakespeare- SHESIL  &lt;#&gt;,,,,0,talk atleast day otherwise miss best friend world shakespeare shesil lt gt
spam,"Shop till u Drop, IS IT YOU, either 10K, 5K, å£500 Cash or å£100 Travel voucher, Call now, 09064011000. NTT PO Box CR01327BT fixedline Cost 150ppm mobile vary",,,,1,shop till u drop either k k cash travel voucher call ntt po box cr bt fixedline cost ppm mobile vary
ham,Are you in castor? You need to see something,,,,0,castor need see something
spam,Sunshine Quiz Wkly Q! Win a top Sony DVD player if u know which country Liverpool played in mid week? Txt ansr to 82277. å£1.50 SP:Tyrone,,,,1,sunshine quiz wkly q win top sony dvd player u know country liverpool played mid week txt ansr sp tyrone
spam,U have a secret admirer who is looking 2 make contact with U-find out who they R*reveal who thinks UR so special-call on 09058094565,,,,1,u secret admirer looking make contact u find r reveal thinks ur special call
spam,U have a Secret Admirer who is looking 2 make contact with U-find out who they R*reveal who thinks UR so special-call on 09065171142-stopsms-08,,,,1,u secret admirer looking make contact u find r reveal thinks ur special call stopsms
spam,Reminder: You have not downloaded the content you have already paid for. Goto http://doit. mymoby. tv/ to collect your content.,,,,1,reminder downloaded content already paid goto http doit mymoby tv collect content
ham,"see, i knew giving you a break a few times woul lead to you always wanting to miss curfew. I was gonna gibe you 'til one, but a MIDNIGHT movie is not gonna get out til after 2. You need to come home. You need to getsleep and, if anything, you need to b studdying ear training.",,,,0,see knew giving break times woul lead always wanting miss curfew gon na gibe til one midnight movie gon na get til need come home need getsleep anything need b studdying ear training
ham,I love to give massages. I use lots of baby oil... What is your fave position?,,,,0,love give massages use lots baby oil fave position
ham,Dude we should go sup again,,,,0,dude go sup
ham,Yoyyooo u know how to change permissions for a drive in mac. My usb flash drive,,,,0,yoyyooo u know change permissions drive mac usb flash drive
ham,Gibbs unsold.mike hussey,,,,0,gibbs unsold mike hussey
ham,I like to talk pa but am not able to. I dont know y.,,,,0,like talk pa able dont know
ham,Y dun cut too short leh. U dun like ah? She failed. She's quite sad.,,,,0,dun cut short leh u dun like ah failed quite sad
ham,You unbelievable faglord,,,,0,unbelievable faglord
ham,Wife.how she knew the time of murder exactly,,,,0,wife knew time murder exactly
ham,Why do you ask princess?,,,,0,ask princess
ham,I am great princess! What are you thinking about me? :),,,,0,great princess thinking
ham,Nutter. Cutter. Ctter. Cttergg. Cttargg. Ctargg. Ctagg. ie you,,,,0,nutter cutter ctter cttergg cttargg ctargg ctagg ie
ham,It's ok i noe u're busy but i'm really too bored so i msg u. I oso dunno wat colour she choose 4 me one.,,,,0,ok noe u busy really bored msg u oso dunno wat colour choose one
ham,Doesn't g have class early tomorrow and thus shouldn't be trying to smoke at  &lt;#&gt;,,,,0,g class early tomorrow thus trying smoke lt gt
ham,"Superb Thought- \Be grateful that u dont have everything u want. That means u still have an opportunity to be happier tomorrow than u are today.\"":-)""",,,,0,superb thought grateful u dont everything u want means u still opportunity happier tomorrow u today
ham,Hope you are having a good week. Just checking in,,,,0,hope good week checking
ham,"I'm used to it. I just hope my agents don't drop me since i've only booked a few things this year. This whole me in boston, them in nyc was an experiment.",,,,0,used hope agents drop since booked things year whole boston nyc experiment
ham,"Thursday night? Yeah, sure thing, we'll work it out then",,,,0,thursday night yeah sure thing work
ham,Probably money worries. Things are coming due and i have several outstanding invoices for work i did two and three months ago.,,,,0,probably money worries things coming due several outstanding invoices work two three months ago
ham,How is it possible to teach you. And where.,,,,0,possible teach
ham,"I wonder if your phone battery went dead ? I had to tell you, I love you babe",,,,0,wonder phone battery went dead tell love babe
ham,Lovely smell on this bus and it ain't tobacco... ,,,,0,lovely smell bus tobacco
ham,"We're all getting worried over here, derek and taylor have already assumed the worst",,,,0,getting worried derek taylor already assumed worst
ham,Hey what's up charles sorry about the late reply.,,,,0,hey charles sorry late reply
spam,"all the lastest from Stereophonics, Marley, Dizzee Racal, Libertines and The Strokes! Win Nookii games with Flirt!! Click TheMob WAP Bookmark or text WAP to 82468",,,,1,lastest stereophonics marley dizzee racal libertines strokes win nookii games flirt click themob wap bookmark text wap
ham,I.ll give her once i have it. Plus she said grinule greet you whenever we speak,,,,0,give plus said grinule greet whenever speak
ham,WHITE FUDGE OREOS ARE IN STORES,,,,0,white fudge oreos stores
spam,"January Male Sale! Hot Gay chat now cheaper, call 08709222922. National rate from 1.5p/min cheap to 7.8p/min peak! To stop texts call 08712460324 (10p/min)",,,,1,january male sale hot gay chat cheaper call national rate p min cheap p min peak stop texts call p min
ham,My love ! How come it took you so long to leave for Zaher's? I got your words on ym and was happy to see them but was sad you had left. I miss you,,,,0,love come took long leave zaher got words ym happy see sad left miss
ham,I am sorry it hurt you.,,,,0,sorry hurt
ham,Can't. I feel nauseous. I'm so pissed. I didn't eat any sweets all week cause today I was planning to pig out. I was dieting all week. And now I'm not hungry :/,,,,0,feel nauseous pissed eat sweets week cause today planning pig dieting week hungry
ham,Ok lor but not too early. Me still having project meeting now.,,,,0,ok lor early still project meeting
ham,"Call me da, i am waiting for your call.",,,,0,call da waiting call
ham,I could ask carlos if we could get more if anybody else can chip in,,,,0,could ask carlos could get anybody else chip
ham,Was actually about to send you a reminder today. Have a wonderful weekend,,,,0,actually send reminder today wonderful weekend
ham,"When people see my msgs, They think Iam addicted to msging... They are wrong, Bcoz They don\'t know that Iam addicted to my sweet Friends..!! BSLVYL",,,,0,people see msgs think iam addicted msging wrong bcoz know iam addicted sweet friends bslvyl
ham,Hey you gave them your photo when you registered for driving ah? Tmr wanna meet at yck? ,,,,0,hey gave photo registered driving ah tmr wan na meet yck
ham,Dont talk to him ever ok its my word.,,,,0,dont talk ever ok word
ham,When u wana see it then,,,,0,u wana see
ham,On ma way to school. Can you pls send me ashley's number,,,,0,way school pls send ashley number
ham,It shall be fine. I have avalarr now. Will hollalater,,,,0,shall fine avalarr hollalater
ham,She went to attend another two rounds today..but still did't reach home..,,,,0,went attend another two rounds today still reach home
ham,Actually i deleted my old website..now i m blogging at magicalsongs.blogspot.com,,,,0,actually deleted old website blogging magicalsongs blogspot com
ham,"K, wait chikku..il send aftr  &lt;#&gt; mins",,,,0,k wait chikku il send aftr lt gt mins
ham,But I'm on a diet. And I ate 1 too many slices of pizza yesterday. Ugh I'm ALWAYS on a diet.,,,,0,diet ate many slices pizza yesterday ugh always diet
ham,K:)i will give my kvb acc details:),,,,0,k give kvb acc details
ham,Oh all have to come ah?,,,,0,oh come ah
spam,money!!! you r a lucky winner ! 2 claim your prize text money 2 88600 over å£1million to give away ! ppt150x3+normal text rate box403 w1t1jy,,,,1,money r lucky winner claim prize text money million give away ppt x normal text rate box w jy
ham,I'm really sorry i won't b able 2 do this friday.hope u can find an alternative.hope yr term's going ok:-),,,,0,really sorry b able friday hope u find alternative hope yr term going ok
ham,Congratulations ore mo owo re wa. Enjoy it and i wish you many happy moments to and fro wherever you go,,,,0,congratulations ore mo owo wa enjoy wish many happy moments fro wherever go
ham,So do you have samus shoulders yet,,,,0,samus shoulders yet
ham,What time you think you'll have it? Need to know when I should be near campus,,,,0,time think need know near campus
spam,"Dear Matthew please call 09063440451 from a landline, your complimentary 4*Lux Tenerife holiday or å£1000 CASH await collection. ppm150 SAE T&Cs Box334 SK38XH.",,,,1,dear matthew please call landline complimentary lux tenerife holiday cash await collection ppm sae cs box sk xh
ham,Then dun wear jeans lor...,,,,0,dun wear jeans lor
ham,"Since when, which side, any fever, any vomitin.",,,,0,since side fever vomitin
ham,K:)k.are you in college?,,,,0,k k college
spam,"Urgent! call 09061749602 from Landline. Your complimentary 4* Tenerife Holiday or å£10,000 cash await collection SAE T&Cs BOX 528 HP20 1YF 150ppm 18+",,,,1,urgent call landline complimentary tenerife holiday cash await collection sae cs box hp yf ppm
ham,Better. Made up for Friday and stuffed myself like a pig yesterday. Now I feel bleh. But at least its not writhing pain kind of bleh.,,,,0,better made friday stuffed like pig yesterday feel bleh least writhing pain kind bleh
ham,No we sell it all so we'll have tons if coins. Then sell our coins to someone thru paypal. Voila! Money back in life pockets:),,,,0,sell tons coins sell coins someone thru paypal voila money back life pockets
ham,Theyre doing it to lots of places. Only hospitals and medical places are safe.,,,,0,theyre lots places hospitals medical places safe
spam,How about getting in touch with folks waiting for company? Just txt back your NAME and AGE to opt in! Enjoy the community (150p/SMS),,,,1,getting touch folks waiting company txt back name age opt enjoy community p sms
ham,And also I've sorta blown him off a couple times recently so id rather not text him out of the blue looking for weed,,,,0,also sorta blown couple times recently id rather text blue looking weed
ham,"I sent my scores to sophas and i had to do secondary application for a few schools. I think if you are thinking of applying, do a research on cost also. Contact joke ogunrinde, her school is one me the less expensive ones",,,,0,sent scores sophas secondary application schools think thinking applying research cost also contact joke ogunrinde school one less expensive ones
ham,I cant wait to see you! How were the photos were useful? :),,,,0,cant wait see photos useful
spam,Ur cash-balance is currently 500 pounds - to maximize ur cash-in now send GO to 86688 only 150p/msg. CC: 08718720201 PO BOX 114/14 TCR/W1,,,,1,ur cash balance currently pounds maximize ur cash send go p msg cc po box tcr w
ham,Hey i booked the kb on sat already... what other lessons are we going for ah? Keep your sat night free we need to meet and confirm our lodging ,,,,0,hey booked kb sat already lessons going ah keep sat night free need meet confirm lodging
ham,Chk in ur belovd ms dict,,,,0,chk ur belovd ms dict
ham,Is that what time you want me to come?,,,,0,time want come
ham,"Awesome, lemme know whenever you're around",,,,0,awesome lem know whenever around
ham,Shb b ok lor... Thanx...,,,,0,shb b ok lor thanx
ham,"Beautiful Truth against Gravity.. Read carefully: \Our heart feels light when someone is in it.. But it feels very heavy when someone leaves it..\"" GOOD NIGHT""",,,,0,beautiful truth gravity read carefully heart feels light someone feels heavy someone leaves good night
ham,Also remember to get dobby's bowl from your car,,,,0,also remember get dobby bowl car
spam,Filthy stories and GIRLS waiting for your,,,,1,filthy stories girls waiting
ham,Sorry i now then c ur msg... Yar lor so poor thing... But only 4 one night... Tmr u'll have a brand new room 2 sleep in...,,,,0,sorry c ur msg yar lor poor thing one night tmr u brand new room sleep
ham,"Love isn't a decision, it's a feeling. If we could decide who to love, then, life would be much simpler, but then less magical",,,,0,love decision feeling could decide love life would much simpler less magical
ham,Welp apparently he retired,,,,0,welp apparently retired
ham,My sort code is  and acc no is . The bank is natwest. Can you reply to confirm i've sent this to the right person!,,,,0,sort code acc bank natwest reply confirm sent right person
ham,Where @,,,,0,
ham,U sure u can't take any sick time?,,,,0,u sure u take sick time
spam,URGENT! We are trying to contact U. Todays draw shows that you have won a å£800 prize GUARANTEED. Call 09050001808 from land line. Claim M95. Valid12hrs only,,,,1,urgent trying contact u todays draw shows prize guaranteed call land line claim valid hrs
ham,Yo chad which gymnastics class do you wanna take? The site says Christians class is full..,,,,0,yo chad gymnastics class wan na take site says christians class full
ham,Or better still can you catch her and let ask her if she can sell  &lt;#&gt;  for me.,,,,0,better still catch let ask sell lt gt
ham,I am not sure about night menu. . . I know only about noon menu,,,,0,sure night menu know noon menu
ham,What do u want when i come back?.a beautiful necklace as a token of my heart for you.thats what i will give but ONLY to MY WIFE OF MY LIKING.BE THAT AND SEE..NO ONE can give you that.dont call me.i will wait till i come.,,,,0,u want come back beautiful necklace token heart thats give wife liking see one give dont call wait till come
ham,Are you willing to go for aptitude class.,,,,0,willing go aptitude class
ham,"It wont b until 2.15 as trying 2 sort house out, is that ok?",,,,0,wont b trying sort house ok
ham,"Yar lor he wan 2 go c horse racing today mah, so eat earlier lor. I ate chicken rice. U?",,,,0,yar lor wan go c horse racing today mah eat earlier lor ate chicken rice u
ham,"Haha awesome, omw back now then",,,,0,haha awesome omw back
ham,Yup i thk so until e shop closes lor.,,,,0,yup thk e shop closes lor
ham,what is your account number?,,,,0,account number
ham,Eh u send wrongly lar...,,,,0,eh u send wrongly lar
ham,Hey no I ad a crap nite was borin without ya 2 boggy with me u boring biatch! Thanx but u wait til nxt time il ave ya ,,,,0,hey ad crap nite borin without ya boggy u boring biatch thanx u wait til nxt time il ave ya
ham,Ok i shall talk to him,,,,0,ok shall talk
ham,Dont hesitate. You know this is the second time she has had weakness like that. So keep i notebook of what she eat and did the day before or if anything changed the day before so that we can be sure its nothing,,,,0,dont hesitate know second time weakness like keep notebook eat day anything changed day sure nothing
ham,Hey you can pay. With salary de. Only  &lt;#&gt; .,,,,0,hey pay salary de lt gt
ham,Another month. I need chocolate weed and alcohol.,,,,0,another month need chocolate weed alcohol
ham,If he started searching he will get job in few days.he have great potential and talent.,,,,0,started searching get job days great potential talent
ham,Reckon need to be in town by eightish to walk from * carpark.,,,,0,reckon need town eightish walk carpark
spam,"Congrats! 2 mobile 3G Videophones R yours. call 09063458130 now! videochat wid your mates, play java games, Dload polyPH music, noline rentl.",,,,1,congrats mobile g videophones r call videochat wid mates play java games dload polyph music noline rentl
ham,LOOK AT THE FUCKIN TIME. WHAT THE FUCK YOU THINK IS UP,,,,0,look fuckin time fuck think
ham,Yo guess what I just dropped,,,,0,yo guess dropped
ham,Carlos says he'll be at mu in  &lt;#&gt;  minutes,,,,0,carlos says mu lt gt minutes
ham,I'm in office now . I will call you  &lt;#&gt;  min:),,,,0,office call lt gt min
ham,"Geeee ... I miss you already, you know ? Your all I can think about. Fuck, I can't wait till next year when we will be together ... *loving kiss*",,,,0,geeee miss already know think fuck wait till next year together loving kiss
ham,"Yun ah.the ubi one say if Ì_ wan call by tomorrow.call 67441233 look for irene.ere only got bus8,22,65,61,66,382. Ubi cres,ubi tech park.6ph for 1st 5wkg days.Ì¬n",,,,0,yun ah ubi one say wan call tomorrow call look irene ere got bus ubi cres ubi tech park ph st wkg days n
ham,Ugh. Gotta drive back to sd from la. My butt is sore.,,,,0,ugh got ta drive back sd la butt sore
ham,26th OF JULY,,,,0,th july
ham,Hi im having the most relaxing time ever! we have to get up at 7am every day! was the party good the other night? I get home tomorrow at 5ish.,,,,0,hi im relaxing time ever get every day party good night get home tomorrow ish
ham,Up to Ì_... ÌÏ wan come then come lor... But i din c any stripes skirt...,,,,0,wan come come lor din c stripes skirt
ham,The Xmas story is peace.. The Xmas msg is love.. The Xmas miracle is jesus.. Hav a blessed month ahead &amp; wish U Merry Xmas...,,,,0,xmas story peace xmas msg love xmas miracle jesus hav blessed month ahead amp wish u merry xmas
ham,"I can't, I don't have her number!",,,,0,number
ham,Change again... It's e one next to escalator...,,,,0,change e one next escalator
ham,Yetunde i'm in class can you not run water on it to make it ok. Pls now.,,,,0,yetunde class run water make ok pls
ham,Not a lot has happened here. Feels very quiet. Beth is at her aunts and charlie is working lots. Just me and helen in at the mo. How have you been? ,,,,0,lot happened feels quiet beth aunts charlie working lots helen mo
ham,Then Ì_ wait 4 me at bus stop aft ur lect lar. If i dun c Ì_ then i go get my car then come back n pick Ì_.,,,,0,wait bus stop aft ur lect lar dun c go get car come back n pick
ham,"Aight will do, thanks again for comin out",,,,0,aight thanks comin
ham,No..but heard abt tat..,,,,0,heard abt tat
ham,&lt;#&gt;  am I think? Should say on syllabus,,,,0,lt gt think say syllabus
ham,Umma. Did she say anything,,,,0,umma say anything
ham,Give me a sec to think think about it,,,,0,give sec think think
spam,Panasonic & BluetoothHdset FREE. Nokia FREE. Motorola FREE & DoubleMins & DoubleTxt on Orange contract. Call MobileUpd8 on 08000839402 or call 2optout,,,,1,panasonic bluetoothhdset free nokia free motorola free doublemins doubletxt orange contract call mobileupd call optout
ham,I don't quite know what to do. I still can't get hold of anyone. I cud pick you up bout 7.30pm and we can see if they're in the pub?,,,,0,quite know still get hold anyone cud pick bout pm see pub
ham,"Poyyarikatur,kolathupalayam,unjalur post,erode dis, &lt;#&gt; .",,,,0,poyyarikatur kolathupalayam unjalur post erode dis lt gt
ham,"Dear Hero,i am leaving to qatar tonite for an apt opportunity.pls do keep in touch at  &lt;EMAIL&gt; ,kerala",,,,0,dear hero leaving qatar tonite apt opportunity pls keep touch lt email gt kerala
ham,Lol I would but my mom would have a fit and tell the whole family how crazy and terrible I am,,,,0,lol would mom would fit tell whole family crazy terrible
ham,"I just got home babe, are you still awake ?",,,,0,got home babe still awake
ham,I dunno they close oredi not... ÌÏ v ma fan...,,,,0,dunno close oredi v fan
ham,Just buy a pizza. Meat lovers or supreme. U get to pick.,,,,0,buy pizza meat lovers supreme u get pick
ham,"Ya, told..she was asking wats matter?",,,,0,ya told asking wats matter
ham,"Dear,regret i cudnt pick call.drove down frm ctla now at cochin home.left mobile in car..ente style ishtamayoo?happy bakrid!",,,,0,dear regret cudnt pick call drove frm ctla cochin home left mobile car ente style ishtamayoo happy bakrid
spam,FREE for 1st week! No1 Nokia tone 4 ur mob every week just txt NOKIA to 8007 Get txting and tell ur mates www.getzed.co.uk POBox 36504 W45WQ norm150p/tone 16+,,,,1,free st week nokia tone ur mob every week txt nokia get txting tell ur mates www getzed co uk pobox w wq norm p tone
ham,Shall i send that exe to your mail id.,,,,0,shall send exe mail id
ham,Nope watching tv at home... Not going out. V bored...,,,,0,nope watching tv home going v bored
ham,Don know..wait i will check it.,,,,0,know wait check
ham,"Good afternoon on this glorious anniversary day, my sweet J !! I hope this finds you happy and content, my Prey. I think of you and send a teasing kiss from across the sea coaxing images of fond souveniers ... You Cougar-Pen",,,,0,good afternoon glorious anniversary day sweet j hope finds happy content prey think send teasing kiss across sea coaxing images fond souveniers cougar pen
spam,Guess what! Somebody you know secretly fancies you! Wanna find out who it is? Give us a call on 09065394514 From Landline DATEBox1282EssexCM61XN 150p/min 18,,,,1,guess somebody know secretly fancies wan na find give us call landline datebox essexcm xn p min
ham,We still on for tonight?,,,,0,still tonight
ham,May i call You later Pls,,,,0,may call later pls
ham,Hasn't that been the pattern recently crap weekends?,,,,0,pattern recently crap weekends
ham,I have a sore throat. It's scratches when I talk,,,,0,sore throat scratches talk
ham,Yes da. Any plm at ur office,,,,0,yes da plm ur office
ham,Are you not around or just still asleep? :V,,,,0,around still asleep v
ham,"Lol you forgot it eh ? Yes, I'll bring it in babe",,,,0,lol forgot eh yes bring babe
ham,"Its good, we'll find a way",,,,0,good find way
ham,Can not use foreign stamps in this country. Good lecture .,,,,0,use foreign stamps country good lecture
ham,Yup bathe liao...,,,,0,yup bathe liao
ham,HAPPY NEW YEAR MY NO.1 MAN,,,,0,happy new year man
ham,"OH MR SHEFFIELD! You wanna play THAT game, okay. You're the boss and I'm the nanny. You give me a raise and I'll give YOU one!!",,,,0,oh mr sheffield wan na play game okay boss nanny give raise give one
ham,ZOE IT JUST HIT ME 2 IM FUCKING SHITIN MYSELF IL DEFO TRY MY HARDEST 2 CUM 2MOROW LUV U MILLIONS LEKDOG,,,,0,zoe hit im fucking shitin il defo try hardest cum morow luv u millions lekdog
ham,"Hello baby, did you get back to your mom's ? Are you setting up the computer now ? Filling your belly ? How goes it loverboy ? I miss you already ... *sighs*",,,,0,hello baby get back mom setting computer filling belly goes loverboy miss already sighs
ham,"No my blankets are sufficient, thx",,,,0,blankets sufficient thx
ham,"naughty little thought: 'its better to flirt, flirt n flirt, rather than loving someone n gettin hurt, hurt n hurt...:-) Gud nyt",,,,0,naughty little thought better flirt flirt n flirt rather loving someone n gettin hurt hurt n hurt gud nyt
ham,"Edison has rightly said, \A fool can ask more questions than a wise man can answer\"" Now you know why all of us are speechless during ViVa.. GM",GN,GE,"GNT:-)""",0,edison rightly said fool ask questions wise man answer know us speechless viva gm
ham,They just talking thats it de. They wont any other.,,,,0,talking thats de wont
ham,Today am going to college so am not able to atten the class.,,,,0,today going college able atten class
ham,I'm in class. Will holla later,,,,0,class holla later
ham,Mmm thats better now i got a roast down me! iåÕd b better if i had a few drinks down me 2! Good indian?,,,,0,mmm thats better got roast b better drinks good indian
spam,"We know someone who you know that fancies you. Call 09058097218 to find out who. POBox 6, LS15HB 150p",,,,1,know someone know fancies call find pobox ls hb p
ham,"Come round, it's . ",,,,0,come round
ham,"Do 1 thing! Change that sentence into: \Because i want 2 concentrate in my educational career im leaving here..\""""",,,,0,thing change sentence want concentrate educational career im leaving
spam,"1000's flirting NOW! Txt GIRL or BLOKE & ur NAME & AGE, eg GIRL ZOE 18 to 8007 to join and get chatting!",,,,1,flirting txt girl bloke ur name age eg girl zoe join get chatting
ham,I walked an hour 2 c u! doesnåÕt that show I care y wont u believe im serious?,,,,0,walked hour c u show care wont u believe im serious
spam,18 days to Euro2004 kickoff! U will be kept informed of all the latest news and results daily. Unsubscribe send GET EURO STOP to 83222.,,,,1,days euro kickoff u kept informed latest news results daily unsubscribe send get euro stop
ham,Are you available for soiree on June 3rd?,,,,0,available soiree june rd
ham,Do u noe wat time e place dat sells 4d closes?,,,,0,u noe wat time e place dat sells closes
ham,"I got another job! The one at the hospital doing data analysis or something, starts on monday! Not sure when my thesis will got finished",,,,0,got another job one hospital data analysis something starts monday sure thesis got finished
ham,Jay's getting really impatient and belligerent,,,,0,jay getting really impatient belligerent
ham,HIYA COMIN 2 BRISTOL 1 ST WEEK IN APRIL. LES GOT OFF + RUDI ON NEW YRS EVE BUT I WAS SNORING.THEY WERE DRUNK! U BAK AT COLLEGE YET? MY WORK SENDS INK 2 BATH.,,,,0,hiya comin bristol st week april les got rudi new yrs eve snoring drunk u bak college yet work sends ink bath
ham,I'm at work. Please call,,,,0,work please call
ham,Then u drive lor.,,,,0,u drive lor
ham,Ard 515 like dat. Y?,,,,0,ard like dat
ham,Tell me they're female :V how're you throwing in? We're deciding what all to get now,,,,0,tell female v throwing deciding get
spam,EASTENDERS TV Quiz. What FLOWER does DOT compare herself to? D= VIOLET E= TULIP F= LILY txt D E or F to 84025 NOW 4 chance 2 WIN å£100 Cash WKENT/150P16+,,,,1,eastenders tv quiz flower dot compare violet e tulip f lily txt e f chance win cash wkent p
ham,I'm working technical support :)voice process.networking field.,,,,0,working technical support voice process networking field
ham,I might come to kerala for 2 days.so you can be prepared to take a leave once i finalise .dont plan any travel during my visit.need to finish urgent works.,,,,0,might come kerala days prepared take leave finalise dont plan travel visit need finish urgent works
ham,Ok. Not sure what time tho as not sure if can get to library before class. Will try. See you at some point! Have good eve.,,,,0,ok sure time tho sure get library class try see point good eve
spam,We have new local dates in your area - Lots of new people registered in YOUR AREA. Reply DATE to start now! 18 only www.flirtparty.us REPLYS150,,,,1,new local dates area lots new people registered area reply date start www flirtparty us replys
ham,"That's fine, I'll bitch at you about it later then",,,,0,fine bitch later
ham,No my mum went 2 dentist.,,,,0,mum went dentist
ham,Once free call me sir. I am waiting for you.,,,,0,free call sir waiting
ham,Meeting u is my work. . . Tel me when shall i do my work tomorrow,,,,0,meeting u work tel shall work tomorrow
spam,Someone U know has asked our dating service 2 contact you! Cant Guess who? CALL 09058091854 NOW all will be revealed. PO BOX385 M6 6WU,,,,1,someone u know asked dating service contact cant guess call revealed po box wu
ham,Jus finish bathing...,,,,0,jus finish bathing
ham,"alright, I'll make sure the car is back tonight",,,,0,alright make sure car back tonight
spam,URGENT! We are trying to contact U. Todays draw shows that you have won a å£800 prize GUARANTEED. Call 09050003091 from land line. Claim C52. Valid12hrs only,,,,1,urgent trying contact u todays draw shows prize guaranteed call land line claim c valid hrs
spam,Dear U've been invited to XCHAT. This is our final attempt to contact u! Txt CHAT to 86688,,,,1,dear u invited xchat final attempt contact u txt chat
ham,Lul im gettin some juicy gossip at the hospital. Two nurses are talking about how fat they are gettin. And one thinks shes obese. Oyea.,,,,0,lul im gettin juicy gossip hospital two nurses talking fat gettin one thinks shes obese oyea
ham,Aight ill get on fb in a couple minutes,,,,0,aight ill get fb couple minutes
ham,Oi. Ami parchi na re. Kicchu kaaj korte iccha korche na. Phone ta tul na. Plz. Plz.,,,,0,oi ami parchi na kicchu kaaj korte iccha korche na phone ta tul na plz plz
ham,Where can download clear movies. Dvd copies.,,,,0,download clear movies dvd copies
ham,"Yep, by the pretty sculpture",,,,0,yep pretty sculpture
ham,Convey my regards to him,,,,0,convey regards
ham,Me too watching surya movie only. . .after 6 pm vijay movie POKKIRI,,,,0,watching surya movie pm vijay movie pokkiri
ham,You tell what happen dont behave like this to me. Ok no need to say,,,,0,tell happen dont behave like ok need say
ham,Can u get pic msgs to your phone?,,,,0,u get pic msgs phone
ham,Send to someone else :-),,,,0,send someone else
ham,Wat makes some people dearer is not just de happiness dat u feel when u meet them but de pain u feel when u miss dem!!!,,,,0,wat makes people dearer de happiness dat u feel u meet de pain u feel u miss dem
ham,For me the love should start with attraction.i should feel that I need her every time around me.she should be the first thing which comes in my thoughts.I would start the day and end it with her.she should be there every time I dream.love will be then when my every breath has her name.my life should happen around her.my life will be named to her.I would cry for her.will give all my happiness and take all her sorrows.I will be ready to fight with anyone for her.I will be in love when I will be doing the craziest things for her.love will be when I don't have to proove anyone that my girl is the most beautiful lady on the whole planet.I will always be singing praises for her.love will be when I start up making chicken curry and end up makiing sambar.life will be the most beautiful then.will get every morning and thank god for the day because she is with me.I would like to say a lot..will tell later..,,,,0,love start attraction feel need every time around first thing comes thoughts would start day end every time dream love every breath name life happen around life named would cry give happiness take sorrows ready fight anyone love craziest things love proove anyone girl beautiful lady whole planet always singing praises love start making chicken curry end makiing sambar life beautiful get every morning thank god day would like say lot tell later
ham,"FR'NDSHIP is like a needle of a clock. Though V r in d same clock, V r nt able 2 met. Evn if V meet,itz only 4few seconds. Bt V alwys stay conected. Gud 9t;-)",,,,0,fr ndship like needle clock though v r clock v r nt able met evn v meet itz seconds bt v alwys stay conected gud
ham,I don't think he has spatula hands!,,,,0,think spatula hands
ham,You can never do NOTHING,,,,0,never nothing
spam,You are awarded a SiPix Digital Camera! call 09061221061 from landline. Delivery within 28days. T Cs Box177. M221BP. 2yr warranty. 150ppm. 16 . p på£3.99,,,,1,awarded sipix digital camera call landline delivery within days cs box bp yr warranty ppm p p
ham,Goodmorning today i am late for  &lt;DECIMAL&gt; min.,,,,0,goodmorning today late lt decimal gt min
spam,WIN URGENT! Your mobile number has been awarded with a å£2000 prize GUARANTEED call 09061790121 from land line. claim 3030 valid 12hrs only 150ppm ,,,,1,win urgent mobile number awarded prize guaranteed call land line claim valid hrs ppm
ham,Please da call me any mistake from my side sorry da. Pls da goto doctor.,,,,0,please da call mistake side sorry da pls da goto doctor
ham,Where r we meeting?,,,,0,r meeting
ham,"Well the weather in cali's great. But its complexities are great. You need a car to move freely, its taxes are outrageous. But all in all its a great place. The sad part is i missing home.",,,,0,well weather cali great complexities great need car move freely taxes outrageous great place sad part missing home
ham,Now only i reached home. . . I am very tired now. . I will come tomorro,,,,0,reached home tired come tomorro
ham,Ryder unsold.now gibbs.,,,,0,ryder unsold gibbs
spam,Dear Subscriber ur draw 4 å£100 gift voucher will b entered on receipt of a correct ans. When was Elvis Presleys Birthday? TXT answer to 80062,,,,1,dear subscriber ur draw gift voucher b entered receipt correct ans elvis presleys birthday txt answer
ham,Don't fret. I'll buy the ovulation test strips and send them to you. You wont get them til like march. Can you send me your postal address.u'll be alright.Okay.,,,,0,fret buy ovulation test strips send wont get til like march send postal address u alright okay
ham,NO GIFTS!! You trying to get me to throw myself off a cliff or something?,,,,0,gifts trying get throw cliff something
ham,Been up to ne thing interesting. Did you have a good birthday? When are u wrking nxt? I started uni today.,,,,0,ne thing interesting good birthday u wrking nxt started uni today
ham,You busy or can I come by at some point and figure out what we're doing tomorrow,,,,0,busy come point figure tomorrow
ham,"Yeah go on then, bored and depressed sittin waitin for phone to ring... Hope the wind drops though, scary",,,,0,yeah go bored depressed sittin waitin phone ring hope wind drops though scary
ham,Black shirt n blue jeans... I thk i c Ì_...,,,,0,black shirt n blue jeans thk c
ham,Aiyah sorry lor... I watch tv watch until i forgot 2 check my phone.,,,,0,aiyah sorry lor watch tv watch forgot check phone
spam,Message Important information for O2 user. Today is your lucky day! 2 find out why log onto http://www.urawinner.com there is a fantastic surprise awaiting you,,,,1,message important information user today lucky day find log onto http www urawinner com fantastic surprise awaiting
ham,on hen night. Going with a swing,,,,0,hen night going swing
ham,"Good afternoon, my love. How goes your day ? What are you up to ? I woke early and am online waiting for you ... Hmmm ... Italian boy is online I see . *grins*",,,,0,good afternoon love goes day woke early online waiting hmmm italian boy online see grins
ham,From someone not to smoke when every time I've smoked in the last two weeks is because of you calling or texting me that you wanted to smoke,,,,0,someone smoke every time smoked last two weeks calling texting wanted smoke
ham,No you'll just get a headache trying to figure it out. U can trust me to do the math. I promise. O:-),,,,0,get headache trying figure u trust math promise
ham,S s..first time..dhoni rocks...,,,,0,first time dhoni rocks
ham,Ok ill tell the company,,,,0,ok ill tell company
ham,"Awesome, think we can get an 8th at usf some time tonight?",,,,0,awesome think get th usf time tonight
ham,So that means you still think of teju,,,,0,means still think teju
ham,"No I'm good for the movie, is it ok if I leave in an hourish?",,,,0,good movie ok leave hourish
ham,No no:)this is kallis home ground.amla home town is durban:),,,,0,kallis home ground amla home town durban
ham,So lets make it saturday or monday as per convenience.,,,,0,lets make saturday monday per convenience
ham,Hey... What time is your driving on fri? We go for evaluation on fri?,,,,0,hey time driving fri go evaluation fri
spam,"449050000301 You have won a å£2,000 price! To claim, call 09050000301.",,,,1,price claim call
ham,I'm going 4 lunch now wif my family then aft dat i go str 2 orchard lor.,,,,0,going lunch wif family aft dat go str orchard lor
spam,"Bored of speed dating? Try SPEEDCHAT, txt SPEEDCHAT to 80155, if you don't like em txt SWAP and get a new chatter! Chat80155 POBox36504W45WQ 150p/msg rcd 16",,,,1,bored speed dating try speedchat txt speedchat like em txt swap get new chatter chat pobox w wq p msg rcd
ham,Cancel cheyyamo?and get some money back?,,,,0,cancel cheyyamo get money back
spam,Do you want 750 anytime any network mins 150 text and a NEW video phone for only five pounds per week call 08000776320 now or reply for delivery Tomorrow,,,,1,want anytime network mins text new video phone five pounds per week call reply delivery tomorrow
ham,Ok.ok ok..then..whats ur todays plan,,,,0,ok ok ok whats ur todays plan
ham,Good morning princess! How are you?,,,,0,good morning princess
ham,Aiyar sorry lor forgot 2 tell u...,,,,0,aiyar sorry lor forgot tell u
spam,For taking part in our mobile survey yesterday! You can now have 500 texts 2 use however you wish. 2 get txts just send TXT to 80160 T&C www.txt43.com 1.50p,,,,1,taking part mobile survey yesterday texts use however wish get txts send txt c www txt com p
ham,Not tonight mate. Catching up on some sleep. This is my new number by the way. ,,,,0,tonight mate catching sleep new number way
ham,"Height of \Oh shit....!!\"" situation: A guy throws a luv letter on a gal but falls on her brothers head whos a gay",".;-):-D""",,,0,height oh shit situation guy throws luv letter gal falls brothers head whos gay
spam,Ur HMV Quiz cash-balance is currently å£500 - to maximize ur cash-in now send HMV1 to 86688 only 150p/msg,,,,1,ur hmv quiz cash balance currently maximize ur cash send hmv p msg
ham,"So check your errors and if you had difficulties, do correction.",,,,0,check errors difficulties correction
ham,Howz pain?hope u r fine..,,,,0,howz pain hope u r fine
ham,U wake up already? Thanx 4 e tau sar piah it's quite nice.,,,,0,u wake already thanx e tau sar piah quite nice
ham,K do I need a login or anything,,,,0,k need login anything
spam,Dont forget you can place as many FREE Requests with 1stchoice.co.uk as you wish. For more Information call 08707808226.,,,,1,dont forget place many free requests stchoice co uk wish information call
ham,LOL ... No just was busy,,,,0,lol busy
ham,What * u wearing?,,,,0,u wearing
ham,Oh:)as usual vijay film or its different?,,,,0,oh usual vijay film different
spam,I don't know u and u don't know me. Send CHAT to 86688 now and let's find each other! Only 150p/Msg rcvd. HG/Suite342/2Lands/Row/W1J6HL LDN. 18 years or over.,,,,1,know u u know send chat let find p msg rcvd hg suite lands row w j hl ldn years
ham,Have you had a good day? Mine was really busy are you up to much tomorrow night?,,,,0,good day mine really busy much tomorrow night
ham,And is there a way you can send shade's stuff to her. And she has been wonderful too.,,,,0,way send shade stuff wonderful
ham,Really... I tot ur paper ended long ago... But wat u copied jus now got use? U happy lar... I still haf 2 study :-(,,,,0,really tot ur paper ended long ago wat u copied jus got use u happy lar still haf study
spam,"Thank you, winner notified by sms. Good Luck! No future marketing reply STOP to 84122 customer services 08450542832",,,,1,thank winner notified sms good luck future marketing reply stop customer services
ham,Babe ? I lost you ... :-(,,,,0,babe lost
ham,Ok... Help me ask if she's working tmr a not?,,,,0,ok help ask working tmr
ham,I'm not driving... Raining! Then i'll get caught at e mrt station lor.,,,,0,driving raining get caught e mrt station lor
ham,Not a drop in the tank,,,,0,drop tank
ham,(That said can you text him one more time?),,,,0,said text one time
ham,Ok i go change also...,,,,0,ok go change also
spam,1000's of girls many local 2 u who r virgins 2 this & r ready 2 4fil ur every sexual need. Can u 4fil theirs? text CUTE to 69911(å£1.50p. m),,,,1,girls many local u r virgins r ready fil ur every sexual need u fil text cute p
ham,Did u find a sitter for kaitlyn? I was sick and slept all day yesterday.,,,,0,u find sitter kaitlyn sick slept day yesterday
ham,"Sorry man, accidentally left my phone on silent last night and didn't check it til I got up",,,,0,sorry man accidentally left phone silent last night check til got
ham,Hey.. Something came up last min.. Think i wun be signing up tmr.. Hee,,,,0,hey something came last min think wun signing tmr hee
ham,He's an adult and would learn from the experience. There's no real danger. I just dont like peeps using drugs they dont need. But no comment,,,,0,adult would learn experience real danger dont like peeps using drugs dont need comment
ham,Hey! There's veggie pizza... :/,,,,0,hey veggie pizza
ham,Yun buying... But school got offer 2000 plus only...,,,,0,yun buying school got offer plus
ham,You sure your neighbors didnt pick it up,,,,0,sure neighbors didnt pick
ham,K. I will sent it again,,,,0,k sent
ham,Well. Im computerless. Time to make some oreo truffles,,,,0,well im computerless time make oreo truffles
ham,"Haha yeah I see that now, be there in a sec",,,,0,haha yeah see sec
ham,I am not having her number sir,,,,0,number sir
ham,Lol now I'm after that hot air balloon!,,,,0,lol hot air balloon
ham,Ok . . now i am in bus. . If i come soon i will come otherwise tomorrow,,,,0,ok bus come soon come otherwise tomorrow
ham,Msgs r not time pass.They silently say that I am thinking of U right now and also making U think of me at least 4 a moment. Gd nt.swt drms @Shesil,,,,0,msgs r time pass silently say thinking u right also making u think least moment gd nt swt drms shesil
ham,"Yeah, we can probably swing by once my roommate finishes up with his girl",,,,0,yeah probably swing roommate finishes girl
spam,"Got what it takes 2 take part in the WRC Rally in Oz? U can with Lucozade Energy! Text RALLY LE to 61200 (25p), see packs or lucozade.co.uk/wrc & itcould be u!",,,,1,got takes take part wrc rally oz u lucozade energy text rally le p see packs lucozade co uk wrc itcould u
ham,Happy new years melody!,,,,0,happy new years melody
ham,ÌÏ dun need to pick ur gf?,,,,0,dun need pick ur gf
ham,Yay! You better not have told that to 5 other girls either.,,,,0,yay better told girls either
ham,Horrible u eat macs eat until u forgot abt me already rite... U take so long 2 reply. I thk it's more toot than b4 so b prepared. Now wat shall i eat?,,,,0,horrible u eat macs eat u forgot abt already rite u take long reply thk toot b b prepared wat shall eat
ham,"Did he say how fantastic I am by any chance, or anything need a bigger life lift as losing the will 2 live, do you think I would be the first person 2 die from N V Q? ",,,,0,say fantastic chance anything need bigger life lift losing live think would first person die n v q
ham,Just nw i came to hme da..,,,,0,nw came hme da
ham,"I'm outside islands, head towards hard rock and you'll run into me",,,,0,outside islands head towards hard rock run
ham,To day class is there are no class.,,,,0,day class class
ham,I'm in chennai velachery:),,,,0,chennai velachery
ham,You flippin your shit yet?,,,,0,flippin shit yet
ham,"K give me a sec, breaking a  &lt;#&gt;  at cstore",,,,0,k give sec breaking lt gt cstore
ham,Am i that much bad to avoid like this?,,,,0,much bad avoid like
ham,"Yo, you around? Just got my car back",,,,0,yo around got car back
ham,Annoying isn't it.,,,,0,annoying
ham,"Goodmorning, Today i am late for  &lt;#&gt; min.",,,,0,goodmorning today late lt gt min
ham,There's no point hangin on to mr not right if he's not makin u happy,,,,0,point hangin mr right makin u happy
ham,All will come alive.better correct any good looking figure there itself..,,,,0,come alive better correct good looking figure
ham,In that case I guess I'll see you at campus lodge,,,,0,case guess see campus lodge
ham,We're done...,,,,0,done
ham,Come to my home for one last time i wont do anything. Trust me.,,,,0,come home one last time wont anything trust
ham,I was up all night too worrying about this appt. It's a shame we missed a girls night out with quizzes popcorn and you doing my hair.,,,,0,night worrying appt shame missed girls night quizzes popcorn hair
spam,Sex up ur mobile with a FREE sexy pic of Jordan! Just text BABE to 88600. Then every wk get a sexy celeb! PocketBabe.co.uk 4 more pics. 16 å£3/wk 087016248,,,,1,sex ur mobile free sexy pic jordan text babe every wk get sexy celeb pocketbabe co uk pics wk
ham,Ok... C ya...,,,,0,ok c ya
spam,You have 1 new voicemail. Please call 08719181503,,,,1,new voicemail please call
ham,What he said is not the matter. My mind saying some other matter is there.,,,,0,said matter mind saying matter
ham,"Al he does is moan at me if n e thin goes wrong its my fault&al de arguments r my fault&fed up of him of himso y bother? Hav 2go, thanx.xx",,,,0,al moan n e thin goes wrong fault al de arguments r fault fed himso bother hav go thanx xx
ham,NEFT Transaction with reference number  &lt;#&gt;  for Rs. &lt;DECIMAL&gt;  has been credited to the beneficiary account on  &lt;#&gt;  at  &lt;TIME&gt; : &lt;#&gt;,,,,0,neft transaction reference number lt gt rs lt decimal gt credited beneficiary account lt gt lt time gt lt gt
ham,Otherwise had part time job na-tuition..,,,,0,otherwise part time job na tuition
ham,I know she called me,,,,0,know called
ham,"Me also da, i feel yesterday night  wait til 2day night dear.",,,,0,also da feel yesterday night wait til day night dear
ham,Thanks for understanding. I've been trying to tell sura that.,,,,0,thanks understanding trying tell sura
spam,WIN a year supply of CDs 4 a store of ur choice worth å£500 & enter our å£100 Weekly draw txt MUSIC to 87066 Ts&Cs www.Ldew.com.subs16+1win150ppmx3,,,,1,win year supply cds store ur choice worth enter weekly draw txt music ts cs www ldew com subs win ppmx
ham,The whole car appreciated the last two! Dad and are having a map reading semi argument but apart from that things are going ok. P.,,,,0,whole car appreciated last two dad map reading semi argument apart things going ok p
spam,"As a SIM subscriber, you are selected to receive a Bonus! Get it delivered to your door, Txt the word OK to No: 88600 to claim. 150p/msg, EXP. 30Apr",,,,1,sim subscriber selected receive bonus get delivered door txt word ok claim p msg exp apr
ham,I need you to be in my strong arms...,,,,0,need strong arms
ham,Also maaaan are you missing out,,,,0,also maaaan missing
ham,His bday real is in april .,,,,0,bday real april
ham,Guessin you ain't gonna be here before 9?,,,,0,guessin gon na
ham,Ok then i will come to ur home after half an hour,,,,0,ok come ur home half hour
ham,"Yo, the game almost over? Want to go to walmart soon",,,,0,yo game almost want go walmart soon
ham,"Yeah, probably but not sure. Ilol let u know, but personally I wuldnt bother, then again if ur goin to then I mite as well!!",,,,0,yeah probably sure ilol let u know personally wuldnt bother ur goin mite well
ham,I'll text now! All creepy like so he won't think that we forgot,,,,0,text creepy like think forgot
ham,"that would be good Û_ I'll phone you tomo lunchtime, shall I, to organise something?",,,,0,would good phone tomo lunchtime shall organise something
spam,You have 1 new voicemail. Please call 08719181513.,,,,1,new voicemail please call
ham,"Damn, can you make it tonight or do you want to just wait til tomorrow",,,,0,damn make tonight want wait til tomorrow
ham,K..k..i'm also fine:)when will you complete the course?,,,,0,k k also fine complete course
ham,"True. It is passable. And if you get a high score and apply for phd, you get 5years of salary. So it makes life easier.",,,,0,true passable get high score apply phd get years salary makes life easier
spam,No. 1 Nokia Tone 4 ur mob every week! Just txt NOK to 87021. 1st Tone FREE ! so get txtin now and tell ur friends. 150p/tone. 16 reply HL 4info,,,,1,nokia tone ur mob every week txt nok st tone free get txtin tell ur friends p tone reply hl info
ham,Prakesh is there know.,,,,0,prakesh know
ham,Teach me apps da. When you come to college.,,,,0,teach apps da come college
ham,Rofl betta invest in some  anti aging products,,,,0,rofl betta invest anti aging products
ham,"sir, you will receive the account no another 1hr time. Sorry for the delay.",,,,0,sir receive account another hr time sorry delay
spam,Reply with your name and address and YOU WILL RECEIVE BY POST a weeks completely free accommodation at various global locations www.phb1.com ph:08700435505150p,,,,1,reply name address receive post weeks completely free accommodation various global locations www phb com ph p
ham,So Ì_'ll be submitting da project tmr rite?,,,,0,submitting da project tmr rite
spam,FREE entry into our å£250 weekly comp just send the word ENTER to 84128 NOW. 18 T&C www.textcomp.com cust care 08712405020.,,,,1,free entry weekly comp send word enter c www textcomp com cust care
ham,Jus ans me lar. U'll noe later.,,,,0,jus ans lar u noe later
ham,I want to send something that can sell fast.  &lt;#&gt; k is not easy money.,,,,0,want send something sell fast lt gt k easy money
ham,have got * few things to do. may be in * pub later.,,,,0,got things may pub later
ham,1's finish meeting call me.,,,,0,finish meeting call
ham,Lol ok. I'll snatch her purse too.,,,,0,lol ok snatch purse
ham,"\Hello-/@drivby-:0quit edrunk sorry iff pthis makes no senrd-dnot no how ^ dancce 2 drum n basq!ihave fun 2nhite x ros xxxxxxx\""""",,,,0,hello drivby quit edrunk sorry iff pthis makes senrd dnot dancce drum n basq ihave fun nhite x ros xxxxxxx
ham,How much are we getting?,,,,0,much getting
ham,Is ur paper in e morn or aft tmr?,,,,0,ur paper e morn aft tmr
ham,"Dear relieved of westonzoyland, all going to plan this end too!",,,,0,dear relieved westonzoyland going plan end
ham,Hope you are having a great new semester. Do wish you the very best. You are made for greatness.,,,,0,hope great new semester wish best made greatness
ham,Oh yes I can speak txt 2 u no! Hmm. Did u get  email?,,,,0,oh yes speak txt u hmm u get email
ham,"I want to show you the world, princess :) how about europe?",,,,0,want show world princess europe
ham,Nobody can decide where to eat and dad wants Chinese,,,,0,nobody decide eat dad wants chinese
ham,No shoot me. I'm in the docs waiting room. :/,,,,0,shoot docs waiting room
ham,Now? I'm going out 4 dinner soon..,,,,0,going dinner soon
ham,Hello which the site to download songs its urgent pls,,,,0,hello site download songs urgent pls
ham,"I do know what u mean,  is the king of not havin credit! I'm goin2bed now. Night night sweet! Only1more sleep! ",,,,0,know u mean king havin credit goin bed night night sweet sleep
ham,Horrible gal. Me in sch doing some stuff. How come u got mc?,,,,0,horrible gal sch stuff come u got mc
ham,"HI HUN! IM NOT COMIN 2NITE-TELL EVERY1 IM SORRY 4 ME, HOPE U AVA GOODTIME!OLI RANG MELNITE IFINK IT MITE B SORTED,BUT IL EXPLAIN EVERYTHIN ON MON.L8RS.x",,,,0,hi hun im comin nite tell every im sorry hope u ava goodtime oli rang melnite ifink mite b sorted il explain everythin mon l rs x
spam,Please CALL 08712402779 immediately as there is an urgent message waiting for you,,,,1,please call immediately urgent message waiting
ham,Yeah like if it goes like it did with my friends imma flip my shit in like half an hour,,,,0,yeah like goes like friends imma flip shit like half hour
ham,Mum say we wan to go then go... Then she can shun bian watch da glass exhibition... ,,,,0,mum say wan go go shun bian watch da glass exhibition
ham,What your plan for pongal?,,,,0,plan pongal
ham,Just wait till end of march when el nino gets himself. Oh.,,,,0,wait till end march el nino gets oh
ham,"Not yet chikku..going to room nw, i'm in bus..",,,,0,yet chikku going room nw bus
ham,Am also doing in cbe only. But have to pay.,,,,0,also cbe pay
ham,Honey boo I'm missing u.,,,,0,honey boo missing u
ham,"We have sent JD for Customer Service cum Accounts Executive to ur mail id, For details contact us",,,,0,sent jd customer service cum accounts executive ur mail id details contact us
ham,"Yo, I'm at my parents' gettin cash. Good news: we picked up a downstem",,,,0,yo parents gettin cash good news picked downstem
ham,"Thank you so much. When we skyped wit kz and sura, we didnt get the pleasure of your company. Hope you are good. We've given you ultimatum oh! We are countin down to aburo. Enjoy!",,,,0,thank much skyped wit kz sura didnt get pleasure company hope good given ultimatum oh countin aburo enjoy
spam,"Hungry gay guys feeling hungry and up 4 it, now. Call 08718730555 just 10p/min. To stop texts call 08712460324 (10p/min)",,,,1,hungry gay guys feeling hungry call p min stop texts call p min
ham,Ok. No wahala. Just remember that a friend in need ...,,,,0,ok wahala remember friend need
ham,I will see in half an hour,,,,0,see half hour
ham,"Im in inperialmusic listening2the weirdest track ever byåÓleafcutter johnåÓ-sounds like insects being molested&someone plumbing,remixed by evil men on acid!",,,,0,im inperialmusic listening weirdest track ever leafcutter john sounds like insects molested someone plumbing remixed evil men acid
ham,\Hey sorry I didntgive ya a a bellearlier hunny,"just been in bedbut mite go 2 thepub l8tr if uwana mt up?loads a luv Jenxxx.\""""",,,0,hey sorry didntgive ya bellearlier hunny
ham,SERIOUSLY. TELL HER THOSE EXACT WORDS RIGHT NOW.,,,,0,seriously tell exact words right
spam,Can U get 2 phone NOW? I wanna chat 2 set up meet Call me NOW on 09096102316 U can cum here 2moro Luv JANE xx Callså£1/minmoremobsEMSPOBox45PO139WA,,,,1,u get phone wan na chat set meet call u cum moro luv jane xx calls minmoremobsemspobox po wa
ham,"Tee hee. Off to lecture, cheery bye bye.",,,,0,tee hee lecture cheery bye bye
ham,"Sorry chikku, my cell got some problem thts y i was nt able to reply u or msg u..",,,,0,sorry chikku cell got problem thts nt able reply u msg u
ham,If you still havent collected the dough pls let me know so i can go to the place i sent it to get the control number,,,,0,still havent collected dough pls let know go place sent get control number
ham,Ok...,,,,0,ok
spam,network operator. The service is free. For T & C's visit 80488.biz,,,,1,network operator service free c visit biz
ham,Let me know how to contact you. I've you settled in a room. Lets know you are ok.,,,,0,let know contact settled room lets know ok
ham,Wot u up 2 u weirdo?,,,,0,wot u u weirdo
ham,Can do lor...,,,,0,lor
ham,Dont put your phone on silent mode ok,,,,0,dont put phone silent mode ok
ham,Can i meet Ì_ at 5.. As 4 where depends on where Ì_ wan 2 in lor..,,,,0,meet depends wan lor
ham,Waiting 4 my tv show 2 start lor... U leh still busy doing ur report?,,,,0,waiting tv show start lor u leh still busy ur report
ham,Oh ho. Is this the first time u use these type of words,,,,0,oh ho first time u use type words
ham,Am I the only one who doesn't stalk profiles?,,,,0,one stalk profiles
ham,"Ever green quote ever told by Jerry in cartoon \A Person Who Irritates u Always Is the one Who Loves u Vry Much But Fails to Express It...!..!! :-) :-) gud nyt""",,,,0,ever green quote ever told jerry cartoon person irritates u always one loves u vry much fails express gud nyt
ham,Yes i thought so. Thanks.,,,,0,yes thought thanks
ham,But if she.s drinkin i'm ok.,,,,0,drinkin ok
ham,"Just wondering, the others just took off",,,,0,wondering others took
ham,"Night has ended for another day, morning has come in a special way. May you smile like the sunny rays and leaves your worries at the blue blue bay. Gud mrng",,,,0,night ended another day morning come special way may smile like sunny rays leaves worries blue blue bay gud mrng
ham,"What do you do, my dog ? Must I always wait till the end of your day to have word from you ? Did you run out of time on your cell already?",,,,0,dog must always wait till end day word run time cell already
ham,Happy new year to u too!,,,,0,happy new year u
ham,"Hey...Great deal...Farm tour 9am to 5pm $95/pax, $50 deposit by 16 May",,,,0,hey great deal farm tour pm pax deposit may
ham,Eat jap done oso aft ur lect wat... ÌÏ got lect at 12 rite... ,,,,0,eat jap done oso aft ur lect wat got lect rite
ham,"Hey babe! I saw you came online for a second and then you disappeared, what happened ?",,,,0,hey babe saw came online second disappeared happened
ham,Da my birthdate in certificate is in april but real date is today. But dont publish it. I shall give you a special treat if you keep the secret. Any way thanks for the wishes,,,,0,da birthdate certificate april real date today dont publish shall give special treat keep secret way thanks wishes
ham,Happy birthday... May all ur dreams come true...,,,,0,happy birthday may ur dreams come true
ham,Aiyah u did ok already lar. E nydc at wheellock?,,,,0,aiyah u ok already lar e nydc wheellock
ham,TELL HER I SAID EAT SHIT.,,,,0,tell said eat shit
ham,Sure! I am driving but will reach my destination soon.,,,,0,sure driving reach destination soon
ham,"K so am I, how much for an 8th? Fifty?",,,,0,k much th fifty
ham,Your daily text from me ÛÒ a favour this time,,,,0,daily text favour time
ham,Great to hear you are settling well. So what's happenin wit ola?,,,,0,great hear settling well happenin wit ola
ham,Those cocksuckers. If it makes you feel better ipads are worthless garbage novelty items and you should feel bad for even wanting one,,,,0,cocksuckers makes feel better ipads worthless garbage novelty items feel bad even wanting one
ham,I tot u reach liao. He said t-shirt.,,,,0,tot u reach liao said shirt
ham,"FRAN I DECIDED 2 GO N E WAY IM COMPLETELY BROKE AN KNACKERED I GOT UP BOUT 3 C U 2MRW LOVE JANX P.S THIS IS MY DADS FONE, -NO CREDIT",,,,0,fran decided go n e way im completely broke knackered got bout c u mrw love janx p dads fone credit
ham,Your right! I'll make the appointment right now.,,,,0,right make appointment right
ham,Designation is software developer and may be she get chennai:),,,,0,designation software developer may get chennai
spam,Enjoy the jamster videosound gold club with your credits for 2 new videosounds+2 logos+musicnews! get more fun from jamster.co.uk! 16+only Help? call: 09701213186 ,,,,1,enjoy jamster videosound gold club credits new videosounds logos musicnews get fun jamster co uk help call
spam,"Get 3 Lions England tone, reply lionm 4 mono or lionp 4 poly. 4 more go 2 www.ringtones.co.uk, the original n best. Tones 3GBP network operator rates apply",,,,1,get lions england tone reply lionm mono lionp poly go www ringtones co uk original n best tones gbp network operator rates apply
ham,I jokin oni lar.. ÌÏ busy then i wun disturb Ì_.,,,,0,jokin oni lar busy wun disturb
ham,"Ok, be careful ! Don't text and drive !",,,,0,ok careful text drive
ham,"I.ll always be there, even if its just in spirit. I.ll get a bb soon. Just trying to be sure i need it.",,,,0,always even spirit get bb soon trying sure need
ham,U r too much close to my heart. If u go away i will be shattered. Plz stay with me.,,,,0,u r much close heart u go away shattered plz stay
ham,I love u 2 babe! R u sure everything is alrite. Is he being an idiot? Txt bak girlie,,,,0,love u babe r u sure everything alrite idiot txt bak girlie
ham,How abt making some of the pics bigger?,,,,0,abt making pics bigger
ham,Got but got 2 colours lor. One colour is quite light n e other is darker lor. Actually i'm done she's styling my hair now.,,,,0,got got colours lor one colour quite light n e darker lor actually done styling hair
ham,"Whenevr ur sad, Whenevr ur gray, Remembr im here 2 listn 2 watevr u wanna say, Jus walk wid me a little while,&amp; I promise I'll bring back ur smile.:-)",,,,0,whenevr ur sad whenevr ur gray remembr im listn watevr u wan na say jus walk wid little amp promise bring back ur smile
ham,Why nothing. Ok anyway give me treat,,,,0,nothing ok anyway give treat
spam,"Win the newest ÛÏHarry Potter and the Order of the Phoenix (Book 5) reply HARRY, answer 5 questions - chance to be the first among readers!",,,,1,win newest harry potter order phoenix book reply harry answer questions chance first among readers
ham,Correct. So how was work today,,,,0,correct work today
ham,"Just sent again. Do you scream and moan in bed, princess?",,,,0,sent scream moan bed princess
ham,"I wake up long ago already... Dunno, what other thing?",,,,0,wake long ago already dunno thing
ham,Oh just getting even with u.... u?,,,,0,oh getting even u u
ham,I thk 50 shd be ok he said plus minus 10.. Did Ì_ leave a line in between paragraphs?,,,,0,thk shd ok said plus minus leave line paragraphs
ham,Can you call me plz. Your number shows out of coveragd area. I have urgnt call in vasai &amp; have to reach before 4'o clock so call me plz,,,,0,call plz number shows coveragd area urgnt call vasai amp reach clock call plz
ham,Yeah jay's sort of a fucking retard,,,,0,yeah jay sort fucking retard
ham,"Sorry, was in the bathroom, sup",,,,0,sorry bathroom sup
spam,Ur balance is now å£500. Ur next question is: Who sang 'Uptown Girl' in the 80's ? 2 answer txt ur ANSWER to 83600. Good luck!,,,,1,ur balance ur next question sang uptown girl answer txt ur answer good luck
ham,My exam is for february 4. Wish you a great day.,,,,0,exam february wish great day
ham,I dont know what to do to come out of this so only am ask questions like this dont mistake me.,,,,0,dont know come ask questions like dont mistake
ham,"Aight no rush, I'll ask jay",,,,0,aight rush ask jay
ham,Good Morning plz call me sir,,,,0,good morning plz call sir
ham,It's ok lar. U sleep early too... Nite...,,,,0,ok lar u sleep early nite
ham,"Oh... Icic... K lor, den meet other day...",,,,0,oh icic k lor den meet day
ham,"Oh ! A half hour is much longer in Syria than Canada, eh ? Wow you must get SO much more work done in a day than us with all that extra time ! *grins*",,,,0,oh half hour much longer syria canada eh wow must get much work done day us extra time grins
ham,"Sometimes we put walls around our hearts,not just to be safe from getting hurt.. But to find out who cares enough to break the walls &amp; get closer.. GOODNOON:)",,,,0,sometimes put walls around hearts safe getting hurt find cares enough break walls amp get closer goodnoon
ham,"Sweet, we may or may not go to 4U to meet carlos so gauge patty's interest in that",,,,0,sweet may may go u meet carlos gauge patty interest
ham,Then she buying today? ÌÏ no need to c meh...,,,,0,buying today need c meh
ham,Aight sorry I take ten years to shower. What's the plan?,,,,0,aight sorry take ten years shower plan
ham,Every monday..nxt week vl be completing..,,,,0,every monday nxt week vl completing
ham,Might ax well im there.,,,,0,might ax well im
ham,Just chill for another 6hrs. If you could sleep the pain is not a surgical emergency so see how it unfolds. Okay,,,,0,chill another hrs could sleep pain surgical emergency see unfolds okay
ham,Yeah I'll try to scrounge something up,,,,0,yeah try scrounge something
ham,Crazy ar he's married. ÌÏ like gd looking guys not me. My frens like say he's korean leona's fave but i dun thk he is. Aft some thinking mayb most prob i'll go.,,,,0,crazy ar married like gd looking guys frens like say korean leona fave dun thk aft thinking mayb prob go
ham,Were somewhere on Fredericksburg,,,,0,somewhere fredericksburg
ham,Que pases un buen tiempo or something like that,,,,0,que pases un buen tiempo something like
ham,Is it ok if I stay the night here? Xavier has a sleeping bag and I'm getting tired,,,,0,ok stay night xavier sleeping bag getting tired
ham,She doesnt need any test.,,,,0,doesnt need test
ham,"Nothing much, chillin at home. Any super bowl plan?",,,,0,nothing much chillin home super bowl plan
spam,"FREE2DAY sexy St George's Day pic of Jordan!Txt PIC to 89080 dont miss out, then every wk a saucy celeb!4 more pics c PocketBabe.co.uk 0870241182716 å£3/wk",,,,1,free day sexy st george day pic jordan txt pic dont miss every wk saucy celeb pics c pocketbabe co uk wk
ham,Bugis oso near wat... ,,,,0,bugis oso near wat
ham,Yo theres no class tmrw right?,,,,0,yo theres class tmrw right
ham,Let Ur Heart Be Ur Compass Ur Mind Ur Map Ur Soul Ur Guide And U Will Never loose in world....gnun - Sent via WAY2SMS.COM,,,,0,let ur heart ur compass ur mind ur map ur soul ur guide u never loose world gnun sent via way sms com
ham,"Goodnight, sleep well da please take care pa. Please.",,,,0,goodnight sleep well da please take care pa please
ham,Baaaaabe! I misss youuuuu ! Where are you ? I have to go and teach my class at 5 ...,,,,0,baaaaabe misss youuuuu go teach class
ham,U ned to convince him tht its not possible witot hurting his feeling its the main,,,,0,u ned convince tht possible witot hurting feeling main
ham,"Good afternoon loverboy ! How goes you day ? Any luck come your way? I think of you, sweetie and send my love across the sea to make you smile and happy",,,,0,good afternoon loverboy goes day luck come way think sweetie send love across sea make smile happy
ham,If i start sending blackberry torch to nigeria will you find buyer for me?like 4a month. And tell dad not to buy bb from anyone oh.,,,,0,start sending blackberry torch nigeria find buyer like month tell dad buy bb anyone oh
ham,"&lt;#&gt; %of pple marry with their lovers... becz they hav gud undrstndng dat avoids problems. i sent dis 2 u, u wil get gud news on friday by d person you like. And tomorrow will be the best day of your life. Dont break this chain. If you break you will suffer. send this to  &lt;#&gt;  frnds in &lt;#&gt;  mins whn u read...",,,,0,lt gt pple marry lovers becz hav gud undrstndng dat avoids problems sent dis u u wil get gud news friday person like tomorrow best day life dont break chain break suffer send lt gt frnds lt gt mins whn u read
ham,Yo dude guess who just got arrested the other day,,,,0,yo dude guess got arrested day
ham,Shuhui say change 2 suntec steamboat? U noe where? Where r u now?,,,,0,shuhui say change suntec steamboat u noe r u
ham,What does the dance river do?,,,,0,dance river
ham,"Yetunde, i'm sorry but moji and i seem too busy to be able to go shopping. Can you just please find some other way to get what you wanted us to get. Please forgive me. You can reply free via yahoo messenger.",,,,0,yetunde sorry moji seem busy able go shopping please find way get wanted us get please forgive reply free via yahoo messenger
ham,Hey i will be really pretty late... You want to go for the lesson first? I will join you. I'm only reaching tp mrt,,,,0,hey really pretty late want go lesson first join reaching tp mrt
spam,"HOT LIVE FANTASIES call now 08707509020 Just 20p per min NTT Ltd, PO Box 1327 Croydon CR9 5WB 0870..k",,,,1,hot live fantasies call p per min ntt ltd po box croydon cr wb k
ham,Bbq this sat at mine from 6ish. Ur welcome 2 come,,,,0,bbq sat mine ish ur welcome come
ham,"I don't know, same thing that's wrong everyso often, he panicks starts goin on bout not bein good enough Û_",,,,0,know thing wrong everyso often panicks starts goin bout bein good enough
ham,Alright. I'm out--have a good night!,,,,0,alright good night
ham,Did you try making another butt.,,,,0,try making another butt
ham,Hope you are feeling great. Pls fill me in. Abiola,,,,0,hope feeling great pls fill abiola
ham,I though we shd go out n have some fun so bar in town or something ÛÒ sound ok?,,,,0,though shd go n fun bar town something sound ok
ham,"1) Go to write msg 2) Put on Dictionary mode 3)Cover the screen with hand, 4)Press  &lt;#&gt; . 5)Gently remove Ur hand.. Its interesting..:)",,,,0,go write msg put dictionary mode cover screen hand press lt gt gently remove ur hand interesting
spam,"Bears Pic Nick, and Tom, Pete and ... Dick. In fact, all types try gay chat with photo upload call 08718730666 (10p/min). 2 stop texts call 08712460324",,,,1,bears pic nick tom pete dick fact types try gay chat photo upload call p min stop texts call
spam,"500 New Mobiles from 2004, MUST GO! Txt: NOKIA to No: 89545 & collect yours today!From ONLY å£1 www.4-tc.biz 2optout 087187262701.50gbp/mtmsg18 TXTAUCTION",,,,1,new mobiles must go txt nokia collect today www tc biz optout gbp mtmsg txtauction
ham,We're finally ready fyi,,,,0,finally ready fyi
ham,Auntie huai juan never pick up her phone,,,,0,auntie huai juan never pick phone
spam,Double Mins & Double Txt & 1/2 price Linerental on Latest Orange Bluetooth mobiles. Call MobileUpd8 for the very latest offers. 08000839402 or call2optout/LF56,,,,1,double mins double txt price linerental latest orange bluetooth mobiles call mobileupd latest offers call optout lf
ham,"Ya tel, wats ur problem..",,,,0,ya tel wats ur problem
ham,i dnt wnt to tlk wid u,,,,0,dnt wnt tlk wid u
ham,"We spend our days waiting for the ideal path to appear in front of us.. But what we forget is.. \paths are made by walking.. not by waiting..\"" Goodnight!""",,,,0,spend days waiting ideal path appear front us forget paths made walking waiting goodnight
ham,Its ok my arm is feeling weak cuz i got a shot so we can go another time,,,,0,ok arm feeling weak cuz got shot go another time
ham,Please reserve ticket on saturday eve from chennai to thirunelvali and again from tirunelvali to chennai on sunday eve...i already see in net..no ticket available..i want to book ticket through tackle ..,,,,0,please reserve ticket saturday eve chennai thirunelvali tirunelvali chennai sunday eve already see net ticket available want book ticket tackle
ham,"Storming msg: Wen u lift d phne, u say \HELLO\"" Do u knw wt is d real meaning of HELLO?? . . . It's d name of a girl..! . . . Yes.. And u knw who is dat girl?? \""Margaret Hello\"" She is d girlfrnd f Grahmbell who invnted telphone... . . . . Moral:One can 4get d name of a person"," bt not his girlfrnd... G o o d n i g h t . . .@""",,,0,storming msg wen u lift phne u say hello u knw wt real meaning hello name girl yes u knw dat girl margaret hello girlfrnd f grahmbell invnted telphone moral one get name person
ham,That's ok. I popped in to ask bout something and she said you'd been in. Are you around tonght wen this girl comes?,,,,0,ok popped ask bout something said around tonght wen girl comes
ham,All e best 4 ur exam later.,,,,0,e best ur exam later
ham,Hope ur head doesn't hurt 2 much ! Am ploughing my way through a pile of ironing ! Staying in with a chinky tonight come round if you like.,,,,0,hope ur head hurt much ploughing way pile ironing staying chinky tonight come round like
ham,Oh k.i think most of wi and nz players unsold.,,,,0,oh k think wi nz players unsold
ham,"Haha... Where got so fast lose weight, thk muz go 4 a month den got effect... Gee,later we go aust put bk e weight.",,,,0,haha got fast lose weight thk muz go month den got effect gee later go aust put bk e weight
ham,"I wonder how you got online, my love ? Had you gone to the net cafe ? Did you get your phone recharged ? Were you on a friends net ? I think of you, boytoy",,,,0,wonder got online love gone net cafe get phone recharged friends net think boytoy
ham,"Haha just kidding, papa needs drugs",,,,0,haha kidding papa needs drugs
ham,"Thk shld b can... Ya, i wana go 4 lessons... Haha, can go for one whole stretch...",,,,0,thk shld b ya wana go lessons haha go one whole stretch
ham,Oh ok..,,,,0,oh ok
ham,R we still meeting 4 dinner tonight?,,,,0,r still meeting dinner tonight
ham,Thats cool! I am a gentleman and will treat you with dignity and respect.,,,,0,thats cool gentleman treat dignity respect
ham,Shall i start from hear.,,,,0,shall start hear
ham,Then we wait 4 u lor... No need 2 feel bad lar...,,,,0,wait u lor need feel bad lar
ham,No did you check? I got his detailed message now,,,,0,check got detailed message
ham,You have registered Sinco as Payee. Log in at icicibank.com and enter URN  &lt;#&gt;  to confirm. Beware of frauds. Do NOT share or disclose URN to anyone.,,,,0,registered sinco payee log icicibank com enter urn lt gt confirm beware frauds share disclose urn anyone
ham,"No, I decided that only people who care about stuff vote and caring about stuff is for losers",,,,0,decided people care stuff vote caring stuff losers
ham,Kaiez... Enjoy ur tuition... Gee... Thk e second option sounds beta... I'll go yan jiu den msg u...,,,,0,kaiez enjoy ur tuition gee thk e second option sounds beta go yan jiu den msg u
ham,cool. We will have fun practicing making babies!,,,,0,cool fun practicing making babies
ham,Actually getting ready to leave the house.,,,,0,actually getting ready leave house
ham,K..k..any special today?,,,,0,k k special today
spam,"URGENT, IMPORTANT INFORMATION FOR O2 USER. TODAY IS YOUR LUCKY DAY! 2 FIND OUT WHY LOG ONTO HTTP://WWW.URAWINNER.COM THERE IS A FANTASTIC SURPRISE AWAITING FOR YOU",,,,1,urgent important information user today lucky day find log onto http www urawinner com fantastic surprise awaiting
ham,Then we gotta do it after that,,,,0,got ta
ham,"I've got ten bucks, jay is being noncomittal",,,,0,got ten bucks jay noncomittal
ham,Where at were hungry too,,,,0,hungry
ham,Pls speak to that customer machan.,,,,0,pls speak customer machan
ham,somewhere out there beneath the pale moon light someone think in of u some where out there where dreams come true... goodnite &amp; sweet dreams,,,,0,somewhere beneath pale moon light someone think u dreams come true goodnite amp sweet dreams
spam,Dear U've been invited to XCHAT. This is our final attempt to contact u! Txt CHAT to 86688 150p/MsgrcvdHG/Suite342/2Lands/Row/W1J6HL LDN 18 yrs,,,,1,dear u invited xchat final attempt contact u txt chat p msgrcvdhg suite lands row w j hl ldn yrs
ham,So wats ur opinion abt him and how abt is character?,,,,0,wats ur opinion abt abt character
ham,Jay is snickering and tells me that x is totally fucking up the chords as we speak,,,,0,jay snickering tells x totally fucking chords speak
ham,No..few hours before.went to hair cut .,,,,0,hours went hair cut
ham,No wonder... Cos i dun rem seeing a silver car... But i thk i saw a black one...,,,,0,wonder cos dun rem seeing silver car thk saw black one
ham,Lmao. Take a pic and send it to me.,,,,0,lmao take pic send
ham,"\Speak only when you feel your words are better than the silence...\"" Gud mrng:-)""",,,,0,speak feel words better silence gud mrng
ham,No. She's currently in scotland for that.,,,,0,currently scotland
ham,Do you work all this week ?,,,,0,work week
spam,Congratulations ur awarded either å£500 of CD gift vouchers & Free entry 2 our å£100 weekly draw txt MUSIC to 87066 TnCs www.Ldew.com 1 win150ppmx3age16,,,,1,congratulations ur awarded either cd gift vouchers free entry weekly draw txt music tncs www ldew com win ppmx age
ham,Lol great now im getting hungry.,,,,0,lol great im getting hungry
ham,Yes.. now only saw your message..,,,,0,yes saw message
ham,I'll be at mu in like  &lt;#&gt;  seconds,,,,0,mu like lt gt seconds
ham,THING R GOOD THANX GOT EXAMS IN MARCH IVE DONE NO REVISION? IS FRAN STILL WITH BOYF? IVE GOTTA INTERVIW 4 EXETER BIT WORRIED!x,,,,0,thing r good thanx got exams march ive done revision fran still boyf ive got ta interviw exeter bit worried x
ham,"Tell you what, if you make a little spreadsheet and track whose idea it was to smoke to determine who \smokes too much\"" for the entire month of february"," I'll come up""",,,0,tell make little spreadsheet track whose idea smoke determine smokes much entire month february
spam,For sale - arsenal dartboard. Good condition but no doubles or trebles!,,,,1,sale arsenal dartboard good condition doubles trebles
ham,Don't look back at the building because you have no coat and i don't want you to get more sick. Just hurry home and wear a coat to the gym!!!,,,,0,look back building coat want get sick hurry home wear coat gym
ham,"My painful personal thought- \I always try to keep everybody happy all the time. But nobody recognises me when i am alone\""""",,,,0,painful personal thought always try keep everybody happy time nobody recognises alone
ham,Thanks for ve lovely wisheds. You rock,,,,0,thanks lovely wisheds rock
ham,You intrepid duo you! Have a great time and see you both soon. ,,,,0,intrepid duo great time see soon
ham,I asked sen to come chennai and search for job.,,,,0,asked sen come chennai search job
ham,Dad went out oredi... ,,,,0,dad went oredi
ham,"I jus hope its true that  missin me cos i'm really missin him! You haven't done anything to feel guilty about, yet.",,,,0,jus hope true missin cos really missin done anything feel guilty yet
ham,Wat so late still early mah. Or we juz go 4 dinner lor. Aiya i dunno...,,,,0,wat late still early mah juz go dinner lor aiya dunno
ham,"Arms fine, how's Cardiff and uni? ",,,,0,arms fine cardiff uni
ham,In fact when do you leave? I think addie goes back to school tues or wed,,,,0,fact leave think addie goes back school tues wed
ham,"Cool breeze... Bright sun... Fresh flower... Twittering birds... All these waiting to wish u: \GOODMORNING &amp; HAVE A NICE DAY\"" :)""",,,,0,cool breeze bright sun fresh flower twittering birds waiting wish u goodmorning amp nice day
ham,Ya:)going for restaurant..,,,,0,ya going restaurant
ham,"Its ok., i just askd did u knw tht no?",,,,0,ok askd u knw tht
spam,Free 1st week entry 2 TEXTPOD 4 a chance 2 win 40GB iPod or å£250 cash every wk. Txt POD to 84128 Ts&Cs www.textpod.net custcare 08712405020.,,,,1,free st week entry textpod chance win gb ipod cash every wk txt pod ts cs www textpod net custcare
ham,Those ducking chinchillas,,,,0,ducking chinchillas
ham,I am in a marriage function,,,,0,marriage function
ham,Looks like u wil b getting a headstart im leaving here bout 2.30ish but if u r desperate for my company I could head in earlier-we were goin to meet in rummer.,,,,0,looks like u wil b getting headstart im leaving bout ish u r desperate company could head earlier goin meet rummer
ham,DonÛ÷t give a flying monkeys wot they think and I certainly donÛ÷t mind. Any friend of mine and all that!,,,,0,give flying monkeys wot think certainly mind friend mine
spam,As a registered optin subscriber ur draw 4 å£100 gift voucher will be entered on receipt of a correct ans to 80062 Whats No1 in the BBC charts,,,,1,registered optin subscriber ur draw gift voucher entered receipt correct ans whats bbc charts
ham,say thanks2. ,,,,0,say thanks
ham,Msg me when rajini comes.,,,,0,msg rajini comes
ham,Ya! when are Ì_ taking ure practical lessons? I start in june..  ,,,,0,ya taking ure practical lessons start june
ham,"That's good, because I need drugs",,,,0,good need drugs
ham,Stupid.its not possible,,,,0,stupid possible
ham,Can Ì_ all decide faster cos my sis going home liao..,,,,0,decide faster cos sis going home liao
spam,Summers finally here! Fancy a chat or flirt with sexy singles in yr area? To get MATCHED up just reply SUMMER now. Free 2 Join. OptOut txt STOP Help08714742804,,,,1,summers finally fancy chat flirt sexy singles yr area get matched reply summer free join optout txt stop help
ham,U sleeping now.. Or you going to take? Haha.. I got spys wat.. Me online checking n replying mails lor..,,,,0,u sleeping going take haha got spys wat online checking n replying mails lor
spam,CLAIRE here am havin borin time & am now alone U wanna cum over 2nite? Chat now 09099725823 hope 2 C U Luv CLAIRE xx Callså£1/minmoremobsEMSPOBox45PO139WA,,,,1,claire havin borin time alone u wan na cum nite chat hope c u luv claire xx calls minmoremobsemspobox po wa
spam,Bought one ringtone and now getting texts costing 3 pound offering more tones etc,,,,1,bought one ringtone getting texts costing pound offering tones etc
ham,"Yalru lyfu astne chikku.. Bt innu mundhe lyf ali halla ke bilo (marriage)program edhae, so lyf is nt yet ovr chikku..ali vargu lyfu meow meow:-D",,,,0,yalru lyfu astne chikku bt innu mundhe lyf ali halla ke bilo marriage program edhae lyf nt yet ovr chikku ali vargu lyfu meow meow
ham,Kinda. First one gets in at twelve! Aah. Speak tomo,,,,0,kinda first one gets twelve aah speak tomo
spam,"09066362231 URGENT! Your mobile No 07xxxxxxxxx won a å£2,000 bonus caller prize on 02/06/03! this is the 2nd attempt to reach YOU! call 09066362231 ASAP!",,,,1,urgent mobile xxxxxxxxx bonus caller prize nd attempt reach call asap
ham,Ok good then i later come find Ì_... C lucky i told Ì_ to go earlier... Later pple take finish Ì_ no more again...,,,,0,ok good later come find c lucky told go earlier later pple take finish
ham,Wat makes u thk i'll fall down. But actually i thk i'm quite prone 2 falls. Lucky my dad at home i ask him come n fetch me already.,,,,0,wat makes u thk fall actually thk quite prone falls lucky dad home ask come n fetch already
spam,"YOU 07801543489 are guaranteed the latests Nokia Phone, a 40GB iPod MP3 player or a å£500 prize! Txt word:COLLECT to No:83355! TC-LLC NY-USA 150p/Mt msgrcvd18+",,,,1,guaranteed latests nokia phone gb ipod mp player prize txt word collect tc llc ny usa p mt msgrcvd
ham,I wont touch you with out your permission.,,,,0,wont touch permission
spam,Hi its LUCY Hubby at meetins all day Fri & I will B alone at hotel U fancy cumin over? Pls leave msg 2day 09099726395 Lucy x Callså£1/minMobsmoreLKPOBOX177HP51FL,,,,1,hi lucy hubby meetins day fri b alone hotel u fancy cumin pls leave msg day lucy x calls minmobsmorelkpobox hp fl
ham,"7 wonders in My WORLD 7th You 6th Ur style 5th Ur smile 4th Ur Personality 3rd Ur Nature 2nd Ur SMS and 1st \Ur Lovely Friendship\""... good morning dear""",,,,0,wonders world th th ur style th ur smile th ur personality rd ur nature nd ur sms st ur lovely friendship good morning dear
ham,Take some small dose tablet for fever,,,,0,take small dose tablet fever
ham,Oh. U must have taken your REAL Valentine out shopping first.,,,,0,oh u must taken real valentine shopping first
ham,"Just sent you an email ÛÒ to an address with incomm in it, is that right?",,,,0,sent email address incomm right
ham,"Will do, you gonna be at blake's all night? I might be able to get out of here a little early",,,,0,gon na blake night might able get little early
ham,"Friendship is not a game to play, It is not a word to say, It doesn\'t start on March and ends on May, It is tomorrow, yesterday, today and e",,,,0,friendship game play word say start march ends may tomorrow yesterday today e
ham,"Nice. Wait...should you be texting right now? I'm not gonna pay your ticket, ya know!",,,,0,nice wait texting right gon na pay ticket ya know
ham,I'm watching lotr w my sis dis aft. So u wan 2 meet me 4 dinner at nite a not?,,,,0,watching lotr w sis dis aft u wan meet dinner nite
ham,Why you keeping me away like this,,,,0,keeping away like
ham,I think its far more than that but find out. Check google maps for a place from your dorm.,,,,0,think far find check google maps place dorm
ham,My trip was ok but quite tiring lor. Uni starts today but it's ok 4 me cos i'm not taking any modules but jus concentrating on my final yr project.,,,,0,trip ok quite tiring lor uni starts today ok cos taking modules jus concentrating final yr project
ham,Have you always been saying welp?,,,,0,always saying welp
ham,"I'm a guy, browsin is compulsory",,,,0,guy browsin compulsory
ham,Purity of friendship between two is not about smiling after reading the forwarded message..Its about smiling just by seeing the name. Gud evng musthu,,,,0,purity friendship two smiling reading forwarded message smiling seeing name gud evng musthu
ham,"(I should add that I don't really care and if you can't I can at least get this dude to fuck off but hey, your money if you want it)",,,,0,add really care least get dude fuck hey money want
ham,"Hello lover! How goes that new job? Are you there now? Are you happy? Do you think of me? I wake, my slave and send you a teasing kiss from across the sea",,,,0,hello lover goes new job happy think wake slave send teasing kiss across sea
ham,I told your number to gautham..,,,,0,told number gautham
ham,Tell them no need to investigate about me anywhere.,,,,0,tell need investigate anywhere
ham,Ok i juz receive..,,,,0,ok juz receive
ham,"Cant believe i said so many things to you this morning when all i really wanted to say was good morning, i love you! Have a beautiful morning. See you in the library later.",,,,0,cant believe said many things morning really wanted say good morning love beautiful morning see library later
spam,"Your account has been credited with 500 FREE Text Messages. To activate, just txt the word: CREDIT to No: 80488 T&Cs www.80488.biz",,,,1,account credited free text messages activate txt word credit cs www biz
ham,In the end she might still vomit but its okay. Not everything will come out.,,,,0,end might still vomit okay everything come
ham,How are you with moneY...as in to you...money aint a thing....how are you sha!,,,,0,money money aint thing sha
ham,It has everything to do with the weather. Keep extra warm. Its a cold but nothing serious. Pls lots of vitamin c,,,,0,everything weather keep extra warm cold nothing serious pls lots vitamin c
ham,Hey gals.. Anyone of u going down to e driving centre tmr?,,,,0,hey gals anyone u going e driving centre tmr
ham,I'm always on yahoo messenger now. Just send the message to me and i.ll get it you may have to send it in the mobile mode sha but i.ll get it. And will reply.,,,,0,always yahoo messenger send message get may send mobile mode sha get reply
ham,I'm putting it on now. It should be ready for  &lt;TIME&gt; ,,,,0,putting ready lt time gt
ham,"Time n Smile r the two crucial things in our life. Sometimes time makes us to forget smile, and sometimes someone's smile makes us to forget time gud noon",,,,0,time n smile r two crucial things life sometimes time makes us forget smile sometimes someone smile makes us forget time gud noon
spam,"SMS. ac JSco: Energy is high, but u may not know where 2channel it. 2day ur leadership skills r strong. Psychic? Reply ANS w/question. End? Reply END JSCO",,,,1,sms ac jsco energy high u may know channel day ur leadership skills r strong psychic reply ans w question end reply end jsco
ham,Host-based IDPS for linux systems.,,,,0,host based idps linux systems
spam,"HOT LIVE FANTASIES call now 08707509020 Just 20p per min NTT Ltd, PO Box 1327 Croydon CR9 5WB 0870 is a national rate call",,,,1,hot live fantasies call p per min ntt ltd po box croydon cr wb national rate call
ham,Don no da:)whats you plan?,,,,0,da whats plan
ham,Ill be there on  &lt;#&gt;  ok.,,,,0,ill lt gt ok
ham,Oh my God. I'm almost home,,,,0,oh god almost home
ham,Total video converter free download type this in google search:),,,,0,total video converter free download type google search
spam,Thanks for the Vote. Now sing along with the stars with Karaoke on your mobile. For a FREE link just reply with SING now.,,,,1,thanks vote sing along stars karaoke mobile free link reply sing
ham,Sounds like something that someone testing me would sayy,,,,0,sounds like something someone testing would sayy
ham,When u love someone Dont make them to love u as much as u do. But Love them so much that they dont want to be loved by anyone except you... Gud nit.,,,,0,u love someone dont make love u much u love much dont want loved anyone except gud nit
ham,"Pete,is this your phone still? Its Jenny from college and Leanne.what are you up to now?:)",,,,0,pete phone still jenny college leanne
ham,Oops sorry. Just to check that you don't mind picking me up tomo at half eight from station. Would that be ok?,,,,0,oops sorry check mind picking tomo half eight station would ok
ham,"Hey sweet, I was wondering when you had a moment if you might come to me ? I want to send a file to someone but it won't go over yahoo for them because their connection sucks, remember when you set up that page for me to go to and download the format disc ? Could you tell me how to do that ? Or do you know some other way to download big files ? Because they can download stuff directly from the internet. Any help would be great, my prey ... *teasing kiss*",,,,0,hey sweet wondering moment might come want send file someone go yahoo connection sucks remember set page go download format disc could tell know way download big files download stuff directly internet help would great prey teasing kiss
ham,Hows the champ just leaving glasgow!,,,,0,hows champ leaving glasgow
ham,K:)all the best:)congrats...,,,,0,k best congrats
ham,I wonder if you'll get this text?,,,,0,wonder get text
ham,I need to come home and give you some good lovin...,,,,0,need come home give good lovin
spam,Our brand new mobile music service is now live. The free music player will arrive shortly. Just install on your phone to browse content from the top artists.,,,,1,brand new mobile music service live free music player arrive shortly install phone browse content top artists
ham,Shall i ask one thing if you dont mistake me.,,,,0,shall ask one thing dont mistake
ham,Check wid corect speling i.e. Sarcasm,,,,0,check wid corect speling e sarcasm
spam,"URGENT! Your Mobile No was awarded a å£2,000 Bonus Caller Prize on 1/08/03! This is our 2nd attempt to contact YOU! Call 0871-4719-523 BOX95QU BT National Rate",,,,1,urgent mobile awarded bonus caller prize nd attempt contact call box qu bt national rate
ham,Are you angry with me. What happen dear,,,,0,angry happen dear
ham,I thk u dun haf 2 hint in e forum already lor... Cos i told ron n darren is going 2 tell shuhui.,,,,0,thk u dun haf hint e forum already lor cos told ron n darren going tell shuhui
ham,Yup ok thanx...,,,,0,yup ok thanx
ham,Hi:)cts employee how are you?,,,,0,hi cts employee
ham,Pls pls find out from aunt nike.,,,,0,pls pls find aunt nike
ham,"Wow ... I love you sooo much, you know ? I can barely stand it ! I wonder how your day goes and if you are well, my love ... I think of you and miss you",,,,0,wow love sooo much know barely stand wonder day goes well love think miss
ham,No screaming means shouting..,,,,0,screaming means shouting
ham,Hey what happen de. Are you alright.,,,,0,hey happen de alright
ham,Should I have picked up a receipt or something earlier,,,,0,picked receipt something earlier
ham,I think chennai well settled?,,,,0,think chennai well settled
ham,Oh dang! I didn't mean o send that to you! Lol!,,,,0,oh dang mean send lol
ham,Unfortunately i've just found out that we have to pick my sister up from the airport that evening so don't think i'll be going out at all. We should try to go out one of th,,,,0,unfortunately found pick sister airport evening think going try go one th
ham,Horrible bf... I now v hungry...,,,,0,horrible bf v hungry
ham,Remember on that day..,,,,0,remember day
spam,You have won a Nokia 7250i. This is what you get when you win our FREE auction. To take part send Nokia to 86021 now. HG/Suite342/2Lands Row/W1JHL 16+,,,,1,nokia get win free auction take part send nokia hg suite lands row w jhl
ham,How's it feel? Mr. Your not my real Valentine just my yo Valentine even tho u hardly play!!,,,,0,feel mr real valentine yo valentine even tho u hardly play
ham,All sounds good. Fingers . Makes it difficult to type,,,,0,sounds good fingers makes difficult type
ham,Midnight at the earliest,,,,0,midnight earliest
ham,You're not sure that I'm not trying to make xavier smoke because I don't want to smoke after being told I smoke too much?,,,,0,sure trying make xavier smoke want smoke told smoke much
ham,K come to nordstrom when you're done,,,,0,k come nordstrom done
ham,Do u konw waht is rael FRIENDSHIP Im gving yuo an exmpel: Jsut ese tihs msg.. Evrey splleing of tihs msg is wrnog.. Bt sitll yuo can raed it wihtuot ayn mitsake.. GOODNIGHT &amp; HAVE A NICE SLEEP..SWEET DREAMS..,,,,0,u konw waht rael friendship im gving yuo exmpel jsut ese tihs msg evrey splleing tihs msg wrnog bt sitll yuo raed wihtuot ayn mitsake goodnight amp nice sleep sweet dreams
ham,Now press conference da:),,,,0,press conference da
spam,"Hello from Orange. For 1 month's free access to games, news and sport, plus 10 free texts and 20 photo messages, reply YES. Terms apply: www.orange.co.uk/ow",,,,1,hello orange month free access games news sport plus free texts photo messages reply yes terms apply www orange co uk ow
ham,After completed degree. There is no use in joining finance.,,,,0,completed degree use joining finance
ham,"Good afternoon, my love ! Any job prospects ? Are you missing me ? What do you do ? Are you being lazy and bleak, hmmm ? Or happy and filled with my love ?",,,,0,good afternoon love job prospects missing lazy bleak hmmm happy filled love
ham,Shant disturb u anymore... Jia you...,,,,0,shant disturb u anymore jia
ham,Bishan lar nearer... No need buy so early cos if buy now i gotta park my car...,,,,0,bishan lar nearer need buy early cos buy got ta park car
ham,"Me, i dont know again oh",,,,0,dont know oh
ham,Dude sux for snake. He got old and raiden got buff,,,,0,dude sux snake got old raiden got buff
ham,He says hi and to get your ass back to south tampa (preferably at a kegger),,,,0,says hi get ass back south tampa preferably kegger
ham,In e msg jus now. U said thanks for gift.,,,,0,e msg jus u said thanks gift
ham,U too...,,,,0,u
ham,Ok how you dear. Did you call chechi,,,,0,ok dear call chechi
ham,Yeah we do totes. When u wanna?,,,,0,yeah totes u wan na
ham,Ok i found dis pierre cardin one which looks normal costs 20 its on sale.,,,,0,ok found dis pierre cardin one looks normal costs sale
ham,Good sleep is about rhythm. The person has to establish a rhythm that the body will learn and use. If you want to know more :-),,,,0,good sleep rhythm person establish rhythm body learn use want know
ham,Wat r u doing?,,,,0,wat r u
ham,Message from . I am at Truro Hospital on ext. You can phone me here. as I have a phone by my side,,,,0,message truro hospital ext phone phone side
ham,"Single line with a big meaning::::: \Miss anything 4 ur \""Best Life\"" but"," don't miss ur best life for anything... Gud nyt...""",,,0,single line big meaning miss anything ur best life
ham,"Just got some gas money, any chance you and the gang want to go on a grand nature adventure?",,,,0,got gas money chance gang want go grand nature adventure
ham,Dnt worry...use ice pieces in a cloth pack.also take 2 tablets.,,,,0,dnt worry use ice pieces cloth pack also take tablets
ham,Dude just saw a parked car with its sunroof popped up. Sux,,,,0,dude saw parked car sunroof popped sux
ham,Get ready to put on your excellent sub face :),,,,0,get ready put excellent sub face
ham,Tmrw. Im finishing 9 doors,,,,0,tmrw im finishing doors
ham,"The  &lt;#&gt; g that i saw a few days ago, the guy wants sell wifi only for  &lt;#&gt;  and with 3g for  &lt;#&gt; . That's why i blanked him.",,,,0,lt gt g saw days ago guy wants sell wifi lt gt g lt gt blanked
ham,I am late. I will be there at,,,,0,late
ham,"whatever, im pretty pissed off.",,,,0,whatever im pretty pissed
ham,I dont have that much image in class.,,,,0,dont much image class
ham,No:-)i got rumour that you going to buy apartment in chennai:-),,,,0,got rumour going buy apartment chennai
ham,Near kalainar tv office.thenampet,,,,0,near kalainar tv office thenampet
spam,Ur cash-balance is currently 500 pounds - to maximize ur cash-in now send GO to 86688 only 150p/msg. CC 08718720201 HG/Suite342/2Lands Row/W1J6HL,,,,1,ur cash balance currently pounds maximize ur cash send go p msg cc hg suite lands row w j hl
spam,SMS AUCTION - A BRAND NEW Nokia 7250 is up 4 auction today! Auction is FREE 2 join & take part! Txt NOKIA to 86021 now! HG/Suite342/2Lands Row/W1J6HL,,,,1,sms auction brand new nokia auction today auction free join take part txt nokia hg suite lands row w j hl
ham,My sis is catching e show in e afternoon so i'm not watching w her. So c u wan 2 watch today or tmr lor.,,,,0,sis catching e show e afternoon watching w c u wan watch today tmr lor
ham,"Sounds gd... Haha... Can... Wah, u yan jiu so fast liao...",,,,0,sounds gd haha wah u yan jiu fast liao
ham,No. To be nosy I guess. Idk am I over reacting if I'm freaked?,,,,0,nosy guess idk reacting freaked
ham,"Remember all those whom i hurt during days of satanic imposter in me.need to pay a price,so be it.may destiny keep me going and as u said pray that i get the mind to get over the same.",,,,0,remember hurt days satanic imposter need pay price may destiny keep going u said pray get mind get
ham,How to Make a girl Happy? It's not at all difficult to make girls happy. U only need to be... 1. A friend 2. Companion 3. Lover 4. Chef . . .  &lt;#&gt; . Good listener  &lt;#&gt; . Organizer  &lt;#&gt; . Good boyfriend  &lt;#&gt; . Very clean  &lt;#&gt; . Sympathetic  &lt;#&gt; . Athletic  &lt;#&gt; . Warm . . .  &lt;#&gt; . Courageous  &lt;#&gt; . Determined  &lt;#&gt; . True  &lt;#&gt; . Dependable  &lt;#&gt; . Intelligent . . .  &lt;#&gt; . Psychologist  &lt;#&gt; . Pest exterminator  &lt;#&gt; . Psychiatrist  &lt;#&gt; . Healer . .  &lt;#&gt; . Stylist  &lt;#&gt; . Driver . . Aaniye pudunga venaam..,,,,0,make girl happy difficult make girls happy u need friend companion lover chef lt gt good listener lt gt organizer lt gt good boyfriend lt gt clean lt gt sympathetic lt gt athletic lt gt warm lt gt courageous lt gt determined lt gt true lt gt dependable lt gt intelligent lt gt psychologist lt gt pest exterminator lt gt psychiatrist lt gt healer lt gt stylist lt gt driver aaniye pudunga venaam
ham,"Why is that, princess? I bet the brothas are all chasing you!",,,,0,princess bet brothas chasing
ham,"I shall book chez jules for half eight, if that's ok with you?",,,,0,shall book chez jules half eight ok
ham,Hhahhaahahah rofl wtf nig was leonardo in your room or something,,,,0,hhahhaahahah rofl wtf nig leonardo room something
ham,"Yep, at derek's house now, see you Sunday &lt;3",,,,0,yep derek house see sunday lt
ham,"It's cool, let me know before it kicks off around  &lt;#&gt; , I'll be out and about all day",,,,0,cool let know kicks around lt gt day
ham,I was wondering if it would be okay for you to call uncle john and let him know that things are not the same in nigeria as they r here. That  &lt;#&gt;  dollars is 2years sent and that you know its a strain but i plan to pay back every dime he gives. Every dime so for me to expect anything from you is not practical. Something like that.,,,,0,wondering would okay call uncle john let know things nigeria r lt gt dollars years sent know strain plan pay back every dime gives every dime expect anything practical something like
ham,There are no other charges after transfer charges and you can withdraw anyhow you like,,,,0,charges transfer charges withdraw anyhow like
ham,"Dont search love, let love find U. Thats why its called falling in love, bcoz U dont force yourself, U just fall and U know there is smeone to hold U... BSLVYL",,,,0,dont search love let love find u thats called falling love bcoz u dont force u fall u know smeone hold u bslvyl
ham,At 4. Let's go to bill millers,,,,0,let go bill millers
ham,I love you. You set my soul on fire. It is not just a spark. But it is a flame. A big rawring flame. XoXo,,,,0,love set soul fire spark flame big rawring flame xoxo
ham,"Somewhr someone is surely made 4 u. And God has decided a perfect time to make u meet dat person. . . . till den, . . . . . Enjoy ur crushes..!!!;-)",,,,0,somewhr someone surely made u god decided perfect time make u meet dat person till den enjoy ur crushes
ham,That's my honeymoon outfit. :),,,,0,honeymoon outfit
ham,Will it help if we propose going back again tomorrow,,,,0,help propose going back tomorrow
spam,PRIVATE! Your 2003 Account Statement for shows 800 un-redeemed S. I. M. points. Call 08719899230 Identifier Code: 41685 Expires 07/11/04,,,,1,private account statement shows un redeemed points call identifier code expires
ham,Never blame a day in ur life. Good days give u happiness. Bad days give u experience. Both are essential in life! All are Gods blessings! good morning.:,,,,0,never blame day ur life good days give u happiness bad days give u experience essential life gods blessings good morning
ham,Pls confirm the time to collect the cheque.,,,,0,pls confirm time collect cheque
spam,As a Registered Subscriber yr draw 4 a å£100 gift voucher will b entered on receipt of a correct ans. When are the next olympics. Txt ans to 80062,,,,1,registered subscriber yr draw gift voucher b entered receipt correct ans next olympics txt ans
spam,URGENT! Your Mobile number has been awarded with a å£2000 prize GUARANTEED. Call 09061790121 from land line. Claim 3030. Valid 12hrs only 150ppm,,,,1,urgent mobile number awarded prize guaranteed call land line claim valid hrs ppm
ham,Daddy will take good care of you :),,,,0,daddy take good care
ham,"Yeah probably, I still gotta check out with leo",,,,0,yeah probably still got ta check leo
ham,K.then any other special?,,,,0,k special
ham,Carlos is taking his sweet time as usual so let me know when you and patty are done/want to smoke and I'll tell him to haul ass,,,,0,carlos taking sweet time usual let know patty done want smoke tell haul ass
ham,Ok pa. Nothing problem:-),,,,0,ok pa nothing problem
ham,Have you heard about that job? I'm going to that wildlife talk again tonight if u want2come. Its that2worzels and a wizzle or whatever it is?! ,,,,0,heard job going wildlife talk tonight u want come worzels wizzle whatever
ham,"God picked up a flower and dippeditinaDEW, lovingly touched itwhichturnedinto u, and the he gifted tomeandsaid,THIS FRIEND IS 4U",,,,0,god picked flower dippeditinadew lovingly touched itwhichturnedinto u gifted tomeandsaid friend u
ham,When you came to hostel.,,,,0,came hostel
ham,Ok no prob... I'll come after lunch then...,,,,0,ok prob come lunch
ham,Jus telling u dat i'll b leaving 4 shanghai on 21st instead so we'll haf more time 2 meet up cya...,,,,0,jus telling u dat b leaving shanghai st instead haf time meet cya
ham,Are your freezing ? Are you home yet ? Will you remember to kiss your mom in the morning? Do you love me ? Do you think of me ? Are you missing me yet ?,,,,0,freezing home yet remember kiss mom morning love think missing yet
ham,You all ready for * big day tomorrow?,,,,0,ready big day tomorrow
ham,I'll probably be around mu a lot,,,,0,probably around mu lot
ham,645,,,,0,
spam,RT-KIng Pro Video Club>> Need help? info@ringtoneking.co.uk or call 08701237397 You must be 16+ Club credits redeemable at www.ringtoneking.co.uk! Enjoy!,,,,1,rt king pro video club need help info ringtoneking co uk call must club credits redeemable www ringtoneking co uk enjoy
ham,Thnx dude. u guys out 2nite?,,,,0,thnx dude u guys nite
ham,Me sef dey laugh you. Meanwhile how's my darling anjie!,,,,0,sef dey laugh meanwhile darling anjie
ham,Mm i had my food da from out,,,,0,mm food da
ham,"K, makes sense, btw carlos is being difficult so you guys are gonna smoke while I go pick up the second batch and get gas",,,,0,k makes sense btw carlos difficult guys gon na smoke go pick second batch get gas
ham,Did u download the fring app?,,,,0,u download fring app
ham,The 2 oz guy is being kinda flaky but one friend is interested in picking up $ &lt;#&gt;  worth tonight if possible,,,,0,oz guy kinda flaky one friend interested picking lt gt worth tonight possible
ham,Friends that u can stay on fb chat with,,,,0,friends u stay fb chat
ham,"Fuck babe, I miss you sooooo much !! I wish you were here to sleep with me ... My bed is so lonely ... I go now, to sleep ... To dream of you, my love ...",,,,0,fuck babe miss sooooo much wish sleep bed lonely go sleep dream love
ham,"Living is very simple.. Loving is also simple.. Laughing is too simple.. Winning is tooo simple.. But, being 'SIMPLE' is very difficult.. Gud nte.:-",,,,0,living simple loving also simple laughing simple winning tooo simple simple difficult gud nte
spam,U have a secret admirer who is looking 2 make contact with U-find out who they R*reveal who thinks UR so special-call on 09058094599,,,,1,u secret admirer looking make contact u find r reveal thinks ur special call
ham,"Ah, well that confuses things, doesnÛ÷t it?",,,,0,ah well confuses things
spam,500 free text msgs. Just text ok to 80488 and we'll credit your account,,,,1,free text msgs text ok credit account
ham,Hi Dear Call me its urgnt. I don't know whats your problem. You don't want to work or if you have any other problem at least tell me. Wating for your reply.,,,,0,hi dear call urgnt know whats problem want work problem least tell wating reply
ham,Dear how you. Are you ok?,,,,0,dear ok
spam,"You have been selected to stay in 1 of 250 top British hotels - FOR NOTHING! Holiday Worth å£350! To Claim, Call London 02072069400. Bx 526, SW73SS",,,,1,selected stay top british hotels nothing holiday worth claim call london bx sw ss
ham,Yes princess! I want to make you happy...,,,,0,yes princess want make happy
ham,Sounds like you have many talents! would you like to go on a dinner date next week?,,,,0,sounds like many talents would like go dinner date next week
ham,I am going to film 2day da. At 6pm. Sorry da.,,,,0,going film day da pm sorry da
ham,We not watching movie already. Xy wants 2 shop so i'm shopping w her now.,,,,0,watching movie already xy wants shop shopping w
ham,Hello my little party animal! I just thought I'd buzz you as you were with your friends ...*grins*... Reminding you were loved and send a naughty adoring kiss,,,,0,hello little party animal thought buzz friends grins reminding loved send naughty adoring kiss
ham,Yesterday its with me only . Now am going home.,,,,0,yesterday going home
spam,"Eerie Nokia tones 4u, rply TONE TITLE to 8007 eg TONE DRACULA to 8007 Titles: GHOST, ADDAMSFA, MUNSTERS, EXORCIST, TWILIGHT www.getzed.co.uk POBox36504W45WQ 150p",,,,1,eerie nokia tones u rply tone title eg tone dracula titles ghost addamsfa munsters exorcist twilight www getzed co uk pobox w wq p
ham,"You have come into my life and brought the sun ..Shiny down on me, warming my heart. Putting a constant smile on my face ... Making me feel loved and cared for",,,,0,come life brought sun shiny warming heart putting constant smile face making feel loved cared
ham,"No shit, but I wasn't that surprised, so I went and spent the evening with that french guy I met in town here and we fooled around a bit but I didn't let him fuck me",,,,0,shit surprised went spent evening french guy met town fooled around bit let fuck
spam,"0A$NETWORKS allow companies to bill for SMS, so they are responsible for their \suppliers\"""," just as a shop has to give a guarantee on what they sell. B. G.""",,,1,networks allow companies bill sms responsible suppliers
ham,Great comedy..cant stop laughing da:),,,,0,great comedy cant stop laughing da
spam,FreeMsg:Feelin kinda lnly hope u like 2 keep me company! Jst got a cam moby wanna c my pic?Txt or reply DATE to 82242 Msg150p 2rcv Hlp 08712317606 stop to 82242,,,,1,freemsg feelin kinda lnly hope u like keep company jst got cam moby wan na c pic txt reply date msg p rcv hlp stop
ham,"Alright, we're all set here, text the man",,,,0,alright set text man
ham,"Hi , where are you? We're at  and they're not keen to go out i kind of am but feel i shouldn't so can we go out tomo, don't mind do you?",,,,0,hi keen go kind feel go tomo mind
ham,Sleeping nt feeling well,,,,0,sleeping nt feeling well
ham,U WILL SWITCH YOUR FONE ON DAMMIT!!,,,,0,u switch fone dammit
ham,India have to take lead:),,,,0,india take lead
ham,I.ll post her out l8r. In class,,,,0,post l r class
ham,Thts wat Wright Brother did to fly..,,,,0,thts wat wright brother fly
ham,"Evening * v good if somewhat event laden. Will fill you in, don't you worry Û_ Head * ok but throat * wrecked. See you at six then!",,,,0,evening v good somewhat event laden fill worry head ok throat wrecked see six
ham,If u laugh really loud.. If u talk spontaneously.. If u dont care what others feel.. U are probably with your dear &amp; best friends.. GOODEVENING Dear..:),,,,0,u laugh really loud u talk spontaneously u dont care others feel u probably dear amp best friends goodevening dear
ham,ITS A LAPTOP TAKE IT WITH YOU.,,,,0,laptop take
ham,I dont have any of your file in my bag..i was in work when you called me.i 'll tell you if i find anything in my room.,,,,0,dont file bag work called tell find anything room
ham,I wan but too early lei... Me outside now wun b home so early... Neva mind then...,,,,0,wan early lei outside wun b home early neva mind
spam,"For ur chance to win a å£250 cash every wk TXT: ACTION to 80608. T's&C's www.movietrivia.tv custcare 08712405022, 1x150p/wk",,,,1,ur chance win cash every wk txt action c www movietrivia tv custcare x p wk
ham,I was at bugis juz now wat... But now i'm walking home oredi... ÌÏ so late then reply... I oso saw a top dat i like but din buy... Where r Ì_ now? ,,,,0,bugis juz wat walking home oredi late reply oso saw top dat like din buy r
ham,At 7 we will go ok na.,,,,0,go ok na
ham,Yes I posted a couple of pics on fb. There's still snow outside too. I'm just waking up :),,,,0,yes posted couple pics fb still snow outside waking
ham,S:-)if we have one good partnership going we will take lead:),,,,0,one good partnership going take lead
spam,RGENT! This is the 2nd attempt to contact U!U have WON å£1250 CALL 09071512433 b4 050703 T&CsBCM4235WC1N3XX. callcost 150ppm mobilesvary. maxå£7. 50,,,,1,rgent nd attempt contact u u call b csbcm wc n xx callcost ppm mobilesvary max
ham,"Yeah, where's your class at?",,,,0,yeah class
ham,No just send to you. Bec you in temple na.,,,,0,send bec temple na
ham,"You aren't coming home between class, right? I need to work out and shower!",,,,0,coming home class right need work shower
spam,Hi if ur lookin 4 saucy daytime fun wiv busty married woman Am free all next week Chat now 2 sort time 09099726429 JANINExx Callså£1/minMobsmoreLKPOBOX177HP51FL,,,,1,hi ur lookin saucy daytime fun wiv busty married woman free next week chat sort time janinexx calls minmobsmorelkpobox hp fl
ham,S but mostly not like that.,,,,0,mostly like
ham,ÌÏ v ma fan...,,,,0,v fan
ham,Dunno cos i was v late n when i reach they inside already... But we ate spageddies lor... It's e gals who r laughing at me lor...,,,,0,dunno cos v late n reach inside already ate spageddies lor e gals r laughing lor
ham,Guess who spent all last night phasing in and out of the fourth dimension,,,,0,guess spent last night phasing fourth dimension
ham,So now my dad is gonna call after he gets out of work and ask all these crazy questions.,,,,0,dad gon na call gets work ask crazy questions
ham,"Yes..but they said its IT.,",,,,0,yes said
ham,Very hurting n meaningful lines ever: \I compromised everything for my love," But at d end my love compromised me for everything:-(\"".. Gud mornin:-)""",,,0,hurting n meaningful lines ever compromised everything love
ham,Lmao!nice 1,,,,0,lmao nice
ham,Glad to see your reply.,,,,0,glad see reply
spam,URGENT! We are trying to contact U. Todays draw shows that you have won a å£800 prize GUARANTEED. Call 09050001295 from land line. Claim A21. Valid 12hrs only,,,,1,urgent trying contact u todays draw shows prize guaranteed call land line claim valid hrs
spam,Monthly password for wap. mobsi.com is 391784. Use your wap phone not PC.,,,,1,monthly password wap mobsi com use wap phone pc
ham,Nah dub but je still buff,,,,0,nah dub je still buff
ham,Painful words- \I thought being Happy was the most toughest thing on Earth... But," the toughest is acting Happy with all unspoken pain inside..\""""",,,0,painful words thought happy toughest thing earth
ham,"Yeah, that's fine! It's å£6 to get in, is that ok? ",,,,0,yeah fine get ok
ham,Lol where do u come up with these ideas?,,,,0,lol u come ideas
ham,"So many people seems to be special at first sight, But only very few will remain special to you till your last sight.. Maintain them till life ends.. Sh!jas",,,,0,many people seems special first sight remain special till last sight maintain till life ends sh jas
ham,Okay... We wait ah,,,,0,okay wait ah
ham,Y lei?,,,,0,lei
ham,HI BABE U R MOST LIKELY TO BE IN BED BUT IM SO SORRY ABOUT TONIGHT! I REALLY WANNA SEE U TOMORROW SO CALL ME AT 9. LOVE ME XXX,,,,0,hi babe u r likely bed im sorry tonight really wan na see u tomorrow call love xxx
ham,Already am squatting is the new way of walking,,,,0,already squatting new way walking
ham,Do you want bold 2 or bb torch,,,,0,want bold bb torch
ham,Cramps stopped. Going back to sleep,,,,0,cramps stopped going back sleep
spam,todays vodafone numbers ending with 0089(my last four digits) are selected to received a å£350 award. If your number matches please call 09063442151 to claim your å£350 award,,,,1,todays vodafone numbers ending last four digits selected received award number matches please call claim award
spam,Free Top ringtone -sub to weekly ringtone-get 1st week free-send SUBPOLY to 81618-?3 per week-stop sms-08718727870,,,,1,free top ringtone sub weekly ringtone get st week free send subpoly per week stop sms
ham,Nan sonathaya soladha. Why boss?,,,,0,nan sonathaya soladha boss
ham,Bring tat cd don forget,,,,0,bring tat cd forget
ham,I don't know but I'm raping dudes at poker,,,,0,know raping dudes poker
ham,Weightloss! No more girl friends. Make loads of money on ebay or something. And give thanks to God.,,,,0,weightloss girl friends make loads money ebay something give thanks god
ham,Was gr8 to see that message. So when r u leaving? Congrats dear. What school and wat r ur plans.,,,,0,gr see message r u leaving congrats dear school wat r ur plans
ham,ÌÏ eatin later but i'm eatin wif my frens now lei... ÌÏ going home first? ,,,,0,eatin later eatin wif frens lei going home first
ham,Finish already... Yar they keep saying i mushy... I so embarrassed ok...,,,,0,finish already yar keep saying mushy embarrassed ok
ham,"Sorry man, my stash ran dry last night and I can't pick up more until sunday",,,,0,sorry man stash ran dry last night pick sunday
ham,Hai priya are you right. What doctor said pa. Where are you.,,,,0,hai priya right doctor said pa
spam,"Free msg. Sorry, a service you ordered from 81303 could not be delivered as you do not have sufficient credit. Please top up to receive the service.",,,,1,free msg sorry service ordered could delivered sufficient credit please top receive service
ham,Please ask mummy to call father,,,,0,please ask mummy call father
ham,Can come my room but cannot come my house cos my house still messy... Haha...,,,,0,come room come house cos house still messy haha
ham,I have lost 10 kilos as of today!,,,,0,lost kilos today
ham,Just taste fish curry :-P,,,,0,taste fish curry p
ham,What can i do? Might accidant tookplace between somewhere ghodbandar rd. Traffic moves slovely. So plz slip &amp; don't worry.,,,,0,might accidant tookplace somewhere ghodbandar rd traffic moves slovely plz slip amp worry
ham,Yun ah.now Ì_ wkg where?btw if Ì_ go nus sc. ÌÏ wana specialise in wad?,,,,0,yun ah wkg btw go nus sc wana specialise wad
ham,Yes! I am a one woman man! Please tell me your likes and dislikes in bed...,,,,0,yes one woman man please tell likes dislikes bed
ham,Was doing my test earlier. I appreciate you. Will call you tomorrow.,,,,0,test earlier appreciate call tomorrow
ham,"How's my loverboy doing ? What does he do that keeps him from coming to his Queen, hmmm ? Doesn't he ache to speak to me ? Miss me desparately ?",,,,0,loverboy keeps coming queen hmmm ache speak miss desparately
ham,U meet other fren dun wan meet me ah... Muz b a guy rite...,,,,0,u meet fren dun wan meet ah muz b guy rite
ham,"(No promises on when though, haven't even gotten dinner yet)",,,,0,promises though even gotten dinner yet
ham,I got your back! Do you have any dislikes in bed?,,,,0,got back dislikes bed
ham,o turns out i had stereo love on mi phone under the unknown album.,,,,0,turns stereo love mi phone unknown album
spam,Hard LIVE 121 chat just 60p/min. Choose your girl and connect LIVE. Call 09094646899 now! Cheap Chat UK's biggest live service. VU BCM1896WC1N3XX,,,,1,hard live chat p min choose girl connect live call cheap chat uk biggest live service vu bcm wc n xx
ham,Yeah I don't see why not,,,,0,yeah see
ham,Asking do u knw them or nt? May be ur frnds or classmates?,,,,0,asking u knw nt may ur frnds classmates
ham,"Sorry about earlier. Putting out fires.Are you around to talk after 9? Or do you actually have a life, lol!",,,,0,sorry earlier putting fires around talk actually life lol
spam,WOW! The Boys R Back. TAKE THAT 2007 UK Tour. Win VIP Tickets & pre-book with VIP Club. Txt CLUB to 81303. Trackmarque Ltd info@vipclub4u.,,,,1,wow boys r back take uk tour win vip tickets pre book vip club txt club trackmarque ltd info vipclub u
ham,"As in missionary hook up, doggy hook up, standing...|",,,,0,missionary hook doggy hook standing
ham,Then u better go sleep.. Dun disturb u liao.. U wake up then msg me lor..,,,,0,u better go sleep dun disturb u liao u wake msg lor
ham,Am watching house ÛÒ very entertaining ÛÒ am getting the whole hugh laurie thing ÛÒ even with the stick ÛÒ indeed especially with the stick.,,,,0,watching house entertaining getting whole hugh laurie thing even stick indeed especially stick
ham,Thought praps you meant another one. Goodo! I'll look tomorrow ,,,,0,thought praps meant another one goodo look tomorrow
ham,"Hi Jon, Pete here, Ive bin 2 Spain recently & hav sum dinero left, Bill said u or ur åÔrents mayb interested in it, I hav 12,000pes, so around å£48, tb, James.",,,,0,hi jon pete ive bin spain recently hav sum dinero left bill said u ur rents mayb interested hav pes around tb james
ham,There bold 2  &lt;#&gt; . Is that yours,,,,0,bold lt gt
ham,You know there is. I shall speak to you in  &lt;#&gt;  minutes then,,,,0,know shall speak lt gt minutes
ham,"\ALRITE HUNNY!WOT U UP 2 2NITE? DIDNT END UP GOIN DOWN TOWN JUS DA PUB INSTEAD! JUS CHILLIN AT DA MO IN ME BEDROOM!LOVE JEN XXX.\""""",,,,0,alrite hunny wot u nite didnt end goin town jus da pub instead jus chillin da mo bedroom love jen xxx
ham,I went to project centre,,,,0,went project centre
ham,As per your request 'Maangalyam (Alaipayuthe)' has been set as your callertune for all Callers. Press *9 to copy your friends Callertune,,,,0,per request maangalyam alaipayuthe set callertune callers press copy friends callertune
ham,Lol yeah at this point I guess not,,,,0,lol yeah point guess
ham,Doing project w frens lor. ,,,,0,project w frens lor
ham,Lol. Well quality aint bad at all so i aint complaining,,,,0,lol well quality aint bad aint complaining
ham,"K, can that happen tonight?",,,,0,k happen tonight
spam,"Hi, this is Mandy Sullivan calling from HOTMIX FM...you are chosen to receive å£5000.00 in our Easter Prize draw.....Please telephone 09041940223 to claim before 29/03/05 or your prize will be transferred to someone else....",,,,1,hi mandy sullivan calling hotmix fm chosen receive easter prize draw please telephone claim prize transferred someone else
ham,"I think we're going to finn's now, come",,,,0,think going finn come
ham,Why tired what special there you had,,,,0,tired special
ham,I will come tomorrow di,,,,0,come tomorrow di
ham,K go and sleep well. Take rest:-).,,,,0,k go sleep well take rest
ham,U guys never invite me anywhere :(,,,,0,u guys never invite anywhere
spam,UR GOING 2 BAHAMAS! CallFREEFONE 08081560665 and speak to a live operator to claim either Bahamas cruise ofå£2000 CASH 18+only. To opt out txt X to 07786200117,,,,1,ur going bahamas callfreefone speak live operator claim either bahamas cruise cash opt txt x
ham,I can do that! I want to please you both inside and outside the bedroom...,,,,0,want please inside outside bedroom
ham,"\EY! CALM DOWNON THEACUSATIONS.. ITXT U COS IWANA KNOW WOTU R DOIN AT THEW/END... HAVENTCN U IN AGES..RING ME IF UR UP4 NETHING SAT.LOVE J XXX.\""""",,,,0,ey calm downon theacusations itxt u cos iwana know wotu r doin thew end haventcn u ages ring ur nething sat love j xxx
ham,I love to wine and dine my lady!,,,,0,love wine dine lady
spam,Someone has conacted our dating service and entered your phone because they fancy you!To find out who it is call from landline 09111030116. PoBox12n146tf15,,,,1,someone conacted dating service entered phone fancy find call landline pobox n tf
ham,"IåÕm cool ta luv but v.tired 2 cause i have been doin loads of planning all wk, we have got our social services inspection at the nursery! Take care & spk sn x.",,,,0,cool ta luv v tired cause doin loads planning wk got social services inspection nursery take care spk sn x
ham,I don know account details..i will ask my mom and send you.my mom is out of reach now.,,,,0,know account details ask mom send mom reach
ham,I think u have the wrong number.,,,,0,think u wrong number
ham,Feel Yourself That You Are Always Happy.. Slowly It Becomes Your Habit &amp; Finally It Becomes Part Of Your Life.. Follow It.. Happy Morning &amp; Have A Happy Day:),,,,0,feel always happy slowly becomes habit amp finally becomes part life follow happy morning amp happy day
ham,DO NOT B LATE LOVE MUM,,,,0,b late love mum
ham,Got it..mail panren paru..,,,,0,got mail panren paru
ham,* Was thinking about chuckin ur red green n black trainners 2 save carryin them bac on train,,,,0,thinking chuckin ur red green n black trainners save carryin bac train
ham,Give one miss from that number please,,,,0,give one miss number please
ham,Jus came back fr lunch wif my sis only. U leh?,,,,0,jus came back fr lunch wif sis u leh
ham,How is your schedule next week? I am out of town this weekend.,,,,0,schedule next week town weekend
ham,Really good:)dhanush rocks once again:),,,,0,really good dhanush rocks
ham,Lmao ok I wont be needing u to do my hair anymore.,,,,0,lmao ok wont needing u hair anymore
ham,"Miss ya, need ya, want ya, love ya.",,,,0,miss ya need ya want ya love ya
ham,Sorry i'm not free...,,,,0,sorry free
ham,Do u ever get a song stuck in your head for no reason and it won't go away til u listen to it like 5 times?,,,,0,u ever get song stuck head reason go away til u listen like times
ham,Nt yet chikku..simple habba..hw abt u?,,,,0,nt yet chikku simple habba hw abt u
ham,"Got ur mail Dileep.thank you so muchand look forward to lots of support...very less contacts here,remember one venugopal you mentioned.tomorrow if not late,i shall try to come up till there.goodnight dear.",,,,0,got ur mail dileep thank muchand look forward lots support less contacts remember one venugopal mentioned tomorrow late shall try come till goodnight dear
ham,Sometimes Heart Remembrs someone Very much... Forgets someone soon... Bcoz Heart will not like everyone. But liked ones will be Remembered Everytime... BSLVYL,,,,0,sometimes heart remembrs someone much forgets someone soon bcoz heart like everyone liked ones remembered everytime bslvyl
ham,Joy's father is John. Then John is the NAME of Joy's father. Mandan,,,,0,joy father john john name joy father mandan
spam,Hi 07734396839 IBH Customer Loyalty Offer: The NEW NOKIA6600 Mobile from ONLY å£10 at TXTAUCTION!Txt word:START to No:81151 & get Yours Now!4T&,,,,1,hi ibh customer loyalty offer new nokia mobile txtauction txt word start get
ham,Hi this is yijue... It's regarding the 3230 textbook it's intro to algorithms second edition... I'm selling it for $50...,,,,0,hi yijue regarding textbook intro algorithms second edition selling
spam,SMS AUCTION You have won a Nokia 7250i. This is what you get when you win our FREE auction. To take part send Nokia to 86021 now. HG/Suite342/2Lands Row/W1JHL 16+,,,,1,sms auction nokia get win free auction take part send nokia hg suite lands row w jhl
ham,"K, want us to come by now?",,,,0,k want us come
ham,How. Its a little difficult but its a simple way to enter this place,,,,0,little difficult simple way enter place
ham,Ha... Both of us doing e same thing. But i got tv 2 watch. U can thk of where 2 go tonight or u already haf smth in mind...,,,,0,ha us e thing got tv watch u thk go tonight u already haf smth mind
ham,Dont show yourself. How far. Put new pictures up on facebook.,,,,0,dont show far put new pictures facebook
ham,Watching tv now. I got new job :),,,,0,watching tv got new job
ham,"Good afternoon sexy buns! How goes the job search ? I wake and you are my first thought as always, my love. I wish your fine and happy and know I adore you!",,,,0,good afternoon sexy buns goes job search wake first thought always love wish fine happy know adore
ham,"I'm not coming over, do whatever you want",,,,0,coming whatever want
ham,"Its ok chikku, and its my 1 of favourite song..:-)",,,,0,ok chikku favourite song
ham,Did u see what I posted on your Facebook?,,,,0,u see posted facebook
spam,Call FREEPHONE 0800 542 0578 now!,,,,1,call freephone
spam,Buy Space Invaders 4 a chance 2 win orig Arcade Game console. Press 0 for Games Arcade (std WAP charge) See o2.co.uk/games 4 Terms + settings. No purchase,,,,1,buy space invaders chance win orig arcade game console press games arcade std wap charge see co uk games terms settings purchase
spam,BIG BROTHER ALERT! The computer has selected u for 10k cash or #150 voucher. Call 09064018838. NTT PO Box CRO1327 18+ BT Landline Cost 150ppm mobiles vary,,,,1,big brother alert computer selected u k cash voucher call ntt po box cro bt landline cost ppm mobiles vary
ham,";-( oh well, c u later",,,,0,oh well c u later
ham,My uncles in Atlanta. Wish you guys a great semester.,,,,0,uncles atlanta wish guys great semester
ham,No dear i do have free messages without any recharge. Hi hi hi,,,,0,dear free messages without recharge hi hi hi
ham,I dun believe u. I thk u told him.,,,,0,dun believe u thk u told
ham,"Do you know why god created gap between your fingers..? So that, One who is made for you comes &amp; fills those gaps by holding your hand with LOVE..!",,,,0,know god created gap fingers one made comes amp fills gaps holding hand love
ham,Yes:)sura in sun tv.:)lol.,,,,0,yes sura sun tv lol
ham,Arun can u transfr me d amt,,,,0,arun u transfr amt
ham,Takin a shower now but yeah I'll leave when I'm done,,,,0,takin shower yeah leave done
ham,Am not working but am up to eyes in philosophy so will text u later when a bit more free for chat...,,,,0,working eyes philosophy text u later bit free chat
ham,U havenåÕt lost me ill always b here 4u.i didnåÕt intend 2 hurt u but I never knew how u felt about me when Iwas+marine&thatåÕs what itried2tell urmom.i careabout u,,,,0,u lost ill always b u intend hurt u never knew u felt iwas marine itried tell urmom careabout u
spam,"WIN: We have a winner! Mr. T. Foley won an iPod! More exciting prizes soon, so keep an eye on ur mobile or visit www.win-82050.co.uk",,,,1,win winner mr foley ipod exciting prizes soon keep eye ur mobile visit www win co uk
ham,You bad girl. I can still remember them,,,,0,bad girl still remember
ham,How much i gave to you. Morning.,,,,0,much gave morning
ham,"I hope your alright babe? I worry that you might have felt a bit desparate when you learned the job was a fake ? I am here waiting when you come back, my love",,,,0,hope alright babe worry might felt bit desparate learned job fake waiting come back love
ham,"Hey, can you tell me blake's address? Carlos wanted me to meet him there but I got lost and he's not answering his phone",,,,0,hey tell blake address carlos wanted meet got lost answering phone
ham,Can i get your opinion on something first?,,,,0,get opinion something first
ham,That one week leave i put know that time. Why.,,,,0,one week leave put know time
ham,"If we hit it off, you can move in with me :)",,,,0,hit move
ham,excellent. I spent  &lt;#&gt;  years in the Air Force. Iraq and afghanistan. I am stable and honest. do you like traveling?,,,,0,excellent spent lt gt years air force iraq afghanistan stable honest like traveling
ham,I wanna watch that movie,,,,0,wan na watch movie
ham,Ok lor thanx... ÌÏ in school?,,,,0,ok lor thanx school
ham,I'm in class. Did you get my text.,,,,0,class get text
ham,The bus leaves at  &lt;#&gt; ,,,,0,bus leaves lt gt
ham,God bless.get good sleep my dear...i will pray!,,,,0,god bless get good sleep dear pray
spam,Todays Voda numbers ending 1225 are selected to receive a å£50award. If you have a match please call 08712300220 quoting claim code 3100 standard rates app ,,,,1,todays voda numbers ending selected receive award match please call quoting claim code standard rates app
ham,Do have a nice day today. I love you so dearly.,,,,0,nice day today love dearly
ham,Aiyo a bit pai seh Ì_ noe... Scared he dun rem who i am then die... Hee... But he become better lookin oredi leh...,,,,0,aiyo bit pai seh noe scared dun rem die hee become better lookin oredi leh
ham,"Aight, I'll ask a few of my roommates",,,,0,aight ask roommates
ham,"Now, whats your house # again ? And do you have any beer there ?",,,,0,whats house beer
ham,Do Ì_ all wan 2 meet up n combine all the parts? How's da rest of da project going?,,,,0,wan meet n combine parts da rest da project going
ham,"\Getting tickets 4 walsall tue 6 th march. My mate is getting me them on sat. ill pay my treat. Want 2 go. Txt bak .Terry\""""",,,,0,getting tickets walsall tue th march mate getting sat ill pay treat want go txt bak terry
ham,Yes we are chatting too.,,,,0,yes chatting
ham,HI ITS JESS I DONT KNOW IF YOU ARE AT WORK BUT CALL ME WHEN U CAN IM AT HOME ALL EVE. XXX,,,,0,hi jess dont know work call u im home eve xxx
ham,Sian... Aft meeting supervisor got work 2 do liao... U working now?,,,,0,sian aft meeting supervisor got work liao u working
ham,Are you going to write ccna exam this week??,,,,0,going write ccna exam week
ham,Well i will watch shrek in 3D!!B),,,,0,well watch shrek b
ham,Am i that much dirty fellow?,,,,0,much dirty fellow
ham,Dunno dat's wat he told me. Ok lor...,,,,0,dunno dat wat told ok lor
ham,I'll probably be by tomorrow (or even later tonight if something's going on),,,,0,probably tomorrow even later tonight something going
ham,I couldn't say no as he is a dying man and I feel sad for him so I will go and I just wanted you to know I would probably be gone late into your night,,,,0,say dying man feel sad go wanted know would probably gone late night
ham,If you're thinking of lifting me one then no.,,,,0,thinking lifting one
ham,Same as u... Dun wan... Y u dun like me already ah... Wat u doing now? Still eating?,,,,0,u dun wan u dun like already ah wat u still eating
ham,Sent me ur email id soon,,,,0,sent ur email id soon
ham,"Dude. What's up. How Teresa. Hope you have been okay. When i didnt hear from these people, i called them and they had received the package since dec  &lt;#&gt; . Just thot you'ld like to know. Do have a fantastic year and all the best with your reading. Plus if you can really really Bam first aid for Usmle, then your work is done.",,,,0,dude teresa hope okay didnt hear people called received package since dec lt gt thot ld like know fantastic year best reading plus really really bam first aid usmle work done
ham,Hey gorgeous man. My work mobile number is. Have a good one babe. Squishy Mwahs.,,,,0,hey gorgeous man work mobile number good one babe squishy mwahs
spam,"Hottest pics straight to your phone!! See me getting Wet and Wanting, just for you xx Text PICS to 89555 now! txt costs 150p textoperator g696ga 18 XxX",,,,1,hottest pics straight phone see getting wet wanting xx text pics txt costs p textoperator g ga xxx
ham,That's the way you should stay oh.,,,,0,way stay oh
ham,Hello- thanx for taking that call. I got a job! Starts on monday!,,,,0,hello thanx taking call got job starts monday
ham,What time is ur flight tmr?,,,,0,time ur flight tmr
ham,When should I come over?,,,,0,come
ham,I have a rather prominent bite mark on my right cheek,,,,0,rather prominent bite mark right cheek
ham,* Will be september by then!,,,,0,september
ham,Are you wet right now?,,,,0,wet right
ham,And how's your husband.,,,,0,husband
spam,"Hack Chat. Get backdoor entry into 121 chat rooms at a fraction of the cost. Reply NEO69 or call 09050280520, to subscribe 25p pm. DPS, Bcm box 8027 Ldn, wc1n3xx",,,,1,hack chat get backdoor entry chat rooms fraction cost reply neo call subscribe p pm dps bcm box ldn wc n xx
ham,Are we doing the norm tomorrow? I finish just a 4.15 cos of st tests. Need to sort library stuff out at some point tomo - got letter from today - access til end march so i better get move on!,,,,0,norm tomorrow finish cos st tests need sort library stuff point tomo got letter today access til end march better get move
ham,Yeah. I got a list with only u and Joanna if I'm feeling really anti social,,,,0,yeah got list u joanna feeling really anti social
ham,I am in your office na.,,,,0,office na
ham,"\Are you comingdown later?\""""",,,,0,comingdown later
ham,Super da:)good replacement for murali,,,,0,super da good replacement murali
ham,Da is good good player.why he is unsold.,,,,0,da good good player unsold
ham,Hi. || Do u want | to join me with sts later? || Meeting them at five. || Call u after class.,,,,0,hi u want join sts later meeting five call u class
ham,Its on in engalnd! But telly has decided it won't let me watch it and mia and elliot were kissing! Damn it!,,,,0,engalnd telly decided let watch mia elliot kissing damn
spam,"FREE NOKIA Or Motorola with upto 12mths 1/2price linerental, 500 FREE x-net mins&100txt/mth FREE B'tooth*. Call Mobileupd8 on 08001950382 or call 2optout/D3WV",,,,1,free nokia motorola upto mths price linerental free x net mins txt mth free b tooth call mobileupd call optout wv
ham,I dont want to hear philosophy. Just say what happen,,,,0,dont want hear philosophy say happen
ham,You got job in wipro:)you will get every thing in life in 2 or 3 years.,,,,0,got job wipro get every thing life years
ham,Then cant get da laptop? My matric card wif Ì_ lei... ,,,,0,cant get da laptop matric card wif lei
ham,Dunno da next show aft 6 is 850. Toa payoh got 650.,,,,0,dunno da next show aft toa payoh got
spam,"This is the 2nd time we have tried 2 contact u. U have won the 750 Pound prize. 2 claim is easy, call 08718726970 NOW! Only 10p per min. BT-national-rate ",,,,1,nd time tried contact u u pound prize claim easy call p per min bt national rate
ham,I just made some payments so dont have that much. Sorry. Would you want it fedex or the other way.,,,,0,made payments dont much sorry would want fedex way
ham,They did't play one day last year know even though they have very good team.. Like india.,,,,0,play one day last year know even though good team like india
ham,K.:)you are the only girl waiting in reception ah?,,,,0,k girl waiting reception ah
ham,"Say this slowly.? GOD,I LOVE YOU &amp; I NEED YOU,CLEAN MY HEART WITH YOUR BLOOD.Send this to Ten special people &amp; u c miracle tomorrow, do it,pls,pls do it...",,,,0,say slowly god love amp need clean heart blood send ten special people amp u c miracle tomorrow pls pls
ham,I hate when she does this. She turns what should be a fun shopping trip into an annoying day of how everything would look in her house.,,,,0,hate turns fun shopping trip annoying day everything would look house
ham,"Sir, i am waiting for your call.",,,,0,sir waiting call
ham,What's up. Do you want me to come online?,,,,0,want come online
ham,"It could work, we'll reach a consensus at the next meeting",,,,0,could work reach consensus next meeting
ham,Aiyah then i wait lor. Then u entertain me. Hee...,,,,0,aiyah wait lor u entertain hee
ham,"The last thing i ever wanted to do was hurt you. And i didn't think it would have. You'd laugh, be embarassed, delete the tag and keep going. But as far as i knew, it wasn't even up. The fact that you even felt like i would do it to hurt you shows you really don't know me at all. It was messy wednesday, but it wasn't bad. The problem i have with it is you HAVE the time to clean it, but you choose not to. You skype, you take pictures, you sleep, you want to go out. I don't mind a few things here and there, but when you don't make the bed, when you throw laundry on top of it, when i can't have a friend in the house because i'm embarassed that there's underwear and bras strewn on the bed, pillows on the floor, that's something else. You used to be good about at least making the bed.",,,,0,last thing ever wanted hurt think would laugh embarassed delete tag keep going far knew even fact even felt like would hurt shows really know messy wednesday bad problem time clean choose skype take pictures sleep want go mind things make bed throw laundry top friend house embarassed underwear bras strewn bed pillows floor something else used good least making bed
ham,I'll let you know when it kicks in,,,,0,let know kicks
ham,You call him now ok i said call him,,,,0,call ok said call
ham,Call to the number which is available in appointment. And ask to connect the call to waheed fathima.,,,,0,call number available appointment ask connect call waheed fathima
ham,Or Ì_ go buy wif him then i meet Ì_ later can?,,,,0,go buy wif meet later
ham,Mmmm ... Fuck ... Not fair ! You know my weaknesses ! *grins* *pushes you to your knee's* *exposes my belly and pulls your head to it* Don't forget ... I know yours too *wicked smile*,,,,0,mmmm fuck fair know weaknesses grins pushes knee exposes belly pulls head forget know wicked smile
ham,Today my system sh get ready.all is well and i am also in the deep well,,,,0,today system sh get ready well also deep well
ham,Mom wants to know where you at,,,,0,mom wants know
ham,"Aight, I'll text you when I'm back",,,,0,aight text back
ham,Dont know supports ass and srt i thnk. I think ps3 can play through usb too,,,,0,dont know supports ass srt thnk think ps play usb
ham,Oh ok i didnt know what you meant. Yep i am baby jontin,,,,0,oh ok didnt know meant yep baby jontin
spam,You have WON a guaranteed å£1000 cash or a å£2000 prize.To claim yr prize call our customer service representative on,,,,1,guaranteed cash prize claim yr prize call customer service representative
spam,Would you like to see my XXX pics they are so hot they were nearly banned in the uk!,,,,1,would like see xxx pics hot nearly banned uk
ham,This pen thing is beyond a joke. Wont a Biro do? Don't do a masters as can't do this ever again! ,,,,0,pen thing beyond joke wont biro masters ever
ham,I AM AT A PARTY WITH ALEX NICHOLS,,,,0,party alex nichols
spam,U have a secret admirer who is looking 2 make contact with U-find out who they R*reveal who thinks UR so special-call on 09058094594,,,,1,u secret admirer looking make contact u find r reveal thinks ur special call
ham,Just seeing your missed call my dear brother. Do have a gr8 day.,,,,0,seeing missed call dear brother gr day
ham,Ok.. ÌÏ finishing soon?,,,,0,ok finishing soon
ham,"Sorry, I can't help you on this.",,,,0,sorry help
ham,"Come to me, slave. Your doing it again ... Going into your shell and unconsciously avoiding me ... You are making me unhappy :-(",,,,0,come slave going shell unconsciously avoiding making unhappy
ham,I love your ass! Do you enjoy doggy style? :),,,,0,love ass enjoy doggy style
ham,I think asking for a gym is the excuse for lazy people. I jog.,,,,0,think asking gym excuse lazy people jog
spam,Dear 0776xxxxxxx U've been invited to XCHAT. This is our final attempt to contact u! Txt CHAT to 86688 150p/MsgrcvdHG/Suite342/2Lands/Row/W1J6HL LDN 18yrs ,,,,1,dear xxxxxxx u invited xchat final attempt contact u txt chat p msgrcvdhg suite lands row w j hl ldn yrs
spam,Urgent! Please call 09061743811 from landline. Your ABTA complimentary 4* Tenerife Holiday or å£5000 cash await collection SAE T&Cs Box 326 CW25WX 150ppm,,,,1,urgent please call landline abta complimentary tenerife holiday cash await collection sae cs box cw wx ppm
ham,No. On the way home. So if not for the long dry spell the season would have been over,,,,0,way home long dry spell season would
ham,I gotta collect da car at 6 lei.,,,,0,got ta collect da car lei
ham,Ok but knackered. Just came home and went to sleep! Not good at this full time work lark.,,,,0,ok knackered came home went sleep good full time work lark
ham,Probably earlier than that if the station's where I think it is,,,,0,probably earlier station think
spam,CALL 09090900040 & LISTEN TO EXTREME DIRTY LIVE CHAT GOING ON IN THE OFFICE RIGHT NOW TOTAL PRIVACY NO ONE KNOWS YOUR [sic] LISTENING 60P MIN 24/7MP 0870753331018+,,,,1,call listen extreme dirty live chat going office right total privacy one knows sic listening p min mp
spam,"FreeMsg Hey U, i just got 1 of these video/pic fones, reply WILD to this txt & ill send U my pics, hurry up Im so bored at work xxx (18 150p/rcvd STOP2stop)",,,,1,freemsg hey u got video pic fones reply wild txt ill send u pics hurry im bored work xxx p rcvd stop stop
ham,"Uh, heads up we don't have THAT much left",,,,0,uh heads much left
ham,I tot u outside cos darren say u come shopping. Of course we nice wat. We jus went sim lim look at mp3 player.,,,,0,tot u outside cos darren say u come shopping course nice wat jus went sim lim look mp player
ham,"Aight, sounds good. When do you want me to come down?",,,,0,aight sounds good want come
ham,Wat would u like 4 ur birthday?,,,,0,wat would u like ur birthday
ham,I love working from home :),,,,0,love working home
ham,And miss vday the parachute and double coins??? U must not know me very well...,,,,0,miss vday parachute double coins u must know well
ham,My sister got placed in birla soft da:-),,,,0,sister got placed birla soft da
spam,Free entry in 2 a weekly comp for a chance to win an ipod. Txt POD to 80182 to get entry (std txt rate) T&C's apply 08452810073 for details 18+,,,,1,free entry weekly comp chance win ipod txt pod get entry std txt rate c apply details
ham,Wah... Okie okie... Muz make use of e unlimited... Haha... ,,,,0,wah okie okie muz make use e unlimited haha
ham,"There're some people by mu, I'm at the table by lambda",,,,0,people mu table lambda
ham,And stop being an old man. You get to build snowman snow angels and snowball fights.,,,,0,stop old man get build snowman snow angels snowball fights
ham,ELLO BABE U OK?,,,,0,ello babe u ok
ham,Hello beautiful r u ok? I've kinda ad a row wiv and he walked out the pub?? I wanted a night wiv u Miss u ,,,,0,hello beautiful r u ok kinda ad row wiv walked pub wanted night wiv u miss u
ham,Then u going ikea str aft dat?,,,,0,u going ikea str aft dat
ham,Becoz its  &lt;#&gt;  jan whn al the post ofice is in holiday so she cn go fr the post ofice...got it duffer,,,,0,becoz lt gt jan whn al post ofice holiday cn go fr post ofice got duffer
ham,Lol grr my mom is taking forever with my prescription. Pharmacy is like 2 minutes away. Ugh.,,,,0,lol grr mom taking forever prescription pharmacy like minutes away ugh
ham,For real tho this sucks. I can't even cook my whole electricity is out. And I'm hungry.,,,,0,real tho sucks even cook whole electricity hungry
ham,You want to go? ,,,,0,want go
spam,New TEXTBUDDY Chat 2 horny guys in ur area 4 just 25p Free 2 receive Search postcode or at gaytextbuddy.com. TXT ONE name to 89693. 08715500022 rpl Stop 2 cnl,,,,1,new textbuddy chat horny guys ur area p free receive search postcode gaytextbuddy com txt one name rpl stop cnl
ham,Its not that time of the month nor mid of the time?,,,,0,time month mid time
ham,Fffff. Can you text kadeem or are you too far gone,,,,0,fffff text kadeem far gone
ham,We not leaving yet. Ok lor then we go elsewhere n eat. U thk...,,,,0,leaving yet ok lor go elsewhere n eat u thk
ham,Is fujitsu s series lifebook good?,,,,0,fujitsu series lifebook good
ham,Yar i wanted 2 scold u yest but late already... I where got zhong se qing you? If u ask me b4 he ask me then i'll go out w u all lor. N u still can act so real.,,,,0,yar wanted scold u yest late already got zhong se qing u ask b ask go w u lor n u still act real
ham,Dont know you bring some food,,,,0,dont know bring food
ham,No current and food here. I am alone also,,,,0,current food alone also
ham,I'll be in sch fr 4-6... I dun haf da book in sch... It's at home...,,,,0,sch fr dun haf da book sch home
ham,Hello. They are going to the village pub at 8 so either come here or there accordingly. Ok?,,,,0,hello going village pub either come accordingly ok
ham,Ok,,,,0,ok
ham,We don call like  &lt;#&gt;  times oh. No give us hypertension oh.,,,,0,call like lt gt times oh give us hypertension oh
ham,"Dont give a monkeys wot they think and i certainly don't mind. Any friend of mine&all that! Just don't sleep wiv , that wud be annoyin!",,,,0,dont give monkeys wot think certainly mind friend mine sleep wiv wud annoyin
ham,Omg it could snow here tonite!,,,,0,omg could snow tonite
spam,Call from 08702490080 - tells u 2 call 09066358152 to claim å£5000 prize. U have 2 enter all ur mobile & personal details @ the prompts. Careful!,,,,1,call tells u call claim prize u enter ur mobile personal details prompts careful
spam,Free 1st week entry 2 TEXTPOD 4 a chance 2 win 40GB iPod or å£250 cash every wk. Txt VPOD to 81303 Ts&Cs www.textpod.net custcare 08712405020.,,,,1,free st week entry textpod chance win gb ipod cash every wk txt vpod ts cs www textpod net custcare
ham,Carry on not disturbing both of you,,,,0,carry disturbing
ham,What pa tell me.. I went to bath:-),,,,0,pa tell went bath
ham,Jus finished avatar nigro,,,,0,jus finished avatar nigro
ham,R u over scratching it?,,,,0,r u scratching
ham,Hope you are having a great day.,,,,0,hope great day
ham,Did either of you have any idea's? Do you know of anyplaces doing something?,,,,0,either idea know anyplaces something
ham,My planning usually stops at \find hella weed," smoke hella weed\""""",,,0,planning usually stops find hella weed
ham,The fact that you're cleaning shows you know why i'm upset. Your priority is constantly \what i want to do,"\"" not \""what i need to do.\""""",,,0,fact cleaning shows know upset priority constantly want
ham,Excellent! Are you ready to moan and scream in ecstasy?,,,,0,excellent ready moan scream ecstasy
spam,More people are dogging in your area now. Call 09090204448 and join like minded guys. Why not arrange 1 yourself. There's 1 this evening. Aå£1.50 minAPN LS278BB,,,,1,people dogging area call join like minded guys arrange evening minapn ls bb
ham,Dude avatar 3d was imp. At one point i thought there were actually flies in the room and almost tried hittng one as a reflex,,,,0,dude avatar imp one point thought actually flies room almost tried hittng one reflex
spam,"WELL DONE! Your 4* Costa Del Sol Holiday or å£5000 await collection. Call 09050090044 Now toClaim. SAE, TCs, POBox334, Stockport, SK38xh, Costå£1.50/pm, Max10mins",,,,1,well done costa del sol holiday await collection call toclaim sae tcs pobox stockport sk xh cost pm max mins
ham,K...k:)why cant you come here and search job:),,,,0,k k cant come search job
ham,I got lousy sleep. I kept waking up every 2 hours to see if my cat wanted to come in. I worry about him when its cold :(,,,,0,got lousy sleep kept waking every hours see cat wanted come worry cold
ham,"Yeah, I'll leave in a couple minutes &amp; let you know when I get to mu",,,,0,yeah leave couple minutes amp let know get mu
ham,Can Ì_ call me at 10:10 to make sure dat i've woken up...,,,,0,call make sure dat woken
ham,Hey we can go jazz power yoga hip hop kb and yogasana ,,,,0,hey go jazz power yoga hip hop kb yogasana
ham,The battery is for mr adewale my uncle. Aka Egbon,,,,0,battery mr adewale uncle aka egbon
ham,Wait 2 min..stand at bus stop,,,,0,wait min stand bus stop
ham,Oh ic. I thought you meant mary jane.,,,,0,oh ic thought meant mary jane
ham,Haha... Really oh no... How? Then will they deduct your lesson tmr?,,,,0,haha really oh deduct lesson tmr
ham,Nah im goin 2 the wrks with j wot bout u?,,,,0,nah im goin wrks j wot bout u
ham,Then just eat a shit and wait for ur monkey face bitch.......... U asshole..................,,,,0,eat shit wait ur monkey face bitch u asshole
ham,Good night. Am going to sleep.,,,,0,good night going sleep
ham,"Aight I'll grab something to eat too, text me when you're back at mu",,,,0,aight grab something eat text back mu
ham,Take something for pain. If it moves however to any side in the next 6hrs see a doctor.,,,,0,take something pain moves however side next hrs see doctor
ham,"Lol ... Oh no babe, I wont be sliding into your place after midnight, but thanks for the invite",,,,0,lol oh babe wont sliding place midnight thanks invite
ham,Howz that persons story,,,,0,howz persons story
spam,Guess what! Somebody you know secretly fancies you! Wanna find out who it is? Give us a call on 09065394973 from Landline DATEBox1282EssexCM61XN 150p/min 18,,,,1,guess somebody know secretly fancies wan na find give us call landline datebox essexcm xn p min
ham,LOL that would be awesome payback.,,,,0,lol would awesome payback
spam,it to 80488. Your 500 free text messages are valid until 31 December 2005.,,,,1,free text messages valid december
ham,"Honeybee Said: *I'm d Sweetest in d World* God Laughed &amp; Said: *Wait,U Havnt Met d Person Reading This Msg* MORAL: Even GOD Can Crack Jokes! GM+GN+GE+GN:)",,,,0,honeybee said sweetest world god laughed amp said wait u havnt met person reading msg moral even god crack jokes gm gn ge gn
ham,Thanks. It was only from tescos but quite nice. All gone now. Speak soon ,,,,0,thanks tescos quite nice gone speak soon
ham,What's a feathery bowa? Is that something guys have that I don't know about?,,,,0,feathery bowa something guys know
ham,Even i cant close my eyes you are in me our vava playing umma :-D,,,,0,even cant close eyes vava playing umma
ham,2 laptop... I noe infra but too slow lar... I wan fast one,,,,0,laptop noe infra slow lar wan fast one
spam,You have won a guaranteed å£200 award or even å£1000 cashto claim UR award call free on 08000407165 (18+) 2 stop getstop on 88222 PHP,,,,1,guaranteed award even cashto claim ur award call free stop getstop php
ham,Nvm it's ok...,,,,0,nvm ok
ham,Enjoy ur life. . Good night,,,,0,enjoy ur life good night
ham,Yes but can we meet in town cos will go to gep and then home. You could text at bus stop. And don't worry we'll have finished by march Û_ ish!,,,,0,yes meet town cos go gep home could text bus stop worry finished march ish
ham,Thats cool. Where should i cum? On you or in you? :),,,,0,thats cool cum
ham,Delhi and chennai still silent.,,,,0,delhi chennai still silent
ham,Lol alright i was thinkin that too haha,,,,0,lol alright thinkin haha
spam,Reply to win å£100 weekly! Where will the 2006 FIFA World Cup be held? Send STOP to 87239 to end service,,,,1,reply win weekly fifa world cup held send stop end service
ham,No I'm in the same boat. Still here at my moms. Check me out on yo. I'm half naked.,,,,0,boat still moms check yo half naked
ham,Shhhhh nobody is supposed to know!,,,,0,shhhhh nobody supposed know
ham,"Sorry, I'll call later in meeting any thing related to trade please call Arul. &lt;#&gt; ",,,,0,sorry call later meeting thing related trade please call arul lt gt
ham,Hey i will be late... i'm at amk. Need to drink tea or coffee,,,,0,hey late amk need drink tea coffee
spam,Urgent! Please call 09061743810 from landline. Your ABTA complimentary 4* Tenerife Holiday or #5000 cash await collection SAE T&Cs Box 326 CW25WX 150 ppm,,,,1,urgent please call landline abta complimentary tenerife holiday cash await collection sae cs box cw wx ppm
ham,The length is e same but e top shorter n i got a fringe now. I thk i'm not going liao. Too lazy. Dun wan 2 distract u also.,,,,0,length e e top shorter n got fringe thk going liao lazy dun wan distract u also
ham,S..antha num corrct dane,,,,0,antha num corrct dane
ham,The basket's gettin full so I might be by tonight,,,,0,basket gettin full might tonight
ham,HI DARLIN IVE JUST GOT BACK AND I HAD A REALLY NICE NIGHT AND THANKS SO MUCH FOR THE LIFT SEE U TOMORROW XXX,,,,0,hi darlin ive got back really nice night thanks much lift see u tomorrow xxx
ham,No other Valentines huh? The proof is on your fb page. Ugh I'm so glad I really DIDN'T watch your rupaul show you TOOL!,,,,0,valentines huh proof fb page ugh glad really watch rupaul show tool
spam,Free tones Hope you enjoyed your new content. text stop to 61610 to unsubscribe. help:08712400602450p Provided by tones2you.co.uk,,,,1,free tones hope enjoyed new content text stop unsubscribe help p provided tones co uk
ham,Eh den sat u book e kb liao huh...,,,,0,eh den sat u book e kb liao huh
ham,Have you been practising your curtsey?,,,,0,practising curtsey
ham,Lol boo I was hoping for a laugh,,,,0,lol boo hoping laugh
ham,\YEH I AM DEF UP4 SOMETHING SAT,"JUST GOT PAYED2DAY & I HAVBEEN GIVEN Aå£50 PAY RISE 4MY WORK & HAVEBEEN MADE PRESCHOOLCO-ORDINATOR 2I AM FEELINGOOD LUV\""""",,,0,yeh def something sat
ham,"Well, I have to leave for my class babe ... You never came back to me ... :-( ... Hope you have a nice sleep, my love",,,,0,well leave class babe never came back hope nice sleep love
ham,LMAO where's your fish memory when I need it?,,,,0,lmao fish memory need
ham,But i'll b going 2 sch on mon. My sis need 2 take smth.,,,,0,b going sch mon sis need take smth
ham,Idea will soon get converted to live:),,,,0,idea soon get converted live
spam,TheMob>Yo yo yo-Here comes a new selection of hot downloads for our members to get for FREE! Just click & open the next link sent to ur fone...,,,,1,themob yo yo yo comes new selection hot downloads members get free click open next link sent ur fone
ham,S....s...india going to draw the series after many years in south african soil..,,,,0,india going draw series many years south african soil
ham,"Goodmorning, today i am late for  &lt;DECIMAL&gt; min.",,,,0,goodmorning today late lt decimal gt min
ham,Can't take any major roles in community outreach. You rock mel,,,,0,take major roles community outreach rock mel
ham,Shopping lor. Them raining mah hard 2 leave orchard.,,,,0,shopping lor raining mah hard leave orchard
ham,Hi here. have birth at on the  to  at 8lb 7oz. Mother and baby doing brilliantly.,,,,0,hi birth lb oz mother baby brilliantly
ham,See the forwarding message for proof,,,,0,see forwarding message proof
ham,"I can't keep going through this. It was never my intention to run you out, but if you choose to do that rather than keep the room clean so *I* don't have to say no to visitors, then maybe that's the best choice. Yes, I wanted you to be embarassed, so maybe you'd feel for once how I feel when i have a friend who wants to drop buy and i have to say no, as happened this morning. I've tried everything. I don't know what else to do.",,,,0,keep going never intention run choose rather keep room clean say visitors maybe best choice yes wanted embarassed maybe feel feel friend wants drop buy say happened morning tried everything know else
ham,Dunno lei... I thk mum lazy to go out... I neva ask her yet...,,,,0,dunno lei thk mum lazy go neva ask yet
ham,"Do whatever you want. You know what the rules are. We had a talk earlier this week about what had to start happening, you showing responsibility. Yet, every week it's can i bend the rule this way? What about that way? Do whatever. I'm tired of having thia same argument with you every week. And a  &lt;#&gt;  movie DOESNT inlude the previews. You're still getting in after 1.",,,,0,whatever want know rules talk earlier week start happening showing responsibility yet every week bend rule way way whatever tired thia argument every week lt gt movie doesnt inlude previews still getting
ham,"Beautiful Truth against Gravity.. Read carefully: \Our heart feels light when someone is in it.. But it feels very heavy when someone leaves it..\"" GOODMORNING""",,,,0,beautiful truth gravity read carefully heart feels light someone feels heavy someone leaves goodmorning
spam,Great News! Call FREEFONE 08006344447 to claim your guaranteed å£1000 CASH or å£2000 gift. Speak to a live operator NOW!,,,,1,great news call freefone claim guaranteed cash gift speak live operator
ham,Ambrith..madurai..met u in arun dha marrge..remembr?,,,,0,ambrith madurai met u arun dha marrge remembr
ham,Just re read it and I have no shame but tell me how he takes it and if he runs I will blame u 4 ever!! Not really 4 ever just a long time ,,,,0,read shame tell takes runs blame u ever really ever long time
ham,"Princess, is your kitty shaved or natural?",,,,0,princess kitty shaved natural
ham,"Better than bb. If he wont use it, his wife will or them doctor",,,,0,better bb wont use wife doctor
ham,Ya it came a while ago,,,,0,ya came ago
ham,From tomorrow onwards eve 6 to 3 work.,,,,0,tomorrow onwards eve work
ham,Anything lor but toa payoh got place 2 walk meh...,,,,0,anything lor toa payoh got place walk meh
ham,"I don't have anybody's number, I still haven't thought up a tactful way to ask alex",,,,0,anybody number still thought tactful way ask alex
spam,"U can WIN å£100 of Music Gift Vouchers every week starting NOW Txt the word DRAW to 87066 TsCs www.ldew.com SkillGame,1Winaweek, age16.150ppermessSubscription",,,,1,u win music gift vouchers every week starting txt word draw tscs www ldew com skillgame winaweek age ppermesssubscription
ham,Is there any movie theatre i can go to and watch unlimited movies and just pay once?,,,,0,movie theatre go watch unlimited movies pay
ham,U having lunch alone? I now so bored...,,,,0,u lunch alone bored
ham,"Yes obviously, but you are the eggs-pert and the potato headÛ_ Speak soon! ",,,,0,yes obviously eggs pert potato head speak soon
ham,"Nah man, my car is meant to be crammed full of people",,,,0,nah man car meant crammed full people
ham,No got new job at bar in airport on satsgettin 4.47per hour but means no lie in! keep in touch,,,,0,got new job bar airport satsgettin per hour means lie keep touch
ham,Kallis is ready for bat in 2nd innings,,,,0,kallis ready bat nd innings
ham,Thanx but my birthday is over already.,,,,0,thanx birthday already
ham,"Ugh y can't u just apologize, admit u were wrong and ask me to take u back?",,,,0,ugh u apologize admit u wrong ask take u back
ham,"I noe la... U wana pei bf oso rite... K lor, other days den...",,,,0,noe la u wana pei bf oso rite k lor days den
ham,"Yes, i'm small kid.. And boost is the secret of my energy..",,,,0,yes small kid boost secret energy
ham,IM GONNA MISS U SO MUCH,,,,0,im gon na miss u much
ham,Is avatar supposed to have subtoitles,,,,0,avatar supposed subtoitles
ham,Simply sitting and watching match in office..,,,,0,simply sitting watching match office
ham,You can jot down things you want to remember later.,,,,0,jot things want remember later
ham,Oh sorry please its over,,,,0,oh sorry please
ham,Hey are we going for the lo lesson or gym? ,,,,0,hey going lo lesson gym
ham,"Dont pack what you can buy at any store.like cereals. If you must pack food, pack gari or something 9ja that you will miss.",,,,0,dont pack buy store like cereals must pack food pack gari something ja miss
ham,You always make things bigger than they are,,,,0,always make things bigger
ham,ÌÏ dun wan to watch infernal affair?,,,,0,dun wan watch infernal affair
ham,"Me not waking up until 4 in the afternoon, sup",,,,0,waking afternoon sup
ham,I can send you a pic if you like :),,,,0,send pic like
ham,Okay... I booked all already... Including the one at bugis.,,,,0,okay booked already including one bugis
ham,"Aight fuck it, I'll get it later",,,,0,aight fuck get later
ham,No de. But call me after some time. Ill tell you k,,,,0,de call time ill tell k
ham,So dont use hook up any how,,,,0,dont use hook
ham,How much is blackberry bold2 in nigeria.,,,,0,much blackberry bold nigeria
ham,Hi where you. You in home or calicut?,,,,0,hi home calicut
ham,Hey darlin.. i can pick u up at college if u tell me wen & where 2 mt.. love Pete xx,,,,0,hey darlin pick u college u tell wen mt love pete xx
spam,"Call 09094100151 to use ur mins! Calls cast 10p/min (mob vary). Service provided by AOM, just GBP5/month. AOM Box61,M60 1ER until u stop. Ages 18+ only!",,,,1,call use ur mins calls cast p min mob vary service provided aom gbp month aom box er u stop ages
ham,"Oh... I was thkin of goin yogasana at 10 den no nd to go at 3 den can rush to parco 4 nb... Okie lor, u call me when ready...",,,,0,oh thkin goin yogasana den nd go den rush parco nb okie lor u call ready
ham,Y so late but i need to go n get da laptop...,,,,0,late need go n get da laptop
ham,"Sir, I am waiting for your mail.",,,,0,sir waiting mail
ham,.Please charge my mobile when you get up in morning.,,,,0,please charge mobile get morning
ham,"Nothing, i got msg frm tht unknown no..",,,,0,nothing got msg frm tht unknown
ham,Ugh fuck it I'm resubbing to eve,,,,0,ugh fuck resubbing eve
ham,He didn't see his shadow. We get an early spring yay,,,,0,see shadow get early spring yay
ham,I did. One slice and one breadstick. Lol,,,,0,one slice one breadstick lol
ham,"Hey ! I want you ! I crave you ! I miss you ! I need you ! I love you, Ahmad Saeed al Hallaq ...",,,,0,hey want crave miss need love ahmad saeed al hallaq
ham,Is there any training tomorrow?,,,,0,training tomorrow
spam,"URGENT! Your mobile No *********** WON a å£2,000 Bonus Caller Prize on 02/06/03! This is the 2nd attempt to reach YOU! Call 09066362220 ASAP! BOX97N7QP, 150ppm",,,,1,urgent mobile bonus caller prize nd attempt reach call asap box n qp ppm
ham,Pass dis to all ur contacts n see wat u get! Red;i'm in luv wid u. Blue;u put a smile on my face. Purple;u r realy hot. Pink;u r so swt. Orange;i thnk i lyk u. Green;i realy wana go out wid u. Yelow;i wnt u bck. Black;i'm jealous of u. Brown;i miss you Nw plz giv me one color,,,,0,pass dis ur contacts n see wat u get red luv wid u blue u put smile face purple u r realy hot pink u r swt orange thnk lyk u green realy wana go wid u yelow wnt u bck black jealous u brown miss nw plz giv one color
ham,Cos daddy arranging time c wat time fetch Ì_ mah...,,,,0,cos daddy arranging time c wat time fetch mah
ham,Then. You are eldest know.,,,,0,eldest know
ham,Who's there say hi to our drugdealer,,,,0,say hi drugdealer
ham,Its hard to believe things like this. All can say lie but think twice before saying anything to me.,,,,0,hard believe things like say lie think twice saying anything
spam,"Eerie Nokia tones 4u, rply TONE TITLE to 8007 eg TONE DRACULA to 8007 Titles: GHOST, ADDAMSFA, MUNSTERS, EXORCIST, TWILIGHT www.getzed.co.uk POBox36504W45WQ 150p ",,,,1,eerie nokia tones u rply tone title eg tone dracula titles ghost addamsfa munsters exorcist twilight www getzed co uk pobox w wq p
spam,Sexy Singles are waiting for you! Text your AGE followed by your GENDER as wither M or F E.G.23F. For gay men text your AGE followed by a G. e.g.23G.,,,,1,sexy singles waiting text age followed gender wither f e g f gay men text age followed g e g g
ham,Good night my dear.. Sleepwell&amp;Take care,,,,0,good night dear sleepwell amp take care
ham,That is wondarfull song,,,,0,wondarfull song
spam,"FreeMsg: Claim ur 250 SMS messages-Text OK to 84025 now!Use web2mobile 2 ur mates etc. Join Txt250.com for 1.50p/wk. T&C BOX139, LA32WU. 16 . Remove txtX or stop",,,,1,freemsg claim ur sms messages text ok use web mobile ur mates etc join txt com p wk c box la wu remove txtx stop
ham,Yar lor actually we quite fast... Cos da ge slow wat... Haha...,,,,0,yar lor actually quite fast cos da ge slow wat haha
ham,Must come later.. I normally bathe him in da afternoon mah..,,,,0,must come later normally bathe da afternoon mah
ham,"Trust me. Even if isn't there, its there.",,,,0,trust even
ham,Hey hun-onbus goin 2 meet him. He wants 2go out 4a meal but I donyt feel like it cuz have 2 get last bus home!But hes sweet latelyxxx,,,,0,hey hun onbus goin meet wants go meal donyt feel like cuz get last bus home hes sweet latelyxxx
spam,85233 FREE>Ringtone!Reply REAL,,,,1,free ringtone reply real
ham,I can take you at like noon,,,,0,take like noon
ham,Where is it. Is there any opening for mca.,,,,0,opening mca
ham,I'm aight. Wat's happening on your side.,,,,0,aight wat happening side
ham,I'm done oredi...,,,,0,done oredi
ham,"you are sweet as well, princess. Please tell me your likes and dislikes in bed...",,,,0,sweet well princess please tell likes dislikes bed
ham,How are you. Wish you a great semester,,,,0,wish great semester
ham,Moji i love you more than words. Have a rich day,,,,0,moji love words rich day
ham,Dude how do you like the buff wind.,,,,0,dude like buff wind
ham,\alright babe," justthought iåÕd sayhey! how u doin?nearly the endof me wk offdam nevamind!We will have 2Hook up sn if uwant m8? loveJen x.\""""",,,0,alright babe
spam,Well done ENGLAND! Get the official poly ringtone or colour flag on yer mobile! text TONE or FLAG to 84199 NOW! Opt-out txt ENG STOP. Box39822 W111WX å£1.50,,,,1,well done england get official poly ringtone colour flag yer mobile text tone flag opt txt eng stop box w wx
ham,"No i'm not. I can't give you everything you want and need. You actually could do better for yourself on yor own--you've got more money than i do. I can't get work, i can't get a man, i can't pay the rent, i can't even fill my fucking gas tank. yes, i'm stressed and depressed. I didn't even call home for thanksgiving cuz i'll have to tell them i,m up to nothing.",,,,0,give everything want need actually could better yor got money get work get man pay rent even fill fucking gas tank yes stressed depressed even call home thanksgiving cuz tell nothing
ham,S:-)kallis wont play in first two odi:-),,,,0,kallis wont play first two odi
ham,Then get some cash together and I'll text jason,,,,0,get cash together text jason
ham,"Oh, my love, it's soooo good to hear from you. Omg I missed you so much today. I'm sorry your having problems with the provider but thank you for tming me",,,,0,oh love soooo good hear omg missed much today sorry problems provider thank tming
spam,"Final Chance! Claim ur å£150 worth of discount vouchers today! Text YES to 85023 now! SavaMob, member offers mobile! T Cs SavaMob POBOX84, M263UZ. å£3.00 Subs 16",,,,1,final chance claim ur worth discount vouchers today text yes savamob member offers mobile cs savamob pobox uz subs
ham,"Probably, want to pick up more?",,,,0,probably want pick
ham,I'm done...,,,,0,done
ham,Are you the cutest girl in the world or what,,,,0,cutest girl world
ham,"No dice, art class 6 thru 9 :( thanks though. Any idea what time I should come tomorrow?",,,,0,dice art class thru thanks though idea time come tomorrow
spam,"SMS SERVICES. for your inclusive text credits, pls goto www.comuk.net login= ***** unsubscribe with STOP. no extra charge. help:08700469649. PO BOX420. IP4 5WE",,,,1,sms services inclusive text credits pls goto www comuk net login unsubscribe stop extra charge help po box ip
ham,Oh Howda gud gud.. Mathe en samachara chikku:-),,,,0,oh howda gud gud mathe en samachara chikku
ham,I thk 530 lor. But dunno can get tickets a not. Wat u doing now?,,,,0,thk lor dunno get tickets wat u
ham,Audrie lousy autocorrect,,,,0,audrie lousy autocorrect
ham,Its a site to simulate the test. It just gives you very tough questions to test your readiness.,,,,0,site simulate test gives tough questions test readiness
ham,Anyway seriously hit me up when you're back because otherwise I have to light up with armand and he always has shit and/or is vomiting,,,,0,anyway seriously hit back otherwise light armand always shit vomiting
ham,I fetch yun or u fetch?,,,,0,fetch yun u fetch
ham,Thank you. I like you as well...,,,,0,thank like well
ham,"Hmmm ... And imagine after you've come home from that having to rub my feet, make me dinner and help me get ready for my date ! Are you sure your ready for that kind of life ?",,,,0,hmmm imagine come home rub feet make dinner help get ready date sure ready kind life
ham,Lara said she can loan me  &lt;#&gt; .,,,,0,lara said loan lt gt
ham,Do we have any spare power supplies,,,,0,spare power supplies
ham,Yar he quite clever but aft many guesses lor. He got ask me 2 bring but i thk darren not so willing 2 go. Aiya they thk leona still not attach wat.,,,,0,yar quite clever aft many guesses lor got ask bring thk darren willing go aiya thk leona still attach wat
spam,You are a winner you have been specially selected to receive å£1000 cash or a å£2000 award. Speak to a live operator to claim call 087123002209am-7pm. Cost 10p,,,,1,winner specially selected receive cash award speak live operator claim call pm cost p
ham,"Yeah, don't go to bed, I'll be back before midnight",,,,0,yeah go bed back midnight
spam,"Sunshine Hols. To claim ur med holiday send a stamped self address envelope to Drinks on Us UK, PO Box 113, Bray, Wicklow, Eire. Quiz Starts Saturday! Unsub Stop",,,,1,sunshine hols claim ur med holiday send stamped self address envelope drinks us uk po box bray wicklow eire quiz starts saturday unsub stop
ham,Well I wasn't available as I washob nobbing with last night so they had to ask Nickey Platt instead of me!;,,,,0,well available washob nobbing last night ask nickey platt instead
ham,"It's that time of the week again, ryan",,,,0,time week ryan
ham,Wish u many many returns of the day.. Happy birthday vikky..,,,,0,wish u many many returns day happy birthday vikky
spam,"U can WIN å£100 of Music Gift Vouchers every week starting NOW Txt the word DRAW to 87066 TsCs www.Idew.com SkillGame, 1Winaweek, age16. 150ppermessSubscription",,,,1,u win music gift vouchers every week starting txt word draw tscs www idew com skillgame winaweek age ppermesssubscription
ham,I hope you know I'm still mad at you.,,,,0,hope know still mad
ham,"Argh my 3g is spotty, anyway the only thing I remember from the research we did was that province and sterling were the only problem-free places we looked at",,,,0,argh g spotty anyway thing remember research province sterling problem free places looked
ham,In xam hall boy asked girl Tell me the starting term for dis answer I can den manage on my own After lot of hesitation n lookin around silently she said THE! intha ponnungale ipaditan;),,,,0,xam hall boy asked girl tell starting term dis answer den manage lot hesitation n lookin around silently said intha ponnungale ipaditan
ham,Do you know when the result.,,,,0,know result
ham,"Sorry im getting up now, feel really bad- totally rejected that kinda me thing.",,,,0,sorry im getting feel really bad totally rejected kinda thing
ham,You do got a shitload of diamonds though,,,,0,got shitload diamonds though
ham,Tessy..pls do me a favor. Pls convey my birthday wishes to Nimya..pls dnt forget it. Today is her birthday Shijas,,,,0,tessy pls favor pls convey birthday wishes nimya pls dnt forget today birthday shijas
ham,Well I'm going to be an aunty!,,,,0,well going aunty
ham,Mine here like all fr china then so noisy.,,,,0,mine like fr china noisy
ham,Later i guess. I needa do mcat study too.,,,,0,later guess needa mcat study
ham,S...from the training manual it show there is no tech process:)its all about password reset and troubleshooting:),,,,0,training manual show tech process password reset troubleshooting
spam,Your B4U voucher w/c 27/03 is MARSMS. Log onto www.B4Utele.com for discount credit. To opt out reply stop. Customer care call 08717168528,,,,1,b u voucher w c marsms log onto www b utele com discount credit opt reply stop customer care call
ham,"Spoke with uncle john today. He strongly feels that you need to sacrifice to keep me here. He's going to call you. When he does, i beg you to just listen. Dont make any promises or make it clear things are not easy. And i need you to please let us work things out. As long as i keep expecting help, my creativity will be stifled so pls just keep him happy, no promises on your part.",,,,0,spoke uncle john today strongly feels need sacrifice keep going call beg listen dont make promises make clear things easy need please let us work things long keep expecting help creativity stifled pls keep happy promises part
ham,"Carlos took a while (again), we leave in a minute",,,,0,carlos took leave minute
ham,Well done and ! luv ya all ,,,,0,well done luv ya
ham,Then why you came to hostel.,,,,0,came hostel
ham,K still are you loving me.,,,,0,k still loving
ham,But i juz remembered i gotta bathe my dog today..,,,,0,juz remembered got ta bathe dog today
ham,After the drug she will be able to eat.,,,,0,drug able eat
ham,Alright took the morphine. Back in yo.,,,,0,alright took morphine back yo
ham,You see the requirements please,,,,0,see requirements please
ham,You stayin out of trouble stranger!!saw Dave the other day heåÕs sorted now!still with me bloke when u gona get a girl MR!ur mum still Thinks we will get 2GETHA! ,,,,0,stayin trouble stranger saw dave day sorted still bloke u gona get girl mr ur mum still thinks get getha
spam,FreeMsg: Hey - I'm Buffy. 25 and love to satisfy men. Home alone feeling randy. Reply 2 C my PIX! QlynnBV Help08700621170150p a msg Send stop to stop txts,,,,1,freemsg hey buffy love satisfy men home alone feeling randy reply c pix qlynnbv help p msg send stop stop txts
ham,So can collect ur laptop?,,,,0,collect ur laptop
ham,"Ok. Can be later showing around 8-8:30 if you want + cld have drink before. Wld prefer not to spend money on nosh if you don't mind, as doing that nxt wk.",,,,0,ok later showing around want cld drink wld prefer spend money nosh mind nxt wk
ham,I will once i get home,,,,0,get home
ham,Waaaat?? Lololo ok next time then!,,,,0,waaaat lololo ok next time
ham,"The table's occupied, I'm waiting by the tree",,,,0,table occupied waiting tree
ham,I surely dont forgot to come:)i will always be in touch in with you:-),,,,0,surely dont forgot come always touch
ham,Hi kindly give us back our documents which we submitted for loan from STAPATI,,,,0,hi kindly give us back documents submitted loan stapati
ham,I dont have i shall buy one dear,,,,0,dont shall buy one dear
ham,Oh god i am happy to see your message after 3 days,,,,0,oh god happy see message days
ham,What year. And how many miles.,,,,0,year many miles
ham,Hey cutie. How goes it? Here in WALES its kinda ok. There is like hills and shit but i still avent killed myself. ,,,,0,hey cutie goes wales kinda ok like hills shit still avent killed
ham,"Sad story of a Man - Last week was my b'day. My Wife did'nt wish me. My Parents forgot n so did my Kids . I went to work. Even my Colleagues did not wish. As I entered my cabin my PA said, '' Happy B'day Boss !!''. I felt special. She askd me 4 lunch. After lunch she invited me to her apartment. We went there. She said,'' do u mind if I go into the bedroom for a minute ? '' ''OK'', I sed in a sexy mood. She came out 5 minuts latr wid a cake...n My Wife, My Parents, My Kidz, My Friends n My Colleagues. All screaming.. SURPRISE !! and I was waiting on the sofa.. ... ..... ' NAKED...!",,,,0,sad story man last week b day wife nt wish parents forgot n kids went work even colleagues wish entered cabin pa said happy b day boss felt special askd lunch lunch invited apartment went said u mind go bedroom minute ok sed sexy mood came minuts latr wid cake n wife parents kidz friends n colleagues screaming surprise waiting sofa naked
ham,I think you should go the honesty road. Call the bank tomorrow. Its the tough decisions that make us great people.,,,,0,think go honesty road call bank tomorrow tough decisions make us great people
spam,FREE for 1st week! No1 Nokia tone 4 ur mob every week just txt NOKIA to 87077 Get txting and tell ur mates. zed POBox 36504 W45WQ norm150p/tone 16+,,,,1,free st week nokia tone ur mob every week txt nokia get txting tell ur mates zed pobox w wq norm p tone
ham,No. Its not specialisation. Can work but its slave labor. Will look for it this month sha cos no shakara 4 beggar.,,,,0,specialisation work slave labor look month sha cos shakara beggar
ham,Is she replying. Has boye changed his phone number,,,,0,replying boye changed phone number
ham,hi my darlin im on my way to London and we have just been smashed into by another driver! and have a big dent! im really missing u what have u been up to? xxx,,,,0,hi darlin im way london smashed another driver big dent im really missing u u xxx
ham,"Nothing really, just making sure everybody's up to speed",,,,0,nothing really making sure everybody speed
ham,I'm not coming home 4 dinner.,,,,0,coming home dinner
ham,"Thank you. And by the way, I just lost.",,,,0,thank way lost
ham,Yes.he have good crickiting mind,,,,0,yes good crickiting mind
ham,Thx. All will be well in a few months,,,,0,thx well months
ham,\CAN I PLEASE COME UP NOW IMIN TOWN.DONTMATTER IF URGOIN OUTL8R,JUST REALLYNEED 2DOCD.PLEASE DONTPLEASE DONTIGNORE MYCALLS,"U NO THECD ISV.IMPORTANT TOME 4 2MORO\""""",,0,please come imin town dontmatter urgoin outl r
ham,I wont. So wat's wit the guys,,,,0,wont wat wit guys
ham,Yavnt tried yet and never played original either,,,,0,yavnt tried yet never played original either
ham,"Hiya, had a good day? Have you spoken to since the weekend?",,,,0,hiya good day spoken since weekend
ham,See? I thought it all through,,,,0,see thought
ham,get ready to moan and scream :),,,,0,get ready moan scream
ham,Oh k :)why you got job then whats up?,,,,0,oh k got job whats
ham,"I don,t think so. You don't need to be going out that late on a school night. ESPECIALLY when the one class you have is the one you missed last wednesday and probably failed a test in on friday",,,,0,think need going late school night especially one class one missed last wednesday probably failed test friday
ham,And popping &lt;#&gt; ibuprofens was no help.,,,,0,popping lt gt ibuprofens help
ham,"Babe ! How goes that day ? What are you doing ? Where are you ? I sip my cappuccino and think of you, my love ... I send a kiss to you from across the sea",,,,0,babe goes day sip cappuccino think love send kiss across sea
ham,Ok.,,,,0,ok
ham,PS U no ur a grown up now right?,,,,0,ps u ur grown right
ham,"Chinatown got porridge, claypot rice, yam cake, fishhead beehoon... Either we eat cheap den go cafe n tok or go nydc or somethin...",,,,0,chinatown got porridge claypot rice yam cake fishhead beehoon either eat cheap den go cafe n tok go nydc somethin
ham,I know a few people I can hit up and fuck to the yes,,,,0,know people hit fuck yes
ham,Purity of friendship between two is not about smiling after reading the forwarded message..Its about smiling just by seeing the name. Gud evng,,,,0,purity friendship two smiling reading forwarded message smiling seeing name gud evng
ham,So is there anything specific I should be doing with regards to jaklin or what because idk what the fuck,,,,0,anything specific regards jaklin idk fuck
ham,Oh god. I'm gonna Google nearby cliffs now.,,,,0,oh god gon na google nearby cliffs
spam,FREE camera phones with linerental from 4.49/month with 750 cross ntwk mins. 1/2 price txt bundle deals also avble. Call 08001950382 or call2optout/J MF,,,,1,free camera phones linerental month cross ntwk mins price txt bundle deals also avble call call optout j mf
ham,Yup i shd haf ard 10 pages if i add figures... ÌÏ all got how many pages?,,,,0,yup shd haf ard pages add figures got many pages
ham,"Ooh, 4got, i'm gonna start belly dancing in moseley weds 6.30 if u want 2 join me, they have a cafe too. ",,,,0,ooh got gon na start belly dancing moseley weds u want join cafe
ham,Thankyou so much for the call. I appreciate your care.,,,,0,thankyou much call appreciate care
ham,Congrats ! Treat pending.i am not on mail for 2 days.will mail once thru.Respect mother at home.check mails.,,,,0,congrats treat pending mail days mail thru respect mother home check mails
ham,I called but no one pick up e phone. I ask both of them already they said ok.,,,,0,called one pick e phone ask already said ok
ham,Hi my email address has changed now it is ,,,,0,hi email address changed
ham,"V-aluable. A-ffectionate. L-oveable. E-ternal. N-oble. T-ruthful. I-ntimate. N-atural. E-namous. Happy \VALENTINES DAY\"" in advance""",,,,0,v aluable ffectionate l oveable e ternal n oble ruthful ntimate n atural e namous happy valentines day advance
ham,"Not much, just some textin'. How bout you?",,,,0,much textin bout
ham,Bring it if you got it,,,,0,bring got
ham,I'm in a movie. Call me 4 wat?,,,,0,movie call wat
ham,Not sure I have the stomach for it ...,,,,0,sure stomach
ham,Haha... can... But i'm having dinner with my cousin...,,,,0,haha dinner cousin
ham,"A boy was late 2 home. His father: \POWER OF FRNDSHIP\""""",,,,0,boy late home father power frndship
ham,"(And my man carlos is definitely coming by mu tonight, no excuses)",,,,0,man carlos definitely coming mu tonight excuses
ham,soon you will have the real thing princess! Do i make you wet? :),,,,0,soon real thing princess make wet
ham,Raji..pls do me a favour. Pls convey my Birthday wishes to Nimya. Pls. Today is her birthday.,,,,0,raji pls favour pls convey birthday wishes nimya pls today birthday
ham,"Haha, my legs and neck are killing me and my amigos are hoping to end the night with a burn, think I could swing by in like an hour?",,,,0,haha legs neck killing amigos hoping end night burn think could swing like hour
spam,"URGENT! Your mobile No 07xxxxxxxxx won a å£2,000 bonus caller prize on 02/06/03! this is the 2nd attempt to reach YOU! call 09066362231 ASAP! BOX97N7QP, 150PPM",,,,1,urgent mobile xxxxxxxxx bonus caller prize nd attempt reach call asap box n qp ppm
ham,Usually the body takes care of it buy making sure it doesnt progress. Can we pls continue this talk on saturday.,,,,0,usually body takes care buy making sure doesnt progress pls continue talk saturday
spam,"URGENT!! Your 4* Costa Del Sol Holiday or å£5000 await collection. Call 09050090044 Now toClaim. SAE, TC s, POBox334, Stockport, SK38xh, Costå£1.50/pm, Max10mins",,,,1,urgent costa del sol holiday await collection call toclaim sae tc pobox stockport sk xh cost pm max mins
ham,"Hmm well, night night ",,,,0,hmm well night night
ham,Just wanted to say holy shit you guys weren't kidding about this bud,,,,0,wanted say holy shit guys kidding bud
ham,"Just gettin a bit arty with my collages at the mo, well tryin 2 ne way! Got a roast in a min lovely i shall enjoy that!",,,,0,gettin bit arty collages mo well tryin ne way got roast min lovely shall enjoy
ham,"This is one of the days you have a billion classes, right?",,,,0,one days billion classes right
ham,"Goodmorning, today i am late for 2hrs. Because of back pain.",,,,0,goodmorning today late hrs back pain
ham,Ok then i'll let him noe later n ask him call u tmr...,,,,0,ok let noe later n ask call u tmr
ham,OK i'm waliking ard now... Do u wan me 2 buy anything go ur house?,,,,0,ok waliking ard u wan buy anything go ur house
ham,* Will have two more cartons off u and is very pleased with shelves,,,,0,two cartons u pleased shelves
ham,Nice talking to you! please dont forget my pix :) i want to see all of you...,,,,0,nice talking please dont forget pix want see
spam,You have WON a guaranteed å£1000 cash or a å£2000 prize. To claim yr prize call our customer service representative on 08714712379 between 10am-7pm Cost 10p,,,,1,guaranteed cash prize claim yr prize call customer service representative pm cost p
ham,But really quite funny lor wat... Then u shd haf run shorter distance wat...,,,,0,really quite funny lor wat u shd haf run shorter distance wat
ham,I notice you like looking in the shit mirror youre turning into a right freak,,,,0,notice like looking shit mirror youre turning right freak
ham,Great. I was getting worried about you. Just know that a wonderful and caring person like you will have only the best in life. Know that u r wonderful and God's love is yours.,,,,0,great getting worried know wonderful caring person like best life know u r wonderful god love
spam,"Thanks for your ringtone order, ref number K718. Your mobile will be charged å£4.50. Should your tone not arrive please call customer services on 09065069120",,,,1,thanks ringtone order ref number k mobile charged tone arrive please call customer services
ham,"I prefer my free days... Tues, wed, fri oso can... ÌÏ ask those workin lor...",,,,0,prefer free days tues wed fri oso ask workin lor
ham,Alrite jod hows the revision goin? Keris bin doin a smidgin. N e way u wanna cum over after college?xx,,,,0,alrite jod hows revision goin keris bin doin smidgin n e way u wan na cum college xx
ham,If you have belive me. Come to my home.,,,,0,belive come home
ham,Oh k.k..where did you take test?,,,,0,oh k k take test
ham,Those were my exact intentions,,,,0,exact intentions
ham,haha but no money leh... Later got to go for tuition... Haha and looking for empty slots for driving lessons,,,,0,haha money leh later got go tuition haha looking empty slots driving lessons
ham,"Hey... Thk we juz go accordin to wat we discussed yest lor, except no kb on sun... Cos there's nt much lesson to go if we attend kb on sat...",,,,0,hey thk juz go accordin wat discussed yest lor except kb sun cos nt much lesson go attend kb sat
ham,"K, wen ur free come to my home and also tel vikky i hav sent mail to him also.. Better come evening il be free today aftr 6pm..:-)",,,,0,k wen ur free come home also tel vikky hav sent mail also better come evening il free today aftr pm
ham,Nothing just getting msgs by dis name wit different no's..,,,,0,nothing getting msgs dis name wit different
ham,What's your room number again? Wanna make sure I'm knocking on the right door,,,,0,room number wan na make sure knocking right door
ham,\Si.como no?!listened2the plaid album-quite gd&the new air1 which is hilarious-also boughtåÓbraindanceåÓa comp.ofstuff on aphexåÕs ;abel,"u hav2hear it!c u sn xxxx\""""",,,0,si como listened plaid album quite gd new air hilarious also bought braindance comp ofstuff aphex abel
ham,Pls tell nelson that the bb's are no longer comin. The money i was expecting aint coming,,,,0,pls tell nelson bb longer comin money expecting aint coming
ham,"Give her something to drink, if she takes it and doesn't vomit then you her temp might drop. If she unmits however let me know.",,,,0,give something drink takes vomit temp might drop unmits however let know
ham,Think you sent the text to the home phone. That cant display texts. If you still want to send it his number is,,,,0,think sent text home phone cant display texts still want send number
ham,Every day i use to sleep after  &lt;#&gt;  so only.,,,,0,every day use sleep lt gt
ham,K I'll call you when I'm close,,,,0,k call close
ham,U buy newspapers already?,,,,0,u buy newspapers already
ham,Nope wif my sis lor... Aft bathing my dog then i can bathe... Looks like it's going 2 rain soon.,,,,0,nope wif sis lor aft bathing dog bathe looks like going rain soon
ham,Boo I'm on my way to my moms. She's making tortilla soup. Yummmm,,,,0,boo way moms making tortilla soup yummmm
ham,No management puzzeles.,,,,0,management puzzeles
ham,How did you find out in a way that didn't include all of these details,,,,0,find way include details
spam,"Hi ya babe x u 4goten bout me?' scammers getting smart..Though this is a regular vodafone no, if you respond you get further prem rate msg/subscription. Other nos used also. Beware!",,,,1,hi ya babe x u goten bout scammers getting smart though regular vodafone respond get prem rate msg subscription nos used also beware
spam,Back 2 work 2morro half term over! Can U C me 2nite 4 some sexy passion B4 I have 2 go back? Chat NOW 09099726481 Luv DENA Calls å£1/minMobsmoreLKPOBOX177HP51FL,,,,1,back work morro half term u c nite sexy passion b go back chat luv dena calls minmobsmorelkpobox hp fl
ham,will you like to be spoiled? :),,,,0,like spoiled
spam,"Thanks for your ringtone order, ref number R836. Your mobile will be charged å£4.50. Should your tone not arrive please call customer services on 09065069154",,,,1,thanks ringtone order ref number r mobile charged tone arrive please call customer services
ham,I am getting threats from your sales executive Shifad as i raised complaint against him. Its an official message.,,,,0,getting threats sales executive shifad raised complaint official message
ham,hope things went well at 'doctors' ;) reminds me i still need 2go.did u c d little thing i left in the lounge?,,,,0,hope things went well doctors reminds still need go u c little thing left lounge
ham,Den wat will e schedule b lk on sun?,,,,0,den wat e schedule b lk sun
ham,Lol enjoy role playing much?,,,,0,lol enjoy role playing much
ham,Ok. Me watching tv too.,,,,0,ok watching tv
ham,I just lov this line: \Hurt me with the truth, I don't mind,i wil tolerat.bcs ur my someone..... But," Never comfort me with a lie\"" gud ni8 and sweet dreams""",0,lov line hurt truth
ham,"Just checked out, heading out to drop off my stuff now",,,,0,checked heading drop stuff
ham,Here got lots of hair dresser fr china.,,,,0,got lots hair dresser fr china
ham,Sad story of a Man - Last week was my b'day. My Wife did'nt wish me. My Parents forgot n so did my Kids . I went to work. Even my Colleagues did not wish.,,,,0,sad story man last week b day wife nt wish parents forgot n kids went work even colleagues wish
ham,Ill call you evening ill some ideas.,,,,0,ill call evening ill ideas
spam,SplashMobile: Choose from 1000s of gr8 tones each wk! This is a subscrition service with weekly tones costing 300p. U have one credit - kick back and ENJOY,,,,1,splashmobile choose gr tones wk subscrition service weekly tones costing p u one credit kick back enjoy
ham,Did you show him and wot did he say or could u not c him 4 dust?,,,,0,show wot say could u c dust
ham,It should take about  &lt;#&gt;  min,,,,0,take lt gt min
spam,Not heard from U4 a while. Call 4 rude chat private line 01223585334 to cum. Wan 2C pics of me gettin shagged then text PIX to 8552. 2End send STOP 8552 SAM xxx,,,,1,heard u call rude chat private line cum wan c pics gettin shagged text pix end send stop sam xxx
spam,<Forwarded from 88877>FREE entry into our å£250 weekly comp just send the word ENTER to 88877 NOW. 18 T&C www.textcomp.com,,,,1,forwarded free entry weekly comp send word enter c www textcomp com
ham,Finish liao... U?,,,,0,finish liao u
spam,88066 FROM 88066 LOST 3POUND HELP,,,,1,lost pound help
ham,Haha i think i did too,,,,0,haha think
ham,U know we watchin at lido?,,,,0,u know watchin lido
ham,Life spend with someone for a lifetime may be meaningless but a few moments spent with someone who really love you means more than life itself..,,,,0,life spend someone lifetime may meaningless moments spent someone really love means life
ham,"Haha awesome, I've been to 4u a couple times. Who all's coming?",,,,0,haha awesome u couple times coming
ham,Cold. Dont be sad dear,,,,0,cold dont sad dear
ham,Think I could stop by in like an hour or so? My roommate's looking to stock up for a trip,,,,0,think could stop like hour roommate looking stock trip
ham,Is that on the telly? No its Brdget Jones!,,,,0,telly brdget jones
ham,Hello! How r u? Im bored. Inever thought id get bored with the tv but I am. Tell me something exciting has happened there? Anything! =/,,,,0,hello r u im bored inever thought id get bored tv tell something exciting happened anything
ham,Hmm...Bad news...Hype park plaza $700 studio taken...Only left 2 bedrm-$900...,,,,0,hmm bad news hype park plaza studio taken left bedrm
ham,"Sorry, I'll call later in meeting",,,,0,sorry call later meeting
ham,R Ì_ comin back for dinner?,,,,0,r comin back dinner
ham,"I hav almost reached. Call, i m unable to connect u.",,,,0,hav almost reached call unable connect u
ham,Whom you waited for yesterday,,,,0,waited yesterday
ham,I reach home safe n sound liao...,,,,0,reach home safe n sound liao
ham,"Velly good, yes please!",,,,0,velly good yes please
ham,"Hi, wkend ok but journey terrible. Wk not good as have huge back log of marking to do",,,,0,hi wkend ok journey terrible wk good huge back log marking
ham,I have had two more letters from . I will copy them for you cos one has a message for you. Speak soon,,,,0,two letters copy cos one message speak soon
ham,Alex knows a guy who sells mids but he's down in south tampa and I don't think I could set it up before like 8,,,,0,alex knows guy sells mids south tampa think could set like
ham,Dont you have message offer,,,,0,dont message offer
spam,Had your mobile 11mths ? Update for FREE to Oranges latest colour camera mobiles & unlimited weekend calls. Call Mobile Upd8 on freefone 08000839402 or 2StopTx,,,,1,mobile mths update free oranges latest colour camera mobiles unlimited weekend calls call mobile upd freefone stoptx
ham,"HEY THERE BABE, HOW U DOIN? WOT U UP 2 2NITE LOVE ANNIE X.",,,,0,hey babe u doin wot u nite love annie x
ham,Remind me how to get there and I shall do so,,,,0,remind get shall
ham,:-( that's not v romantic!,,,,0,v romantic
ham,Hello. Damn this christmas thing. I think i have decided to keep this mp3 that doesnt work.,,,,0,hello damn christmas thing think decided keep mp doesnt work
spam,You have 1 new message. Please call 08718738034.,,,,1,new message please call
ham,HI DARLIN IM MISSIN U HOPE YOU ARE HAVING A GOOD TIME. WHEN ARE U BACK AND WHAT TIME IF U CAN GIVE ME A CALL AT HOME. JESS XX,,,,0,hi darlin im missin u hope good time u back time u give call home jess xx
spam,<Forwarded from 21870000>Hi - this is your Mailbox Messaging SMS alert. You have 4 messages. You have 21 matches. Please call back on 09056242159 to retrieve your messages and matches,,,,1,forwarded hi mailbox messaging sms alert messages matches please call back retrieve messages matches
ham,Draw va?i dont think so:),,,,0,draw va dont think
ham,Dont pick up d call when something important is There to tell. Hrishi,,,,0,dont pick call something important tell hrishi
ham,Nothin comes to my mind. ÌÏ help me buy hanger lor. Ur laptop not heavy?,,,,0,nothin comes mind help buy hanger lor ur laptop heavy
ham,"&lt;#&gt; , that's all? Guess that's easy enough",,,,0,lt gt guess easy enough
ham,We can make a baby in yo tho,,,,0,make baby yo tho
ham,Should I tell my friend not to come round til like  &lt;#&gt; ish?,,,,0,tell friend come round til like lt gt ish
ham,Friendship poem: Dear O Dear U R Not Near But I Can Hear Dont Get Fear Live With Cheer No More Tear U R Always my Dear. Gud ni8,,,,0,friendship poem dear dear u r near hear dont get fear live cheer tear u r always dear gud ni
ham,Still in the area of the restaurant. Ill try to come back soon,,,,0,still area restaurant ill try come back soon
ham,"Aight that'll work, thanks",,,,0,aight work thanks
spam,Moby Pub Quiz.Win a å£100 High Street prize if u know who the new Duchess of Cornwall will be? Txt her first name to 82277.unsub STOP å£1.50 008704050406 SP Arrow,,,,1,moby pub quiz win high street prize u know new duchess cornwall txt first name unsub stop sp arrow
ham,"I have 2 sleeping bags, 1 blanket and paper and  phone details. Anything else?",,,,0,sleeping bags blanket paper phone details anything else
spam,You have won a Nokia 7250i. This is what you get when you win our FREE auction. To take part send Nokia to 86021 now. HG/Suite342/2Lands Row/W1JHL 16+ ,,,,1,nokia get win free auction take part send nokia hg suite lands row w jhl
spam,"Congratulations! Thanks to a good friend U have WON the å£2,000 Xmas prize. 2 claim is easy, just call 08718726971 NOW! Only 10p per minute. BT-national-rate.",,,,1,congratulations thanks good friend u xmas prize claim easy call p per minute bt national rate
spam,"tddnewsletter@emc1.co.uk (More games from TheDailyDraw) Dear Helen, Dozens of Free Games - with great prizesWith..",,,,1,tddnewsletter emc co uk games thedailydraw dear helen dozens free games great prizeswith
ham,So what do you guys do.,,,,0,guys
ham,Also that chat was awesome but don't make it regular unless you can see her in person,,,,0,also chat awesome make regular unless see person
ham,That's significant but dont worry.,,,,0,significant dont worry
ham,That's cause your old. I live to be high.,,,,0,cause old live high
ham,"Waqt se pehle or naseeb se zyada kisi ko kuch nahi milta,Zindgi wo nahi he jo hum sochte hai Zindgi wo hai jo ham jeetey hai..........",,,,0,waqt se pehle naseeb se zyada kisi ko kuch nahi milta zindgi wo nahi jo hum sochte hai zindgi wo hai jo ham jeetey hai
ham,On the way to office da..,,,,0,way office da
ham,In which place do you want da.,,,,0,place want da
ham,This pain couldn't have come at a worse time.,,,,0,pain come worse time
ham,Should I be stalking u?,,,,0,stalking u
ham,Sorry dude. Dont know how i forgot. Even after Dan reminded me. Sorry. Hope you guys had fun.,,,,0,sorry dude dont know forgot even dan reminded sorry hope guys fun
ham,Ok lor.,,,,0,ok lor
ham,Apps class varaya elaya.,,,,0,apps class varaya elaya
spam,"URGENT! Your mobile number *************** WON a å£2000 Bonus Caller prize on 10/06/03! This is the 2nd attempt to reach you! Call 09066368753 ASAP! Box 97N7QP, 150ppm",,,,1,urgent mobile number bonus caller prize nd attempt reach call asap box n qp ppm
ham,That day you asked about anand number. Why:-),,,,0,day asked anand number
ham,Am surfing online store. For offers do you want to buy any thing.,,,,0,surfing online store offers want buy thing
ham,Long beach lor. Expected... U having dinner now?,,,,0,long beach lor expected u dinner
ham,At home by the way,,,,0,home way
ham,We are both fine. Thanks,,,,0,fine thanks
ham,What happen to her tell the truth,,,,0,happen tell truth
ham,Do you like Italian food?,,,,0,like italian food
ham,Which is weird because I know I had it at one point,,,,0,weird know one point
ham,"\Aww you must be nearly dead!Well Jez isComing over toDo some workAnd that whillTake forever!\""""",,,,0,aww must nearly dead well jez iscoming todo workand whilltake forever
ham,Tell your friends what you plan to do on Valentines day @ &lt;URL&gt;,,,,0,tell friends plan valentines day lt url gt
ham,"Alright, see you in a bit",,,,0,alright see bit
ham,Cheers for the message Zogtorius. IåÕve been staring at my phone for an age deciding whether to text or not.,,,,0,cheers message zogtorius staring phone age deciding whether text
ham,I will take care of financial problem.i will help:),,,,0,take care financial problem help
ham,Tell dear what happen to you. Why you talking to me like an alian,,,,0,tell dear happen talking like alian
spam,Double your mins & txts on Orange or 1/2 price linerental - Motorola and SonyEricsson with B/Tooth FREE-Nokia FREE Call MobileUpd8 on 08000839402 or2optout/HV9D,,,,1,double mins txts orange price linerental motorola sonyericsson b tooth free nokia free call mobileupd optout hv
ham,"Hi this is yijue, can i meet u at 11 tmr?",,,,0,hi yijue meet u tmr
ham,Its posible dnt live in  &lt;#&gt; century cm frwd n thnk different,,,,0,posible dnt live lt gt century cm frwd n thnk different
ham,But i dint slept in afternoon.,,,,0,dint slept afternoon
ham,That seems unnecessarily affectionate,,,,0,seems unnecessarily affectionate
ham,Yar else i'll thk of all sorts of funny things.,,,,0,yar else thk sorts funny things
spam,"Download as many ringtones as u like no restrictions, 1000s 2 choose. U can even send 2 yr buddys. Txt Sir to 80082 å£3 ",,,,1,download many ringtones u like restrictions choose u even send yr buddys txt sir
ham,Thats cool. How was your day?,,,,0,thats cool day
spam,Please CALL 08712402902 immediately as there is an urgent message waiting for you.,,,,1,please call immediately urgent message waiting
ham,R we going with the  &lt;#&gt;  bus?,,,,0,r going lt gt bus
ham,"Hello, my love ! How went your day ? Are you alright ? I think of you, my sweet and send a jolt to your heart to remind you ... I LOVE YOU! Can you hear it ? I screamed it across the sea for all the world to hear. Ahmad al Hallaq is loved ! and owned ! *possessive passionate kiss*",,,,0,hello love went day alright think sweet send jolt heart remind love hear screamed across sea world hear ahmad al hallaq loved owned possessive passionate kiss
ham,No..he joined today itself.,,,,0,joined today
ham,Okay same with me. Well thanks for the clarification,,,,0,okay well thanks clarification
ham,I'll talk to the others and probably just come early tomorrow then,,,,0,talk others probably come early tomorrow
spam,"Spook up your mob with a Halloween collection of a logo & pic message plus a free eerie tone, txt CARD SPOOK to 8007 zed 08701417012150p per logo/pic",,,,1,spook mob halloween collection logo pic message plus free eerie tone txt card spook zed p per logo pic
ham,"Had the money issue weigh me down but thanks to you, I can breathe easier now. I.ll make sure you dont regret it. Thanks.",,,,0,money issue weigh thanks breathe easier make sure dont regret thanks
ham,Hi. I'm sorry i missed your call. Can you pls call back.,,,,0,hi sorry missed call pls call back
spam,"Fantasy Football is back on your TV. Go to Sky Gamestar on Sky Active and play å£250k Dream Team. Scoring starts on Saturday, so register now!SKY OPT OUT to 88088",,,,1,fantasy football back tv go sky gamestar sky active play k dream team scoring starts saturday register sky opt
ham,Ok then no need to tell me anything i am going to sleep good night,,,,0,ok need tell anything going sleep good night
ham,Ok try to do week end course in coimbatore.,,,,0,ok try week end course coimbatore
spam,Tone Club: Your subs has now expired 2 re-sub reply MONOC 4 monos or POLYC 4 polys 1 weekly @ 150p per week Txt STOP 2 stop This msg free Stream 0871212025016,,,,1,tone club subs expired sub reply monoc monos polyc polys weekly p per week txt stop stop msg free stream
ham,V nice! Off 2 sheffield tom 2 air my opinions on categories 2 b used 2 measure ethnicity in next census. Busy transcribing. :-),,,,0,v nice sheffield tom air opinions categories b used measure ethnicity next census busy transcribing
ham,If you r @ home then come down within 5 min,,,,0,r home come within min
ham,"A Boy loved a gal. He propsd bt she didnt mind. He gv lv lttrs, Bt her frnds threw thm. Again d boy decided 2 aproach d gal , dt time a truck was speeding towards d gal. Wn it was about 2 hit d girl,d boy ran like hell n saved her. She asked 'hw cn u run so fast?' D boy replied \Boost is d secret of my energy\"" n instantly d girl shouted \""our energy\"" n Thy lived happily 2gthr drinking boost evrydy Moral of d story:- I hv free msgs:D;): gud ni8""",,,,0,boy loved gal propsd bt didnt mind gv lv lttrs bt frnds threw thm boy decided aproach gal dt time truck speeding towards gal wn hit girl boy ran like hell n saved asked hw cn u run fast boy replied boost secret energy n instantly girl shouted energy n thy lived happily gthr drinking boost evrydy moral story hv free msgs gud ni
ham,"That day Ì_ say Ì_ cut ur hair at paragon, is it called hair sense? Do Ì_ noe how much is a hair cut? ",,,,0,day say cut ur hair paragon called hair sense noe much hair cut
ham,"Hmm, too many of them unfortunately... Pics obviously arent hot cakes. Its kinda fun tho",,,,0,hmm many unfortunately pics obviously arent hot cakes kinda fun tho
ham,Watching tv lor... Y she so funny we bluff her 4 wat. Izzit because she thk it's impossible between us?,,,,0,watching tv lor funny bluff wat izzit thk impossible us
spam,XMAS Prize draws! We are trying to contact U. Todays draw shows that you have won a å£2000 prize GUARANTEED. Call 09058094565 from land line. Valid 12hrs only,,,,1,xmas prize draws trying contact u todays draw shows prize guaranteed call land line valid hrs
ham,Dunno lei he neva say...,,,,0,dunno lei neva say
ham,Thanx 4 2day! U r a goodmate I THINK UR RITE SARY! ASUSUAL!1 U CHEERED ME UP! LOVE U FRANYxxxxx,,,,0,thanx day u r goodmate think ur rite sary asusual u cheered love u franyxxxxx
ham,I'm on my way home. Went to change batt 4 my watch then go shop a bit lor.,,,,0,way home went change batt watch go shop bit lor
spam,YES! The only place in town to meet exciting adult singles is now in the UK. Txt CHAT to 86688 now! 150p/Msg.,,,,1,yes place town meet exciting adult singles uk txt chat p msg
ham,"Hi, Mobile no.  &lt;#&gt;  has added you in their contact list on www.fullonsms.com It s a great place to send free sms to people For more visit fullonsms.com",,,,0,hi mobile lt gt added contact list www fullonsms com great place send free sms people visit fullonsms com
ham,"Good evening Sir, hope you are having a nice day. I wanted to bring it to your notice that I have been late in paying rent for the past few months and have had to pay a $ &lt;#&gt;  charge. I felt it would be inconsiderate of me to nag about something you give at great cost to yourself and that's why i didnt speak up. I however am in a recession and wont be able to pay the charge this month hence my askin well ahead of month's end. Can you please help. Thank you for everything.",,,,0,good evening sir hope nice day wanted bring notice late paying rent past months pay lt gt charge felt would inconsiderate nag something give great cost didnt speak however recession wont able pay charge month hence askin well ahead month end please help thank everything
ham,"If i let you do this, i want you in the house by 8am.",,,,0,let want house
ham,"Best line said in Love: . \I will wait till the day I can forget u Or The day u realize that u cannot forget me.\""... Gn""",,,,0,best line said love wait till day forget u day u realize u forget gn
ham,I will reach before ten morning,,,,0,reach ten morning
ham,Your pussy is perfect!,,,,0,pussy perfect
spam,"Someone has contacted our dating service and entered your phone becausethey fancy you! To find out who it is call from a landline 09058098002. PoBox1, W14RG 150p",,,,1,someone contacted dating service entered phone becausethey fancy find call landline pobox w rg p
ham,No message..no responce..what happend?,,,,0,message responce happend
ham,Also where's the piece,,,,0,also piece
ham,"wiskey Brandy Rum Gin Beer Vodka Scotch Shampain Wine \KUDI\""yarasu dhina vaazhthukkal. ..""",,,,0,wiskey brandy rum gin beer vodka scotch shampain wine kudi yarasu dhina vaazhthukkal
ham,Boo. How's things? I'm back at home and a little bored already :-(,,,,0,boo things back home little bored already
ham,First has she gained more than  &lt;#&gt; kg since she took in. Second has she done the blood sugar tests. If she has and its ok and her blood pressure is within normal limits then no worries,,,,0,first gained lt gt kg since took second done blood sugar tests ok blood pressure within normal limits worries
ham,PICK UR FONE UP NOW U DUMB?,,,,0,pick ur fone u dumb
ham,"Thanks da thangam, i feel very very happy dear. I also miss you da.",,,,0,thanks da thangam feel happy dear also miss da
ham,"Okey doke. I'm at home, but not dressed cos laying around ill! Speak to you later bout times and stuff. ",,,,0,okey doke home dressed cos laying around ill speak later bout times stuff
ham,I don't run away frm u... I walk slowly &amp; it kills me that u don't care enough to stop me...,,,,0,run away frm u walk slowly amp kills u care enough stop
ham,"Babe, I'm back ... Come back to me ...",,,,0,babe back come back
ham,Well you told others you'd marry them...,,,,0,well told others marry
ham,Neshanth..tel me who r u?,,,,0,neshanth tel r u
ham,YO YO YO BYATCH WHASSUP?,,,,0,yo yo yo byatch whassup
ham,Oh... Kay... On sat right?,,,,0,oh kay sat right
ham,Hi! This is Roger from CL. How are you?,,,,0,hi roger cl
spam,Babe: U want me dont u baby! Im nasty and have a thing 4 filthyguys. Fancy a rude time with a sexy bitch. How about we go slo n hard! Txt XXX SLO(4msgs),,,,1,babe u want dont u baby im nasty thing filthyguys fancy rude time sexy bitch go slo n hard txt xxx slo msgs
ham,Oh oh... Wasted... Den muz chiong on sat n sun liao...,,,,0,oh oh wasted den muz chiong sat n sun liao
ham,Jesus christ bitch I'm trying to give you drugs answer your fucking phone,,,,0,jesus christ bitch trying give drugs answer fucking phone
ham,Please give it 2  or i will pick it up on Tuesday evening about 8 if that is ok.,,,,0,please give pick tuesday evening ok
ham,I'm meeting Darren...,,,,0,meeting darren
ham,One of best dialogue in cute reltnship..!! \Wen i Die," Dont Come Near My Body..!! Bcoz My Hands May Not Come 2 Wipe Ur Tears Off That Time..!Gud ni8""",,,0,one best dialogue cute reltnship wen die
ham,"Solve d Case : A Man Was Found Murdered On  &lt;DECIMAL&gt; . &lt;#&gt;  AfterNoon. 1,His wife called Police. 2,Police questioned everyone. 3,Wife: Sir,I was sleeping, when the murder took place. 4.Cook: I was cooking. 5.Gardener: I was picking vegetables. 6.House-Maid: I went 2 d post office. 7.Children: We went 2 play. 8.Neighbour: We went 2 a marriage. Police arrested d murderer Immediately. Who's It? Reply With Reason, If U r Brilliant.",,,,0,solve case man found murdered lt decimal gt lt gt afternoon wife called police police questioned everyone wife sir sleeping murder took place cook cooking gardener picking vegetables house maid went post office children went play neighbour went marriage police arrested murderer immediately reply reason u r brilliant
ham,Dear where you will be when i reach there,,,,0,dear reach
ham,Aww that's the first time u said u missed me without asking if I missed u first. You DO love me! :),,,,0,aww first time u said u missed without asking missed u first love
ham,Ok... Thanx... Gd nite 2 Ì_ too...,,,,0,ok thanx gd nite
ham,"Come to me right now, Ahmad",,,,0,come right ahmad
ham,Lol please do. Actually send a pic of yourself right now. I wanna see. Pose with a comb and hair dryer or something.,,,,0,lol please actually send pic right wan na see pose comb hair dryer something
ham,O was not into fps then.,,,,0,fps
ham,Huh means computational science... Y they like dat one push here n there...,,,,0,huh means computational science like dat one push n
ham,"Could you not read me, my Love ? I answered you",,,,0,could read love answered
ham,Oh... Lk tt den we take e one tt ends at cine lor... Dun wan yogasana oso can... ,,,,0,oh lk tt den take e one tt ends cine lor dun wan yogasana oso
ham,"Madam,regret disturbance.might receive a reference check from DLF Premarica.kindly be informed.Rgds,Rakhesh,Kerala.",,,,0,madam regret disturbance might receive reference check dlf premarica kindly informed rgds rakhesh kerala
spam,SMS SERVICES For your inclusive text credits pls gotto www.comuk.net login 3qxj9 unsubscribe with STOP no extra charge help 08702840625 comuk.220cm2 9AE,,,,1,sms services inclusive text credits pls gotto www comuk net login qxj unsubscribe stop extra charge help comuk cm ae
ham,Oic... Then better quickly go bathe n settle down...,,,,0,oic better quickly go bathe n settle
ham,Err... Cud do. I'm going to  at 8pm. I haven't got a way to contact him until then.,,,,0,err cud going pm got way contact
ham,A bloo bloo bloo I'll miss the first bowl,,,,0,bloo bloo bloo miss first bowl
ham,Lmao but its so fun...,,,,0,lmao fun
ham,Oh k k:)but he is not a big hitter.anyway good,,,,0,oh k k big hitter anyway good
ham,Hey!!! I almost forgot ... Happy B-day babe ! I love ya!!,,,,0,hey almost forgot happy b day babe love ya
spam,Valentines Day Special! Win over å£1000 in our quiz and take your partner on the trip of a lifetime! Send GO to 83600 now. 150p/msg rcvd. CustCare:08718720201,,,,1,valentines day special win quiz take partner trip lifetime send go p msg rcvd custcare
ham,Do you think i can move  &lt;#&gt;  in a week,,,,0,think move lt gt week
ham,She.s find. I sent you an offline message to know how anjola's now.,,,,0,find sent offline message know anjola
spam,Guess who am I?This is the first time I created a web page WWW.ASJESUS.COM read all I wrote. I'm waiting for your opinions. I want to be your friend 1/1,,,,1,guess first time created web page www asjesus com read wrote waiting opinions want friend
ham,How was txting and driving,,,,0,txting driving
ham,That's good. Lets thank God. Please complete the drug. Have lots of water. And have a beautiful day.,,,,0,good lets thank god please complete drug lots water beautiful day
ham,Really dun bluff me leh... U sleep early too. Nite...,,,,0,really dun bluff leh u sleep early nite
ham,"Indians r poor but India is not a poor country. Says one of the swiss bank directors. He says that \ &lt;#&gt;  lac crore\"" of Indian money is deposited in swiss banks which can be used for 'taxless' budget for  &lt;#&gt;  yrs. Can give  &lt;#&gt;  crore jobs to all Indians. From any village to Delhi 4 lane roads. Forever free power suply to more than  &lt;#&gt;  social projects. Every citizen can get monthly  &lt;#&gt; /- for  &lt;#&gt;  yrs. No need of World Bank &amp; IMF loan. Think how our money is blocked by rich politicians. We have full rights against corrupt politicians. Itna forward karo ki pura INDIA padhe.g.m.\""""",,,,0,indians r poor india poor country says one swiss bank directors says lt gt lac crore indian money deposited swiss banks used taxless budget lt gt yrs give lt gt crore jobs indians village delhi lane roads forever free power suply lt gt social projects every citizen get monthly lt gt lt gt yrs need world bank amp imf loan think money blocked rich politicians full rights corrupt politicians itna forward karo ki pura india padhe g
ham,Uncle boye. I need movies oh. Guide me. Plus you know torrents are not particularly legal here. And the system is slowing down. What should i do. Have a gr8 day. Plus have you started cos i dont meet you online. How was the honey moon.,,,,0,uncle boye need movies oh guide plus know torrents particularly legal system slowing gr day plus started cos dont meet online honey moon
ham,Oh ya ya. I remember da. .,,,,0,oh ya ya remember da
ham,Btw regarding that we should really try to see if anyone else can be our 4th guy before we commit to a random dude,,,,0,btw regarding really try see anyone else th guy commit random dude
spam,"For ur chance to win å£250 cash every wk TXT: PLAY to 83370. T's&C's www.music-trivia.net custcare 08715705022, 1x150p/wk.",,,,1,ur chance win cash every wk txt play c www music trivia net custcare x p wk
ham,I not busy juz dun wan 2 go so early.. Hee.. ,,,,0,busy juz dun wan go early hee
ham,Rightio. 11.48 it is then. Well arent we all up bright and early this morning.,,,,0,rightio well arent bright early morning
ham,"Great. I'm in church now, will holla when i get out",,,,0,great church holla get
ham,Back in brum! Thanks for putting us up and keeping us all and happy. See you soon ,,,,0,back brum thanks putting us keeping us happy see soon
ham,I donno if they are scorable,,,,0,donno scorable
ham,&lt;#&gt;  great loxahatchee xmas tree burning update: you can totally see stars here,,,,0,lt gt great loxahatchee xmas tree burning update totally see stars
ham,"Yes but i dont care! I need you bad, princess!",,,,0,yes dont care need bad princess
ham,"The guy (kadeem) hasn't been selling since the break, I know one other guy but he's paranoid as fuck and doesn't like selling without me there and I can't be up there til late tonight",,,,0,guy kadeem selling since break know one guy paranoid fuck like selling without til late tonight
ham,Tmr then Ì_ brin lar... Aiya later i come n c lar... Mayb Ì_ neva set properly Ì_ got da help sheet wif Ì_...,,,,0,tmr brin lar aiya later come n c lar mayb neva set properly got da help sheet wif
ham,Do u knw dis no. &lt;#&gt; ?,,,,0,u knw dis lt gt
ham,Then she dun believe wat?,,,,0,dun believe wat
ham,K..give back my thanks.,,,,0,k give back thanks
ham,I know complain num only..bettr directly go to bsnl offc nd apply for it..,,,,0,know complain num bettr directly go bsnl offc nd apply
ham,Okay. I've seen it. So i should pick it on friday?,,,,0,okay seen pick friday
ham,How much she payed. Suganya.,,,,0,much payed suganya
ham,Left dessert. U wan me 2 go suntec look 4 u?,,,,0,left dessert u wan go suntec look u
ham,"Abeg, make profit. But its a start. Are you using it to get sponsors for the next event?",,,,0,abeg make profit start using get sponsors next event
ham,Onum ela pa. Normal than.,,,,0,onum ela pa normal
ham,K.k..how is your sister kids?,,,,0,k k sister kids
ham,"Cool, I'll text you when I'm on the way",,,,0,cool text way
ham,Nope. Meanwhile she talk say make i greet you.,,,,0,nope meanwhile talk say make greet
ham,i cant talk to you now.i will call when i can.dont keep calling.,,,,0,cant talk call dont keep calling
ham,Anything lar...,,,,0,anything lar
ham,"Rose needs water, season needs change, poet needs imagination..My phone needs ur sms and i need ur lovely frndship forever....",,,,0,rose needs water season needs change poet needs imagination phone needs ur sms need ur lovely frndship forever
ham,"Good afternoon, babe. How goes that day ? Any job prospects yet ? I miss you, my love ... *sighs* ... :-(",,,,0,good afternoon babe goes day job prospects yet miss love sighs
ham,They will pick up and drop in car.so no problem..,,,,0,pick drop car problem
ham,S.i think he is waste for rr..,,,,0,think waste rr
ham,He is world famamus....,,,,0,world famamus
ham,Is there coming friday is leave for pongal?do you get any news from your work place.,,,,0,coming friday leave pongal get news work place
ham,Lol well don't do it without me. We could have a big sale together.,,,,0,lol well without could big sale together
ham,* Am on my way,,,,0,way
ham,Eat at old airport road... But now 630 oredi... Got a lot of pple...,,,,0,eat old airport road oredi got lot pple
ham,"sry can't talk on phone, with parents",,,,0,sry talk phone parents
ham,Ok lor wat time Ì_ finish?,,,,0,ok lor wat time finish
ham,"Princess, i like to make love  &lt;#&gt;  times per night. Hope thats not a problem!",,,,0,princess like make love lt gt times per night hope thats problem
ham,Mm i am on the way to railway,,,,0,mm way railway
ham,"I'm done. I'm sorry. I hope your next space gives you everything you want. Remember all the furniture is yours. If i'm not around when you move it, just lock all the locks and leave the key with jenne.",,,,0,done sorry hope next space gives everything want remember furniture around move lock locks leave key jenne
ham,Not yet. Just i'd like to keep in touch and it will be the easiest way to do that from barcelona. By the way how ru and how is the house?,,,,0,yet like keep touch easiest way barcelona way ru house
spam,"Sppok up ur mob with a Halloween collection of nokia logo&pic message plus a FREE eerie tone, txt CARD SPOOK to 8007",,,,1,sppok ur mob halloween collection nokia logo pic message plus free eerie tone txt card spook
spam,"Urgent! call 09066612661 from landline. Your complementary 4* Tenerife Holiday or å£10,000 cash await collection SAE T&Cs PO Box 3 WA14 2PX 150ppm 18+ Sender: Hol Offer",,,,1,urgent call landline complementary tenerife holiday cash await collection sae cs po box wa px ppm sender hol offer
ham,K.:)do it at evening da:)urgent:),,,,0,k evening da urgent
ham,Pansy! You've been living in a jungle for two years! Its my driving you should be more worried about!,,,,0,pansy living jungle two years driving worried
ham,Mm have some kanji dont eat anything heavy ok,,,,0,mm kanji dont eat anything heavy ok
ham,Only if you promise your getting out as SOON as you can. And you'll text me in the morning to let me know you made it in ok.,,,,0,promise getting soon text morning let know made ok
ham,Lol that's different. I don't go trying to find every real life photo you ever took.,,,,0,lol different go trying find every real life photo ever took
ham,I dont thnk its a wrong calling between us,,,,0,dont thnk wrong calling us
ham,K ill drink.pa then what doing. I need srs model pls send it to my mail id pa.,,,,0,k ill drink pa need srs model pls send mail id pa
ham,Aiyah e rain like quite big leh. If drizzling i can at least run home.,,,,0,aiyah e rain like quite big leh drizzling least run home
ham,I have 2 docs appointments next week.:/ I'm tired of them shoving stuff up me. Ugh why couldn't I have had a normal body?,,,,0,docs appointments next week tired shoving stuff ugh normal body
ham,Dun b sad.. It's over.. Dun thk abt it already. Concentrate on ur other papers k.,,,,0,dun b sad dun thk abt already concentrate ur papers k
ham,"Greetings me, ! Consider yourself excused.",,,,0,greetings consider excused
ham,No drama Pls.i have had enough from you and family while i am struggling in the hot sun in a strange place.No reason why there should be an ego of not going 'IF NOT INVITED' when actually its necessity to go.wait for very serious reppurcussions.,,,,0,drama pls enough family struggling hot sun strange place reason ego going invited actually necessity go wait serious reppurcussions
ham,they released another Italian one today and it has a cosign option,,,,0,released another italian one today cosign option
ham,"You at mu? You should try to figure out how much money everyone has for gas and alcohol, jay and I are trying to figure out our weed budget",,,,0,mu try figure much money everyone gas alcohol jay trying figure weed budget
spam,WINNER! As a valued network customer you hvae been selected to receive a å£900 reward! To collect call 09061701444. Valid 24 hours only. ACL03530150PM,,,,1,winner valued network customer hvae selected receive reward collect call valid hours acl pm
ham,HCL chennai requires FRESHERS for voice process.Excellent english needed.Salary upto  &lt;#&gt; .Call Ms.Suman  &lt;#&gt;  for Telephonic interview -via Indyarocks.com,,,,0,hcl chennai requires freshers voice process excellent english needed salary upto lt gt call ms suman lt gt telephonic interview via indyarocks com
ham,Dai what this da.. Can i send my resume to this id.,,,,0,dai da send resume id
ham,"I know where the  &lt;#&gt;  is, I'll be there around 5",,,,0,know lt gt around
ham,Yup i've finished c Ì_ there...,,,,0,yup finished c
ham,Remember to ask alex about his pizza,,,,0,remember ask alex pizza
ham,No da..today also i forgot..,,,,0,da today also forgot
ham,"Ola would get back to you maybe not today but I ve told him you can be his direct link in the US in getting cars he bids for online, you arrange shipping and you get a cut. Or U????? For a partnership where U????? Invest money for shipping and he takes care of the rest!U??Wud b self reliant soon dnt worry",,,,0,ola would get back maybe today told direct link us getting cars bids online arrange shipping get cut u partnership u invest money shipping takes care rest u wud b self reliant soon dnt worry
ham,Fwiw the reason I'm only around when it's time to smoke is that because of gas I can only afford to be around when someone tells me to be and that apparently only happens when somebody wants to light up,,,,0,fwiw reason around time smoke gas afford around someone tells apparently happens somebody wants light
ham,"Hello, my boytoy! I made it home and my constant thought is of you, my love. I hope your having a nice visit but I can't wait till you come home to me ...*kiss*",,,,0,hello boytoy made home constant thought love hope nice visit wait till come home kiss
ham,Congrats kano..whr s the treat maga?,,,,0,congrats kano whr treat maga
ham,Who u talking about?,,,,0,u talking
ham,Yup...,,,,0,yup
ham,"U wake up already? Wat u doing? U picking us up later rite? I'm taking sq825, reaching ard 7 smth 8 like dat. U can check e arrival time. C ya soon...",,,,0,u wake already wat u u picking us later rite taking sq reaching ard smth like dat u check e arrival time c ya soon
ham,Yunny i'm walking in citylink now Ì_ faster come down... Me very hungry...,,,,0,yunny walking citylink faster come hungry
ham,Er yep sure. Props?,,,,0,er yep sure props
ham,"Hiya , have u been paying money into my account? If so, thanks. Got a pleasant surprise when i checked my balance -u c, i don't get statements 4 that acc",,,,0,hiya u paying money account thanks got pleasant surprise checked balance u c get statements acc
spam,U have won a nokia 6230 plus a free digital camera. This is what u get when u win our FREE auction. To take part send NOKIA to 83383 now. POBOX114/14TCR/W1 16,,,,1,u nokia plus free digital camera u get u win free auction take part send nokia pobox tcr w
ham,Ok ill send you with in  &lt;DECIMAL&gt;  ok.,,,,0,ok ill send lt decimal gt ok
ham,Bognor it is! Should be splendid at this time of year.,,,,0,bognor splendid time year
ham,Yes.i'm in office da:),,,,0,yes office da
ham,Ok. I only ask abt e movie. U wan ktv oso?,,,,0,ok ask abt e movie u wan ktv oso
ham,Misplaced your number and was sending texts to your old number. Wondering why i've not heard from you this year. All the best in your mcat. Got this number from my atlanta friends,,,,0,misplaced number sending texts old number wondering heard year best mcat got number atlanta friends
ham,Dunno lei... I might b eatin wif my frens... If Ì_ wan to eat then i wait 4 Ì_ lar,,,,0,dunno lei might b eatin wif frens wan eat wait lar
spam,FREE entry into our å£250 weekly comp just send the word WIN to 80086 NOW. 18 T&C www.txttowin.co.uk,,,,1,free entry weekly comp send word win c www txttowin co uk
ham,Do u noe how 2 send files between 2 computers?,,,,0,u noe send files computers
ham,"Mmmmm ... I loved waking to your words this morning ! I miss you too, my Love. I hope your day goes well and you are happy. I wait for us to be together again",,,,0,mmmmm loved waking words morning miss love hope day goes well happy wait us together
ham,jay says he'll put in  &lt;#&gt;,,,,0,jay says put lt gt
ham,Can you just come in for a sec? There's somebody here I want you to see,,,,0,come sec somebody want see
ham,So the sun is anti sleep medicine.,,,,0,sun anti sleep medicine
ham,What's happening with you. Have you gotten a job and have you begun registration for permanent residency,,,,0,happening gotten job begun registration permanent residency
ham,Yup ok...,,,,0,yup ok
ham,Glad it went well :) come over at 11 then we'll have plenty of time before claire goes to work.,,,,0,glad went well come plenty time claire goes work
ham,Ok enjoy . R u there in home.,,,,0,ok enjoy r u home
ham,"Can you pls pls send me a mail on all you know about relatives coming to deliver here? All you know about costs, risks, benefits and anything else. Thanks.",,,,0,pls pls send mail know relatives coming deliver know costs risks benefits anything else thanks
ham,You do what all you like,,,,0,like
ham,That's y we haf to combine n c how lor...,,,,0,haf combine n c lor
ham,The monthly amount is not that terrible and you will not pay anything till 6months after finishing school.,,,,0,monthly amount terrible pay anything till months finishing school
ham,Hmmm:)how many players selected?,,,,0,hmmm many players selected
ham,"They said if its gonna snow, it will start around 8 or 9 pm tonite! They are predicting an inch of accumulation.",,,,0,said gon na snow start around pm tonite predicting inch accumulation
ham,I dont. Can you send it to me. Plus how's mode.,,,,0,dont send plus mode
ham,Aiyo please Ì_ got time meh.,,,,0,aiyo please got time meh
ham,Package all your programs well,,,,0,package programs well
ham,"She is our sister.. She belongs 2 our family.. She is d hope of tomorrow.. Pray 4 her,who was fated 4 d Shoranur train incident. Lets hold our hands together &amp; fuelled by love &amp; concern prior 2 her grief &amp; pain. Pls join in dis chain &amp; pass it. STOP VIOLENCE AGAINST WOMEN.",,,,0,sister belongs family hope tomorrow pray fated shoranur train incident lets hold hands together amp fuelled love amp concern prior grief amp pain pls join dis chain amp pass stop violence women
ham,So are you guys asking that i get that slippers again or its gone with last year,,,,0,guys asking get slippers gone last year
ham,Company is very good.environment is terrific and food is really nice:),,,,0,company good environment terrific food really nice
spam,"Text82228>> Get more ringtones, logos and games from www.txt82228.com. Questions: info@txt82228.co.uk",,,,1,text get ringtones logos games www txt com questions info txt co uk
ham,Honestly i've just made a lovely cup of tea and promptly dropped my keys in it and then burnt my fingers getting them out!,,,,0,honestly made lovely cup tea promptly dropped keys burnt fingers getting
ham,Yup but not studying surfing lor. I'm in e lazy mode today.,,,,0,yup studying surfing lor e lazy mode today
ham,Please sen :)my kind advice :-)please come here and try:-),,,,0,please sen kind advice please come try
ham,I'm done. C Ì_ there.,,,,0,done c
ham,"Oh fine, I'll be by tonight",,,,0,oh fine tonight
ham,ÌÏ give me some time to walk there.,,,,0,give time walk
ham,I'll reach in ard 20 mins ok...,,,,0,reach ard mins ok
spam,"FreeMSG You have been awarded a FREE mini DIGITAL CAMERA, just reply SNAP to collect your prize! (quizclub Opt out? Stop 80122300p/wk SP:RWM Ph:08704050406)",,,,1,freemsg awarded free mini digital camera reply snap collect prize quizclub opt stop p wk sp rwm ph
ham,Fuck babe ... What happened to you ? How come you never came back?,,,,0,fuck babe happened come never came back
spam,This message is brought to you by GMW Ltd. and is not connected to the,,,,1,message brought gmw ltd connected
ham,"Some friends want me to drive em someplace, probably take a while",,,,0,friends want drive em someplace probably take
ham,I also thk too fast... Xy suggest one not me. U dun wan it's ok. Going 2 rain leh where got gd.,,,,0,also thk fast xy suggest one u dun wan ok going rain leh got gd
ham,Are you still getting the goods.,,,,0,still getting goods
ham,And maybe some pressies,,,,0,maybe pressies
ham,"Yeah I am, so I'll leave maybe 7ish?",,,,0,yeah leave maybe ish
ham,I told her I had a Dr appt next week. She thinks I'm gonna die. I told her its just a check. Nothing to be worried about. But she didn't listen.,,,,0,told dr appt next week thinks gon na die told check nothing worried listen
ham,You in your room? I need a few,,,,0,room need
ham,I dont want to hear anything,,,,0,dont want hear anything
ham,Hey. For me there is no leave on friday. Wait i will ask my superior and tell you..,,,,0,hey leave friday wait ask superior tell
ham,Ultimately tor motive tui achieve korli.,,,,0,ultimately tor motive tui achieve korli
ham,From 5 to 2 only my work timing.,,,,0,work timing
ham,Û_ and donÛ÷t worry weÛ÷ll have finished by march Û_ ish!,,,,0,worry finished march ish
ham,"The house is on the water with a dock, a boat rolled up with a newscaster who dabbles in jazz flute behind the wheel",,,,0,house water dock boat rolled newscaster dabbles jazz flute behind wheel
spam,"Congrats 2 mobile 3G Videophones R yours. call 09063458130 now! videochat wid ur mates, play java games, Dload polypH music, noline rentl. bx420. ip4. 5we. 150p",,,,1,congrats mobile g videophones r call videochat wid ur mates play java games dload polyph music noline rentl bx ip p
spam,Your next amazing xxx PICSFREE1 video will be sent to you enjoy! If one vid is not enough for 2day text back the keyword PICSFREE1 to get the next video.,,,,1,next amazing xxx picsfree video sent enjoy one vid enough day text back keyword picsfree get next video
ham,Now thats going to ruin your thesis!,,,,0,thats going ruin thesis
ham,In sch but neva mind u eat 1st lor..,,,,0,sch neva mind u eat st lor
ham,Hey whats up? U sleeping all morning?,,,,0,hey whats u sleeping morning
ham,Erm. I thought the contract ran out the4th of october.,,,,0,erm thought contract ran th october
ham,I dunno until when... Lets go learn pilates...,,,,0,dunno lets go learn pilates
spam,U are subscribed to the best Mobile Content Service in the UK for å£3 per ten days until you send STOP to 83435. Helpline 08706091795.,,,,1,u subscribed best mobile content service uk per ten days send stop helpline
ham,Yup i'm elaborating on the safety aspects and some other issues..,,,,0,yup elaborating safety aspects issues
spam,"3 FREE TAROT TEXTS! Find out about your love life now! TRY 3 FOR FREE! Text CHANCE to 85555 16 only! After 3 Free, Msgs å£1.50 each",,,,1,free tarot texts find love life try free text chance free msgs
ham,"Goodmorning, today i am late for 1hr.",,,,0,goodmorning today late hr
ham,Hi happy birthday. Hi hi hi hi hi hi hi,,,,0,hi happy birthday hi hi hi hi hi hi hi
ham,I will be outside office take all from there,,,,0,outside office take
ham,If you don't respond imma assume you're still asleep and imma start calling n shit,,,,0,respond imma assume still asleep imma start calling n shit
ham,"Aight, see you in a bit",,,,0,aight see bit
ham,My superior telling that friday is leave for all other department except ours:)so it will be leave for you:)any way call waheed fathima hr and conform it:),,,,0,superior telling friday leave department except leave way call waheed fathima hr conform
spam,Join the UK's horniest Dogging service and u can have sex 2nite!. Just sign up and follow the instructions. Txt ENTRY to 69888 now! Nyt.EC2A.3LP.msg@150p,,,,1,join uk horniest dogging service u sex nite sign follow instructions txt entry nyt ec lp msg p
ham,Lol I have to take it. member how I said my aunt flow didn't visit for 6 months? It's cause I developed ovarian cysts. Bc is the only way to shrink them.,,,,0,lol take member said aunt flow visit months cause developed ovarian cysts bc way shrink
ham,Still work going on:)it is very small house.,,,,0,still work going small house
ham,"My friend just got here and says he's upping his order by a few grams (he's got $ &lt;#&gt; ), when can you get here?",,,,0,friend got says upping order grams got lt gt get
ham,Tmr timin still da same wat cos i got lesson until 6...,,,,0,tmr timin still da wat cos got lesson
ham,"ThatÛ÷s the thing with apes, u can fight to the death to keep something, but the minute they have it when u let go, thats it!",,,,0,thing apes u fight death keep something minute u let go thats
ham,No i'm not gonna be able to. || too late notice. || i'll be home in a few weeks anyway. || what are the plans,,,,0,gon na able late notice home weeks anyway plans
ham,"Got fujitsu, ibm, hp, toshiba... Got a lot of model how to say...",,,,0,got fujitsu ibm hp toshiba got lot model say
ham,Okie... Thanx...,,,,0,okie thanx
ham,"Gosh that , what a pain. Spose I better come then.",,,,0,gosh pain spose better come
ham,"As usual..iam fine, happy &amp; doing well..:)",,,,0,usual iam fine happy amp well
ham,Okie,,,,0,okie
ham,So when you gonna get rimac access ,,,,0,gon na get rimac access
ham,"\Im at arestaurant eating squid! i will be out about 10:30 wanna dosomething or is that to late?\""""",,,,0,im arestaurant eating squid wan na dosomething late
ham,You call times job today ok umma and ask them to speed up,,,,0,call times job today ok umma ask speed
ham,"\HELLO U.CALL WEN U FINISH WRK.I FANCY MEETIN UP WIV U ALL TONITE AS I NEED A BREAK FROM DABOOKS. DID 4 HRS LAST NITE+2 TODAY OF WRK!\""""",,,,0,hello u call wen u finish wrk fancy meetin wiv u tonite need break dabooks hrs last nite today wrk
ham,R U &SAM P IN EACHOTHER. IF WE MEET WE CAN GO 2 MY HOUSE,,,,0,r u sam p eachother meet go house
ham,:-) yeah! Lol. Luckily i didn't have a starring role like you!,,,,0,yeah lol luckily starring role like
ham,Hello madam how are you ?,,,,0,hello madam
ham,"Awesome, text me when you're restocked",,,,0,awesome text restocked
spam,Knock Knock Txt whose there to 80082 to enter r weekly draw 4 a å£250 gift voucher 4 a store of yr choice. T&Cs www.tkls.com age16 to stoptxtstopå£1.50/week,,,,1,knock knock txt whose enter r weekly draw gift voucher store yr choice cs www tkls com age stoptxtstop week
ham,Yes. It's all innocent fun. O:-),,,,0,yes innocent fun
ham,Thanks for sending this mental ability question..,,,,0,thanks sending mental ability question
ham,"Sir, hope your day is going smoothly. i really hoped i wont have to bother you about this. I have some bills that i can't settle this month. I am out of all extra cash. I know this is a challenging time for you also but i have to let you know.",,,,0,sir hope day going smoothly really hoped wont bother bills settle month extra cash know challenging time also let know
ham,2marrow only. Wed at  &lt;#&gt;  to 2 aha.,,,,0,marrow wed lt gt aha
ham,I went to ur hon lab but no one is there.,,,,0,went ur hon lab one
ham,Hey pple...$700 or $900 for 5 nights...Excellent location wif breakfast hamper!!!,,,,0,hey pple nights excellent location wif breakfast hamper
spam,<Forwarded from 21870000>Hi - this is your Mailbox Messaging SMS alert. You have 40 matches. Please call back on 09056242159 to retrieve your messages and matches cc100p/min,,,,1,forwarded hi mailbox messaging sms alert matches please call back retrieve messages matches cc p min
ham,How come?,,,,0,come
ham,Lol! Nah wasn't too bad thanks. Its good to b home but its been quite a reality check. Hows ur day been? Did u do anything with website?,,,,0,lol nah bad thanks good b home quite reality check hows ur day u anything website
ham,Ok lor...,,,,0,ok lor
ham,I'm coming home 4 dinner.,,,,0,coming home dinner
ham,S da..al r above  &lt;#&gt;,,,,0,da al r lt gt
spam,"FREE RING TONE just text \POLYS\"" to 87131. Then every week get a new tone. 0870737910216yrs only å£1.50/wk.""",,,,1,free ring tone text polys every week get new tone yrs wk
ham,Unni thank you dear for the recharge..Rakhesh,,,,0,unni thank dear recharge rakhesh
ham,I know I'm lacking on most of this particular dramastorm's details but for the most part I'm not worried about that,,,,0,know lacking particular dramastorm details part worried
ham,Haha... They cant what... At the most tmr forfeit... haha so how?,,,,0,haha cant tmr forfeit haha
ham,"Hey there! Glad u r better now. I hear u treated urself to a digi cam, is it good? We r off at 9pm. Have a fab new year, c u in coupla wks!",,,,0,hey glad u r better hear u treated urself digi cam good r pm fab new year c u coupla wks
ham,No way I'm going back there!,,,,0,way going back
spam,"URGENT! Your mobile No 077xxx WON a å£2,000 Bonus Caller Prize on 02/06/03! This is the 2nd attempt to reach YOU! Call 09066362206 ASAP! BOX97N7QP, 150ppm",,,,1,urgent mobile xxx bonus caller prize nd attempt reach call asap box n qp ppm
ham,I WILL CAL YOU SIR. In meeting,,,,0,cal sir meeting
ham,"That's what I love to hear :V see you sundayish, then",,,,0,love hear v see sundayish
ham,"Sorry da thangam, very very sorry i am held up with prasad.",,,,0,sorry da thangam sorry held prasad
ham,Tiwary to rcb.battle between bang and kochi.,,,,0,tiwary rcb battle bang kochi
ham,Thank god they are in bed!,,,,0,thank god bed
ham,No I don't have cancer. Moms making a big deal out of a regular checkup aka pap smear,,,,0,cancer moms making big deal regular checkup aka pap smear
ham,Am in gobi arts college,,,,0,gobi arts college
ham,Why she wants to talk to me,,,,0,wants talk
ham,Pandy joined 4w technologies today.he got job..,,,,0,pandy joined w technologies today got job
spam,"You are guaranteed the latest Nokia Phone, a 40GB iPod MP3 player or a å£500 prize! Txt word: COLLECT to No: 83355! IBHltd LdnW15H 150p/Mtmsgrcvd18",,,,1,guaranteed latest nokia phone gb ipod mp player prize txt word collect ibhltd ldnw h p mtmsgrcvd
ham,"They can try! They can get lost, in fact. Tee hee",,,,0,try get lost fact tee hee
ham,My friends use to call the same.,,,,0,friends use call
ham,"Em, its olowoyey@ usc.edu have a great time in argentina. Not sad about secretary, everything is a blessing",,,,0,em olowoyey usc edu great time argentina sad secretary everything blessing
ham,"It,,s a taxt massage....tie-pos argh ok! Lool!",,,,0,taxt massage tie pos argh ok lool
ham,"Hi, can i please get a  &lt;#&gt;  dollar loan from you. I.ll pay you back by mid february. Pls.",,,,0,hi please get lt gt dollar loan pay back mid february pls
ham,"You might want to pull out more just in case and just plan on not spending it if you can, I don't have much confidence in derek and taylor's money management",,,,0,might want pull case plan spending much confidence derek taylor money management
ham,Do you like shaking your booty on the dance floor?,,,,0,like shaking booty dance floor
ham,"Text me when you get off, don't call, my phones having problems",,,,0,text get call phones problems
ham,No need for the drug anymore.,,,,0,need drug anymore
ham,Sorry da:)i was thought of calling you lot of times:)lil busy.i will call you at noon..,,,,0,sorry da thought calling lot times lil busy call noon
ham,Its sarcasm.. .nt scarcasim,,,,0,sarcasm nt scarcasim
ham,Great! I have to run now so ttyl!,,,,0,great run ttyl
ham,Feel like trying kadeem again? :V,,,,0,feel like trying kadeem v
ham,Dai  &lt;#&gt;  naal eruku.,,,,0,dai lt gt naal eruku
ham,Not yet chikku..wat abt u?,,,,0,yet chikku wat abt u
ham,Want to finally have lunch today?,,,,0,want finally lunch today
ham,Do you know when dad will be back?,,,,0,know dad back
spam,"Hello darling how are you today? I would love to have a chat, why dont you tell me what you look like and what you are in to sexy?",,,,1,hello darling today would love chat dont tell look like sexy
spam,8007 FREE for 1st week! No1 Nokia tone 4 ur mob every week just txt NOKIA to 8007 Get txting and tell ur mates www.getzed.co.uk POBox 36504 W4 5WQ norm 150p/tone 16+,,,,1,free st week nokia tone ur mob every week txt nokia get txting tell ur mates www getzed co uk pobox w wq norm p tone
ham,He remains a bro amongst bros,,,,0,remains bro amongst bros
ham,R u meeting da ge at nite tmr?,,,,0,r u meeting da ge nite tmr
ham,"* Was a nice day and, impressively, i was sensible, went home early and now feel fine. Or am i just boring?! When's yours, i can't remember.",,,,0,nice day impressively sensible went home early feel fine boring remember
ham,Why de. You looking good only:-)..,,,,0,de looking good
spam,Wanna get laid 2nite? Want real Dogging locations sent direct to ur mobile? Join the UK's largest Dogging Network. Txt PARK to 69696 now! Nyt. ec2a. 3lp å£1.50/msg,,,,1,wan na get laid nite want real dogging locations sent direct ur mobile join uk largest dogging network txt park nyt ec lp msg
spam,we tried to contact you re your response to our offer of a new nokia fone and camcorder hit reply or call 08000930705 for delivery,,,,1,tried contact response offer new nokia fone camcorder hit reply call delivery
ham,Yes. They replied my mail. I'm going to the management office later. Plus will in to bank later also.or on wednesday.,,,,0,yes replied mail going management office later plus bank later also wednesday
ham,"That's cool, I'll come by like  &lt;#&gt; ish",,,,0,cool come like lt gt ish
ham,Super msg da:)nalla timing.,,,,0,super msg da nalla timing
ham,"Good afternoon, my boytoy ... How are you feeling today ? Better I hope? Are you being my good boy? Are you my obedient, slave? Do you please your Queen?",,,,0,good afternoon boytoy feeling today better hope good boy obedient slave please queen
ham,I am 6 ft. We will be a good combination!,,,,0,ft good combination
ham,I'm sick !! I'm needy !! I want you !! *pouts* *stomps feet* Where are you ?! *pouts* *stomps feet* I want my slave !! I want him now !!,,,,0,sick needy want pouts stomps feet pouts stomps feet want slave want
ham,* Am on a train back from northampton so i'm afraid not!,,,,0,train back northampton afraid
ham,Where in abj are you serving. Are you staying with dad or alone.,,,,0,abj serving staying dad alone
ham,Was playng 9 doors game and gt racing on phone lol,,,,0,playng doors game gt racing phone lol
spam,"New Tones This week include: 1)McFly-All Ab.., 2) Sara Jorge-Shock.. 3) Will Smith-Switch.. To order follow instructions on next message",,,,1,new tones week include mcfly ab sara jorge shock smith switch order follow instructions next message
ham,I'm on da bus going home...,,,,0,da bus going home
ham,I got a call from a landline number. . . I am asked to come to anna nagar . . . I will go in the afternoon,,,,0,got call landline number asked come anna nagar go afternoon
ham,I'm okay. Chasing the dream. What's good. What are you doing next.,,,,0,okay chasing dream good next
ham,Yupz... I've oredi booked slots 4 my weekends liao... ,,,,0,yupz oredi booked slots weekends liao
spam,URGENT! We are trying to contact U. Todays draw shows that you have won a å£800 prize GUARANTEED. Call 09050003091 from land line. Claim C52. Valid 12hrs only,,,,1,urgent trying contact u todays draw shows prize guaranteed call land line claim c valid hrs
ham,There r many model..sony ericson also der.. &lt;#&gt; ..it luks good bt i forgot modl no,,,,0,r many model sony ericson also der lt gt luks good bt forgot modl
ham,Yes I know the cheesy songs from frosty the snowman :),,,,0,yes know cheesy songs frosty snowman
ham,"Ya ok, vikky vl c witin  &lt;#&gt; mins and il reply u..",,,,0,ya ok vikky vl c witin lt gt mins il reply u
spam,sports fans - get the latest sports news str* 2 ur mobile 1 wk FREE PLUS a FREE TONE Txt SPORT ON to 8007 www.getzed.co.uk 0870141701216+ norm 4txt/120p ,,,,1,sports fans get latest sports news str ur mobile wk free plus free tone txt sport www getzed co uk norm txt p
ham,Hey tmr meet at bugis 930 ?,,,,0,hey tmr meet bugis
spam,"Urgent Urgent! We have 800 FREE flights to Europe to give away, call B4 10th Sept & take a friend 4 FREE. Call now to claim on 09050000555. BA128NNFWFLY150ppm",,,,1,urgent urgent free flights europe give away call b th sept take friend free call claim ba nnfwfly ppm
ham,All these nice new shirts and the only thing I can wear them to is nudist themed ;_; you in mu?,,,,0,nice new shirts thing wear nudist themed mu
ham,Hey sexy buns! What of that day? No word from you this morning on YM ... :-( ... I think of you,,,,0,hey sexy buns day word morning ym think
ham,And whenever you and i see we can still hook up too.,,,,0,whenever see still hook
ham,Nope but i'm going home now then go pump petrol lor... Like going 2 rain soon...,,,,0,nope going home go pump petrol lor like going rain soon
ham,Can you use foreign stamps for whatever you send them off for? ,,,,0,use foreign stamps whatever send
spam,FROM 88066 LOST å£12 HELP,,,,1,lost help
ham,Oh baby of the house. How come you dont have any new pictures on facebook,,,,0,oh baby house come dont new pictures facebook
ham,"Feb  &lt;#&gt;  is \I LOVE U\"" day. Send dis to all ur \""VALUED FRNDS\"" evn me. If 3 comes back u'll gt married d person u luv! If u ignore dis u will lose ur luv 4 Evr""",,,,0,feb lt gt love u day send dis ur valued frnds evn comes back u gt married person u luv u ignore dis u lose ur luv evr
ham,"Hiya, sorry didn't hav signal. I haven't seen or heard from and neither has, which is unusual in itself! I'll put on the case and get him to sort it out! Hugs and snogs.",,,,0,hiya sorry hav signal seen heard neither unusual put case get sort hugs snogs
ham,"Omw back to tampa from west palm, you hear what happened?",,,,0,omw back tampa west palm hear happened
ham,Yup no more already... Thanx 4 printing n handing it up.,,,,0,yup already thanx printing n handing
spam,FreeMsg: Fancy a flirt? Reply DATE now & join the UKs fastest growing mobile dating service. Msgs rcvd just 25p to optout txt stop to 83021. Reply DATE now!,,,,1,freemsg fancy flirt reply date join uks fastest growing mobile dating service msgs rcvd p optout txt stop reply date
ham,What i mean is do they come chase you out when its over or is it stated you can watch as many movies as you want.,,,,0,mean come chase stated watch many movies want
ham,S now only i took tablets . Reaction morning only.,,,,0,took tablets reaction morning
spam,Great NEW Offer - DOUBLE Mins & DOUBLE Txt on best Orange tariffs AND get latest camera phones 4 FREE! Call MobileUpd8 free on 08000839402 NOW! or 2stoptxt T&Cs,,,,1,great new offer double mins double txt best orange tariffs get latest camera phones free call mobileupd free stoptxt cs
ham,"Nah, I'm a perpetual DD",,,,0,nah perpetual dd
ham,Sorry de i went to shop.,,,,0,sorry de went shop
spam,Hope you enjoyed your new content. text stop to 61610 to unsubscribe. help:08712400602450p Provided by tones2you.co.uk,,,,1,hope enjoyed new content text stop unsubscribe help p provided tones co uk
ham,Hey you still want to go for yogasana? Coz if we end at cine then can go bathe and hav the steam bath,,,,0,hey still want go yogasana coz end cine go bathe hav steam bath
ham,Nope i'm not drivin... I neva develop da photos lei...,,,,0,nope drivin neva develop da photos lei
ham,I am thinking of going down to reg for pract lessons.. Flung my advance.. Haha wat time u going?,,,,0,thinking going reg pract lessons flung advance haha wat time u going
ham,Cool. I am  &lt;#&gt;  inches long. hope you like them big!,,,,0,cool lt gt inches long hope like big
ham,"House-Maid is the murderer, coz the man was murdered on  &lt;#&gt; th January.. As public holiday all govt.instituitions are closed,including post office..understand?",,,,0,house maid murderer coz man murdered lt gt th january public holiday govt instituitions closed including post office understand
ham,Okie.. Thanx..,,,,0,okie thanx
ham,Go where n buy? Juz buy when we get there lar.,,,,0,go n buy juz buy get lar
ham,I'm working technical support :)voice process.,,,,0,working technical support voice process
ham,It's justbeen overa week since we broke up and already our brains are going to mush!,,,,0,justbeen overa week since broke already brains going mush
ham,"Tunde, how are you doing. This is just wishing you a great day. Abiola.",,,,0,tunde wishing great day abiola
ham,Nope... C Ì_ then...,,,,0,nope c
ham,No. But we'll do medical missions to nigeria,,,,0,medical missions nigeria
ham,No i am not having not any movies in my laptop,,,,0,movies laptop
spam,Urgent Please call 09066612661 from landline. å£5000 cash or a luxury 4* Canary Islands Holiday await collection. T&Cs SAE award. 20M12AQ. 150ppm. 16+ ÛÏ,,,,1,urgent please call landline cash luxury canary islands holiday await collection cs sae award aq ppm
spam,"Urgent! Please call 09066612661 from your landline, your complimentary 4* Lux Costa Del Sol holiday or å£1000 CASH await collection. ppm 150 SAE T&Cs James 28, EH74RR",,,,1,urgent please call landline complimentary lux costa del sol holiday cash await collection ppm sae cs james eh rr
ham,I havent lei.. Next mon can?,,,,0,havent lei next mon
ham,Mm feeling sleepy. today itself i shall get that dear,,,,0,mm feeling sleepy today shall get dear
ham,How dare you stupid. I wont tell anything to you. Hear after i wont talk to you:-.,,,,0,dare stupid wont tell anything hear wont talk
ham,Do Ì_ noe if ben is going?,,,,0,noe ben going
ham,Can you do a mag meeting this avo at some point?,,,,0,mag meeting avo point
ham,I meant middle left or right?,,,,0,meant middle left right
ham,Really? I crashed out cuddled on my sofa.,,,,0,really crashed cuddled sofa
ham,Hi Chachi tried calling u now unable to reach u .. Pl give me a missed cal once u c tiz msg  Kanagu,,,,0,hi chachi tried calling u unable reach u pl give missed cal u c tiz msg kanagu
ham,"I sent you the prices and do you mean the  &lt;#&gt; g,",,,,0,sent prices mean lt gt g
ham,Nothing. Can...,,,,0,nothing
ham,No * am working on the ringing u thing but have whole houseful of screaming brats so * am pulling my hair out! Loving u,,,,0,working ringing u thing whole houseful screaming brats pulling hair loving u
ham,But my family not responding for anything. Now am in room not went to home for diwali but no one called me and why not coming. It makes me feel like died.,,,,0,family responding anything room went home diwali one called coming makes feel like died
ham,"Tick, tick, tick ... Babe",,,,0,tick tick tick babe
ham,R Ì_ going 4 today's meeting?,,,,0,r going today meeting
ham,K da:)how many page you want?,,,,0,k da many page want
ham,Ya had just now.onion roast.,,,,0,ya onion roast
ham,Send his number and give reply tomorrow morning for why you said that to him like that ok,,,,0,send number give reply tomorrow morning said like ok
ham,You said not now. No problem. When you can. Let me know.,,,,0,said problem let know
ham,Ok but tell me half an hr b4 u come i need 2 prepare.,,,,0,ok tell half hr b u come need prepare
ham,Play w computer? Aiyah i tok 2 u lor?,,,,0,play w computer aiyah tok u lor
ham,Sat right? Okay thanks... ,,,,0,sat right okay thanks
ham,"Derp. Which is worse, a dude who always wants to party or a dude who files a complaint about the three drug abusers he lives with",,,,0,derp worse dude always wants party dude files complaint three drug abusers lives
ham,Ok Chinese food on its way. When I get fat you're paying for my lipo.,,,,0,ok chinese food way get fat paying lipo
ham,We r outside already.,,,,0,r outside already
ham,Have a good trip. Watch out for . Remember when you get back we must decide about easter.,,,,0,good trip watch remember get back must decide easter
ham,Yo we are watching a movie on netflix,,,,0,yo watching movie netflix
ham,What time. IÛ÷m out until prob 3 or so,,,,0,time prob
ham,"Can meh? Thgt some will clash... Really ah, i dun mind... I dun seen to have lost any weight... Gee...",,,,0,meh thgt clash really ah dun mind dun seen lost weight gee
ham,ARR birthday today:) i wish him to get more oscar.,,,,0,arr birthday today wish get oscar
ham,"Open rebtel with firefox. When it loads just put plus sign in the user name place, and it will show you two numbers. The lower number is my number. Once you pick that number the pin will display okay!",,,,0,open rebtel firefox loads put plus sign user name place show two numbers lower number number pick number pin display okay
ham, and  picking them up from various points,,,,0,picking various points
spam,Married local women looking for discreet action now! 5 real matches instantly to your phone. Text MATCH to 69969 Msg cost 150p 2 stop txt stop BCMSFWC1N3XX,,,,1,married local women looking discreet action real matches instantly phone text match msg cost p stop txt stop bcmsfwc n xx
ham,Wow v v impressed. Have funs shopping!,,,,0,wow v v impressed funs shopping
ham,I am on the way to ur home,,,,0,way ur home
spam,Burger King - Wanna play footy at a top stadium? Get 2 Burger King before 1st Sept and go Large or Super with Coca-Cola and walk out a winner,,,,1,burger king wan na play footy top stadium get burger king st sept go large super coca cola walk winner
ham,No problem. Talk to you later,,,,0,problem talk later
ham,Then ur sis how?,,,,0,ur sis
ham,Still in customer place,,,,0,still customer place
spam,How come it takes so little time for a child who is afraid of the dark to become a teenager who wants to stay out all night?,,,,1,come takes little time child afraid dark become teenager wants stay night
ham,"Dude u knw also telugu..thts gud..k, gud nyt..",,,,0,dude u knw also telugu thts gud k gud nyt
ham,We confirm eating at esplanade?,,,,0,confirm eating esplanade
ham,Send me your id and password,,,,0,send id password
ham,Kind of. Took it to garage. Centre part of exhaust needs replacing. Part ordered n taking it to be fixed tomo morning.,,,,0,kind took garage centre part exhaust needs replacing part ordered n taking fixed tomo morning
spam,"For ur chance to win a å£250 cash every wk TXT: ACTION to 80608. T's&C's www.movietrivia.tv custcare 08712405022, 1x150p/wk.",,,,1,ur chance win cash every wk txt action c www movietrivia tv custcare x p wk
ham,Well I might not come then...,,,,0,well might come
ham,Long after I quit. I get on only like 5 minutes a day as it is.,,,,0,long quit get like minutes day
ham,Then its most likely called Mittelschmertz. Google it. If you dont have paracetamol dont worry it will go.,,,,0,likely called mittelschmertz google dont paracetamol dont worry go
ham,Well at this right I'm gonna have to get up and check today's steam sales/pee so text me when you want me to come get you,,,,0,well right gon na get check today steam sales pee text want come get
ham,"Just arrived, see you in a couple days &lt;3",,,,0,arrived see couple days lt
ham,"K, wat s tht incident?",,,,0,k wat tht incident
ham,Yeah get the unlimited,,,,0,yeah get unlimited
ham,cThen i thk shd b enuff.. Still got conclusion n contents pg n references.. I'll b doing da contents pg n cover pg..,,,,0,cthen thk shd b enuff still got conclusion n contents pg n references b da contents pg n cover pg
ham,"Forgot it takes me 3 years to shower, sorry. Where you at/your phone dead yet?",,,,0,forgot takes years shower sorry phone dead yet
ham,ÌÏ got wat to buy tell us then Ì_ no need to come in again.,,,,0,got wat buy tell us need come
ham,When you are big..| God will bring success.,,,,0,big god bring success
spam,UÛªve Bin Awarded å£50 to Play 4 Instant Cash. Call 08715203028 To Claim. EVERY 9th Player Wins Min å£50-å£500. OptOut 08718727870,,,,1,u bin awarded play instant cash call claim every th player wins min optout
ham,"Û_ we r stayin here an extra week, back next wed. How did we do in the rugby this weekend? Hi to and and , c u soon \""ham""",Well there's still a bit left if you guys want to tonight,,,0,r stayin extra week back next wed rugby weekend hi c u soon ham
ham,Not from this campus. Are you in the library?,,,,0,campus library
ham,"The affidavit says  &lt;#&gt;  E Twiggs St, division g, courtroom  &lt;#&gt; , &lt;TIME&gt;  AM. I'll double check and text you again tomorrow",,,,0,affidavit says lt gt e twiggs st division g courtroom lt gt lt time gt double check text tomorrow
ham,How will I creep on you now? ;_;,,,,0,creep
ham,If I get there before you after your ten billion calls and texts so help me god,,,,0,get ten billion calls texts help god
ham,I've told him that i've returned it. That should i re order it.,,,,0,told returned order
ham,"House-Maid is the murderer, coz the man was murdered on  &lt;#&gt; th January.. As public holiday all govt.instituitions are closed,including post office..",,,,0,house maid murderer coz man murdered lt gt th january public holiday govt instituitions closed including post office
ham,Depends on where u going lor.,,,,0,depends u going lor
ham,And smile for me right now as you go and the world will wonder what you are smiling about and think your crazy and keep away from you ... *grins*,,,,0,smile right go world wonder smiling think crazy keep away grins
spam,FreeMsg>FAV XMAS TONES!Reply REAL,,,,1,freemsg fav xmas tones reply real
ham,Lil fever:) now fine:),,,,0,lil fever fine
ham,I think it's all still in my car,,,,0,think still car
ham,Can a not?,,,,0,
spam,December only! Had your mobile 11mths+? You are entitled to update to the latest colour camera mobile for Free! Call The Mobile Update Co FREE on 08002986906 ,,,,1,december mobile mths entitled update latest colour camera mobile free call mobile update co free
ham,Yes princess! I want to catch you with my big strong hands...,,,,0,yes princess want catch big strong hands
ham,Oh yeah I forgot. U can only take 2 out shopping at once.,,,,0,oh yeah forgot u take shopping
ham,Mm so you asked me not to call radio,,,,0,mm asked call radio
ham,Thinkin about someone is all good. No drugs for that,,,,0,thinkin someone good drugs
ham,"Enjoy the showers of possessiveness poured on u by ur loved ones, bcoz in this world of lies, it is a golden gift to be loved truly..",,,,0,enjoy showers possessiveness poured u ur loved ones bcoz world lies golden gift loved truly
ham,"Alright if you're sure, let me know when you're leaving",,,,0,alright sure let know leaving
ham,Some are lasting as much as 2 hours. You might get lucky.,,,,0,lasting much hours might get lucky
ham,Genius what's up. How your brother. Pls send his number to my skype.,,,,0,genius brother pls send number skype
spam,"Gr8 Poly tones 4 ALL mobs direct 2u rply with POLY TITLE to 8007 eg POLY BREATHE1 Titles: CRAZYIN, SLEEPINGWITH, FINEST, YMCA :getzed.co.uk POBox365O4W45WQ 300p",,,,1,gr poly tones mobs direct u rply poly title eg poly breathe titles crazyin sleepingwith finest ymca getzed co uk pobox w wq p
ham,Thk some of em find wtc too far... Weiyi not goin... E rest i dunno yet... R ur goin 4 dinner den i might b able to join...,,,,0,thk em find wtc far weiyi goin e rest dunno yet r ur goin dinner den might b able join
ham,Don't forget who owns you and who's private property you are ... And be my good boy always .. *passionate kiss*,,,,0,forget owns private property good boy always passionate kiss
spam,INTERFLORA - åÒIt's not too late to order Interflora flowers for christmas call 0800 505060 to place your order before Midnight tomorrow.,,,,1,interflora late order interflora flowers christmas call place order midnight tomorrow
ham,Oh god..taken the teeth?is it paining,,,,0,oh god taken teeth paining
spam,ROMCAPspam Everyone around should be responding well to your presence since you are so warm and outgoing. You are bringing in a real breath of sunshine.,,,,1,romcapspam everyone around responding well presence since warm outgoing bringing real breath sunshine
ham,Then u ask darren go n pick u lor... But i oso sian tmr haf 2 meet lect...,,,,0,u ask darren go n pick u lor oso sian tmr haf meet lect
ham,No need to buy lunch for me.. I eat maggi mee..,,,,0,need buy lunch eat maggi mee
spam,"Congratulations - Thanks to a good friend U have WON the å£2,000 Xmas prize. 2 claim is easy, just call 08712103738 NOW! Only 10p per minute. BT-national-rate",,,,1,congratulations thanks good friend u xmas prize claim easy call p per minute bt national rate
ham,"Oh right, ok. I'll make sure that i do loads of work during the day!  got a really nasty cough today and is dry n shot so that should really help it!",,,,0,oh right ok make sure loads work day got really nasty cough today dry n shot really help
spam,Send a logo 2 ur lover - 2 names joined by a heart. Txt LOVE NAME1 NAME2 MOBNO eg LOVE ADAM EVE 07123456789 to 87077 Yahoo! POBox36504W45WQ TxtNO 4 no ads 150p.,,,,1,send logo ur lover names joined heart txt love name name mobno eg love adam eve yahoo pobox w wq txtno ads p
ham,Thanx 4 sending me home...,,,,0,thanx sending home
ham,Its normally hot mail. Com you see!,,,,0,normally hot mail com see
spam,"You've won tkts to the EURO2004 CUP FINAL or å£800 CASH, to collect CALL 09058099801 b4190604, POBOX 7876150ppm",,,,1,tkts euro cup final cash collect call b pobox ppm
ham,U sick still can go shopping?,,,,0,u sick still go shopping
ham,"Ya they are well and fine., BBD(pooja) full pimples..even she become quite black..and ur rite here its too cold, wearing sweatter..",,,,0,ya well fine bbd pooja full pimples even become quite black ur rite cold wearing sweatter
ham,Nice.nice.how is it working?,,,,0,nice nice working
ham,1's reach home call me.,,,,0,reach home call
ham,Were trying to find a Chinese food place around here,,,,0,trying find chinese food place around
ham,"Easy mate, * guess the quick drink was bit ambitious.",,,,0,easy mate guess quick drink bit ambitious
ham,BABE !!! I miiiiiiissssssssss you ! I need you !!! I crave you !!! :-( ... Geeee ... I'm so sad without you babe ... I love you ...,,,,0,babe miiiiiiissssssssss need crave geeee sad without babe love
ham,Ok thanx...,,,,0,ok thanx
ham,"Tunji, how's the queen? how are you doing. This is just wishing you a great day. Abiola.",,,,0,tunji queen wishing great day abiola
ham,Today iZ Yellow rose day. If u love my frndship give me 1 misscall &amp; send this to ur frndZ &amp; See how many miss calls u get. If u get 6missed U marry ur Lover.,,,,0,today iz yellow rose day u love frndship give misscall amp send ur frndz amp see many miss calls u get u get missed u marry ur lover
ham,Will be out of class in a few hours. Sorry,,,,0,class hours sorry
ham,Wat time u finish ur lect today?,,,,0,wat time u finish ur lect today
spam,"Free-message: Jamster!Get the crazy frog sound now! For poly text MAD1, for real text MAD2 to 88888. 6 crazy sounds for just 3 GBP/week! 16+only! T&C's apply",,,,1,free message jamster get crazy frog sound poly text mad real text mad crazy sounds gbp week c apply
spam,"YOUR CHANCE TO BE ON A REALITY FANTASY SHOW call now = 08707509020 Just 20p per min NTT Ltd, PO Box 1327 Croydon CR9 5WB 0870 is a national = rate call",,,,1,chance reality fantasy show call p per min ntt ltd po box croydon cr wb national rate call
ham,She's fine. Good to hear from you. How are you my dear? Happy new year oh.,,,,0,fine good hear dear happy new year oh
ham,Are you going to wipro interview today?,,,,0,going wipro interview today
ham,how tall are you princess?,,,,0,tall princess
ham,I doubt you could handle 5 times per night in any case...,,,,0,doubt could handle times per night case
ham,Haha... Hope Ì_ can hear the receipt sound... Gd luck!,,,,0,haha hope hear receipt sound gd luck
ham,Your gonna be the death if me. I'm gonna leave a note that says its all robs fault. Avenge me.,,,,0,gon na death gon na leave note says robs fault avenge
ham,"Japanese Proverb: If one Can do it, U too Can do it, If none Can do it,U must do it Indian version: If one Can do it, LET HIM DO it.. If none Can do it,LEAVE it!! And finally Kerala version: If one can do it, Stop him doing it.. If none can do it, Make a strike against it ...",,,,0,japanese proverb one u none u must indian version one let none leave finally kerala version one stop none make strike
ham,Today i'm not workin but not free oso... Gee... Thgt u workin at ur fren's shop ? ,,,,0,today workin free oso gee thgt u workin ur fren shop
ham,In life when you face choices Just toss a coin not becoz its settle the question But while the coin in the air U will know what your heart is hoping for. Gudni8,,,,0,life face choices toss coin becoz settle question coin air u know heart hoping gudni
ham,I want to be there so i can kiss you and feel you next to me,,,,0,want kiss feel next
ham,I am not at all happy with what you saying or doing,,,,0,happy saying
spam,Adult 18 Content Your video will be with you shortly,,,,1,adult content video shortly
ham,"Ok that would b lovely, if u r sure. Think about wot u want to do, drinkin, dancin, eatin, cinema, in, out, about... Up to u! Wot about ? ",,,,0,ok would b lovely u r sure think wot u want drinkin dancin eatin cinema u wot
ham,What I'm saying is if you haven't explicitly told nora I know someone I'm probably just not gonna bother,,,,0,saying explicitly told nora know someone probably gon na bother
ham,Smith waste da.i wanna gayle.,,,,0,smith waste da wan na gayle
ham,"Mum, i've sent you many many messages since i got here. I just want to know that you are actually getting them. Do enjoy the rest of your day.",,,,0,mum sent many many messages since got want know actually getting enjoy rest day
ham,"Aight, tomorrow around  &lt;#&gt;  it is",,,,0,aight tomorrow around lt gt
spam,"YOUR CHANCE TO BE ON A REALITY FANTASY SHOW call now = 08707509020 Just 20p per min NTT Ltd, PO Box 1327 Croydon CR9 5WB 0870 is a national = rate call.",,,,1,chance reality fantasy show call p per min ntt ltd po box croydon cr wb national rate call
ham,I actually did for the first time in a while. I went to bed not too long after i spoke with you. Woke up at 7. How was your night?,,,,0,actually first time went bed long spoke woke night
ham,See you there! ,,,,0,see
ham,I dont understand your message.,,,,0,dont understand message
ham,Crucify is c not s. You should have told me earlier.,,,,0,crucify c told earlier
ham,"Idk. You keep saying that you're not, but since he moved, we keep butting heads over freedom vs. responsibility. And i'm tired. I have so much other shit to deal with that i'm barely keeping myself together once this gets added to it.",,,,0,idk keep saying since moved keep butting heads freedom vs responsibility tired much shit deal barely keeping together gets added
ham,Fuck cedar key and fuck her (come over anyway tho),,,,0,fuck cedar key fuck come anyway tho
ham,twenty past five he said will this train have been to durham already or not coz i am in a reserved seat,,,,0,twenty past five said train durham already coz reserved seat
spam,"Hey Boys. Want hot XXX pics sent direct 2 ur phone? Txt PORN to 69855, 24Hrs free and then just 50p per day. To stop text STOPBCM SF WC1N3XX",,,,1,hey boys want hot xxx pics sent direct ur phone txt porn hrs free p per day stop text stopbcm sf wc n xx
ham,U still painting ur wall?,,,,0,u still painting ur wall
ham,Printer is cool. I mean groovy. Wine is groovying,,,,0,printer cool mean groovy wine groovying
ham,Hi Harish's rent has been transfred to ur Acnt.,,,,0,hi harish rent transfred ur acnt
ham,Anything lor is she coming?,,,,0,anything lor coming
ham,Cbe is really good nowadays:)lot of shop and showrooms:)city is shaping good.,,,,0,cbe really good nowadays lot shop showrooms city shaping good
ham,ÌÏ still attending da talks?,,,,0,still attending da talks
ham,No probs hon! How u doinat the mo?,,,,0,probs hon u doinat mo
ham,K I'll take care of it,,,,0,k take care
ham,I take it we didn't have the phone callon Friday. Can we assume we won't have it this year now?,,,,0,take phone callon friday assume year
ham,My battery is low babe,,,,0,battery low babe
ham,Shuhui has bought ron's present it's a swatch watch...,,,,0,shuhui bought ron present swatch watch
ham,"Yeah there's quite a bit left, I'll swing by tomorrow when I get up",,,,0,yeah quite bit left swing tomorrow get
ham,Babe? You said 2 hours and it's been almost 4 ... Is your internet down ?,,,,0,babe said hours almost internet
ham,K I'll be sure to get up before noon and see what's what,,,,0,k sure get noon see
ham,K...k...yesterday i was in cbe .,,,,0,k k yesterday cbe
ham,Went to ganesh dress shop,,,,0,went ganesh dress shop
spam,"pdate_Now - Double mins and 1000 txts on Orange tariffs. Latest Motorola, SonyEricsson & Nokia & Bluetooth FREE! Call MobileUpd8 on 08000839402 or call2optout/!YHL",,,,1,pdate double mins txts orange tariffs latest motorola sonyericsson nokia bluetooth free call mobileupd call optout yhl
ham,ÌÏ collecting ur laptop then going to configure da settings izzit?,,,,0,collecting ur laptop going configure da settings izzit
ham,"Aight, I should be there by 8 at the latest, probably closer to 7. Are jay and tyler down or should we just do two trips?",,,,0,aight latest probably closer jay tyler two trips
ham,Come aftr  &lt;DECIMAL&gt; ..now i m cleaning the house,,,,0,come aftr lt decimal gt cleaning house
spam,Ur cash-balance is currently 500 pounds - to maximize ur cash-in now send CASH to 86688 only 150p/msg. CC: 08718720201 PO BOX 114/14 TCR/W1,,,,1,ur cash balance currently pounds maximize ur cash send cash p msg cc po box tcr w
ham,"Bill, as in: Are there any letters for me. iÛªm expecting one from orange that isnÛªt a bill but may still say orange on it.",,,,0,bill letters expecting one orange bill may still say orange
ham,Tell me pa. How is pain de.,,,,0,tell pa pain de
ham,HI DARLIN I HOPE YOU HAD A NICE NIGHT I WISH I HAD COME CANT WAIT TO SEE YOU LOVE FRAN PS I WANT DIRTY ANAL SEX AND I WANT A 10 MAN GANG BANG,,,,0,hi darlin hope nice night wish come cant wait see love fran ps want dirty anal sex want man gang bang
ham,"Ha. You donÛ÷t know either. I did a a clever but simple thing with pears the other day, perfect for christmas.",,,,0,ha know either clever simple thing pears day perfect christmas
ham,"Helloooo... Wake up..! \Sweet\"" \""morning\"" \""welcomes\"" \""You\"" \""Enjoy\"" \""This Day\"" \""with full of joy\"".. \""GUD MRNG\"".""",,,,0,helloooo wake sweet morning welcomes enjoy day full joy gud mrng
ham,ALRITE,,,,0,alrite
ham,Why must we sit around and wait for summer days to celebrate. Such a magical sight when the worlds dressed in white. Oooooh let there be snow.,,,,0,must sit around wait summer days celebrate magical sight worlds dressed white oooooh let snow
spam,URGENT! Your Mobile number has been awarded with a å£2000 prize GUARANTEED. Call 09058094454 from land line. Claim 3030. Valid 12hrs only,,,,1,urgent mobile number awarded prize guaranteed call land line claim valid hrs
ham,How do you guys go to see movies on your side.,,,,0,guys go see movies side
ham,You didn't have to tell me that...now i'm thinking. Plus he's going to stop all your runs,,,,0,tell thinking plus going stop runs
ham,Kindly send some one to our flat before  &lt;DECIMAL&gt;  today.,,,,0,kindly send one flat lt decimal gt today
spam,Sorry! U can not unsubscribe yet. THE MOB offer package has a min term of 54 weeks> pls resubmit request after expiry. Reply THEMOB HELP 4 more info,,,,1,sorry u unsubscribe yet mob offer package min term weeks pls resubmit request expiry reply themob help info
ham,Nothing lor... A bit bored too... Then y dun u go home early 2 sleep today...,,,,0,nothing lor bit bored dun u go home early sleep today
ham,What time should I tell my friend to be around?,,,,0,time tell friend around
ham,Yes. that will be fine. Love you. Be safe.,,,,0,yes fine love safe
ham,Thanks chikku..:-) gud nyt:-*,,,,0,thanks chikku gud nyt
ham,Is xy in ur car when u picking me up?,,,,0,xy ur car u picking
ham,"Thanx 4 the time weåÕve spent 2geva, its bin mint! Ur my Baby and all I want is u!xxxx",,,,0,thanx time spent geva bin mint ur baby want u xxxx
ham,"Yo, any way we could pick something up tonight?",,,,0,yo way could pick something tonight
ham,I've not sent it. He can send me.,,,,0,sent send
ham,Fine am simply sitting.,,,,0,fine simply sitting
ham,Thts god's gift for birds as humans hav some natural gift frm god..,,,,0,thts god gift birds humans hav natural gift frm god
ham,Are you coming to day for class.,,,,0,coming day class
ham,Im done. Just studyn in library,,,,0,im done studyn library
ham,Ok... U enjoy ur shows...,,,,0,ok u enjoy ur shows
ham,Anything...,,,,0,anything
ham,Where wuld I be without my baby? The thought alone mite break me and I donåÕt wanna go crazy but everyboy needs his lady xxxxxxxx,,,,0,wuld without baby thought alone mite break wan na go crazy everyboy needs lady xxxxxxxx
ham,Wat's my dear doing? Sleeping ah?,,,,0,wat dear sleeping ah
ham,Hi' Test on  &lt;#&gt; rd ....,,,,0,hi test lt gt rd
ham,Only 2% students solved this CAT question in 'xam... 5+3+2= &lt;#&gt;  9+2+4= &lt;#&gt;  8+6+3= &lt;#&gt;  then 7+2+5=????? Tell me the answer if u r brilliant...1thing.i got d answr.,,,,0,students solved cat question xam lt gt lt gt lt gt tell answer u r brilliant thing got answr
ham,Yo do you know anyone  &lt;#&gt;  or otherwise able to buy liquor? Our guy flaked and right now if we don't get a hold of somebody its just 4 loko all night,,,,0,yo know anyone lt gt otherwise able buy liquor guy flaked right get hold somebody loko night
ham,Yup n her fren lor. I'm meeting my fren at 730.,,,,0,yup n fren lor meeting fren
ham,"Yeah, we got one lined up for us",,,,0,yeah got one lined us
ham,"And stop wondering \wow is she ever going to stop tm'ing me ?!\"" because I will tm you whenever I want because you are MINE ... *laughs*""",,,,0,stop wondering wow ever going stop tm ing tm whenever want mine laughs
ham,Lol yep did that yesterday. Already got my fireplace. Now its just another icon sitting there for me.,,,,0,lol yep yesterday already got fireplace another icon sitting
ham,Hey i've booked the pilates and yoga lesson already... Haha,,,,0,hey booked pilates yoga lesson already haha
ham,Are you ok. What happen to behave like this,,,,0,ok happen behave like
spam,You have 1 new message. Please call 08712400200.,,,,1,new message please call
ham,My supervisor find 4 me one lor i thk his students. I havent ask her yet. Tell u aft i ask her.,,,,0,supervisor find one lor thk students havent ask yet tell u aft ask
ham,"Hello. No news on job, they are making me wait a fifth week! Yeah im up for some woozles and weasels... In exeter still, but be home about 3. ",,,,0,hello news job making wait fifth week yeah im woozles weasels exeter still home
spam,We currently have a message awaiting your collection. To collect your message just call 08718723815.,,,,1,currently message awaiting collection collect message call
ham,"Hey babe, sorry i didn't get sooner. Gary can come and fix it cause he thinks he knows what it is but he doesn't go as far a Ptbo and he says it will cost  &lt;#&gt;  bucks. I don't know if it might be cheaper to find someone there ? We don't have any second hand machines at all right now, let me know what you want to do babe",,,,0,hey babe sorry get sooner gary come fix cause thinks knows go far ptbo says cost lt gt bucks know might cheaper find someone second hand machines right let know want babe
ham,make that 3! 4 fucks sake?! x,,,,0,make fucks sake x
ham,Leave it. U will always be ignorant.,,,,0,leave u always ignorant
ham,Nope but i'll b going 2 sch on fri quite early lor cos mys sis got paper in da morn :-),,,,0,nope b going sch fri quite early lor cos mys sis got paper da morn
ham,at bruce b downs &amp; fletcher now,,,,0,bruce b downs amp fletcher
ham,Where are you ? You said you would be here when I woke ... :-(,,,,0,said would woke
ham,Hey now am free you can call me.,,,,0,hey free call
ham,Tell me whos this pls:-),,,,0,tell whos pls
spam,"URGENT! Your mobile was awarded a å£1,500 Bonus Caller Prize on 27/6/03. Our final attempt 2 contact U! Call 08714714011",,,,1,urgent mobile awarded bonus caller prize final attempt contact u call
ham,"Think i might have to give it a miss. Am teaching til twelve, then have lecture at two. Damn this working thing.",,,,0,think might give miss teaching til twelve lecture two damn working thing
ham,Id have to check but there's only like 1 bowls worth left,,,,0,id check like bowls worth left
ham,Yes there were many sweets,,,,0,yes many sweets
ham,I would but I'm still cozy. And exhausted from last night.nobody went to school or work. Everything is closed.,,,,0,would still cozy exhausted last night nobody went school work everything closed
ham,Buzzzz! *grins* Did I buzz your ass? Buzz your chest ? Buzz your cock ? Where do you keep your phone ? Is the vibrator on ? Did you feel it shake ?,,,,0,buzzzz grins buzz ass buzz chest buzz cock keep phone vibrator feel shake
ham,Sir send to group mail check it.,,,,0,sir send group mail check
ham,I'm doing da intro covers energy trends n pros n cons... Brief description of nuclear fusion n oso brief history of iter n jet got abt 7 n half pages..,,,,0,da intro covers energy trends n pros n cons brief description nuclear fusion n oso brief history iter n jet got abt n half pages
ham,"\NONE!NOWHERE IKNO DOESDISCOUNT!SHITINNIT\""""",,,,0,none nowhere ikno doesdiscount shitinnit
ham,You dont know you jabo me abi.,,,,0,dont know jabo abi
spam,"Do you ever notice that when you're driving, anyone going slower than you is an idiot and everyone driving faster than you is a maniac?",,,,1,ever notice driving anyone going slower idiot everyone driving faster maniac
ham,Not yet had..ya sapna aunty manege y'day hogidhe..chinnu full weak and swalpa black agidhane..,,,,0,yet ya sapna aunty manege day hogidhe chinnu full weak swalpa black agidhane
ham,"Are you being good, baby? :)",,,,0,good baby
ham,"Mostly sports type..lyk footbl,crckt..",,,,0,mostly sports type lyk footbl crckt
ham,Ma head dey swell oh. Thanks for making my day,,,,0,head dey swell oh thanks making day
ham,U should make a fb list,,,,0,u make fb list
ham,Sary just need Tim in the bollox &it hurt him a lot so he tol me!,,,,0,sary need tim bollox hurt lot tol
ham,Happy New Year Princess!,,,,0,happy new year princess
ham,"I'll text carlos and let you know, hang on",,,,0,text carlos let know hang
ham,"Don't worry, * is easy once have ingredients!",,,,0,worry easy ingredients
ham,I love u 2 my little pocy bell I am sorry but I love u,,,,0,love u little pocy bell sorry love u
ham,"Ok omw now, you at castor?",,,,0,ok omw castor
ham,Yar lor... Keep raining non stop... Or u wan 2 go elsewhere?,,,,0,yar lor keep raining non stop u wan go elsewhere
spam,"Xmas Offer! Latest Motorola, SonyEricsson & Nokia & FREE Bluetooth or DVD! Double Mins & 1000 Txt on Orange. Call MobileUpd8 on 08000839402 or call2optout/4QF2",,,,1,xmas offer latest motorola sonyericsson nokia free bluetooth dvd double mins txt orange call mobileupd call optout qf
ham,What u mean u almost done? Done wif sleeping? But i tot u going to take a nap.. Yup i send her liao so i'm picking her up at ard 4 smth lor..,,,,0,u mean u almost done done wif sleeping tot u going take nap yup send liao picking ard smth lor
ham,"Tonight? Yeah, I'd be down for that",,,,0,tonight yeah
ham,What should i eat fo lunch senor,,,,0,eat fo lunch senor
ham,"He said that he had a right giggle when he saw u again! You would possibly be the first person2die from NVQ, but think how much you could for! ",,,,0,said right giggle saw u would possibly first person die nvq think much could
ham,No break time one... How... I come out n get my stuff fr Ì_?,,,,0,break time one come n get stuff fr
spam,Reply to win å£100 weekly! What professional sport does Tiger Woods play? Send STOP to 87239 to end service,,,,1,reply win weekly professional sport tiger woods play send stop end service
ham,"I'm there and I can see you, but you can't see me ? Maybe you should reboot ym ? I seen the buzz",,,,0,see see maybe reboot ym seen buzz
ham,Do you still have the grinder?,,,,0,still grinder
spam,No 1 POLYPHONIC tone 4 ur mob every week! Just txt PT2 to 87575. 1st Tone FREE ! so get txtin now and tell ur friends. 150p/tone. 16 reply HL 4info,,,,1,polyphonic tone ur mob every week txt pt st tone free get txtin tell ur friends p tone reply hl info
ham,K.i did't see you.:)k:)where are you now?,,,,0,k see k
ham,So i'm doing a list of buyers.,,,,0,list buyers
ham,"No idea, I guess we'll work that out an hour after we're supposed to leave since as usual nobody has any interest in figuring shit out before the last second",,,,0,idea guess work hour supposed leave since usual nobody interest figuring shit last second
ham,Mm not entirely sure i understood that text but hey. Ho. Which weekend?,,,,0,mm entirely sure understood text hey ho weekend
ham,They released vday shirts and when u put it on it makes your bottom half naked instead of those white underwear.,,,,0,released vday shirts u put makes bottom half naked instead white underwear
ham,Don know..he is watching film in computer..,,,,0,know watching film computer
ham,No b4 Thursday,,,,0,b thursday
ham,"Oh, then your phone phoned me but it disconnected",,,,0,oh phone phoned disconnected
ham,Id onluy matters when getting on from offcampus,,,,0,id onluy matters getting offcampus
spam,This message is free. Welcome to the new & improved Sex & Dogging club! To unsubscribe from this service reply STOP. msgs@150p 18+only,,,,1,message free welcome new improved sex dogging club unsubscribe service reply stop msgs p
ham,"Excellent, I'll see what riley's plans are",,,,0,excellent see riley plans
ham,Ew are you one of them?,,,,0,ew one
ham,Also hi wesley how've you been,,,,0,also hi wesley
ham,Ah you see. You have to be in the lingo. I will let you know wot on earth it is when has finished making it!,,,,0,ah see lingo let know wot earth finished making
spam,Update_Now - 12Mths Half Price Orange line rental: 400mins...Call MobileUpd8 on 08000839402 or call2optout=J5Q,,,,1,update mths half price orange line rental mins call mobileupd call optout j q
ham,Imagine Life WITHOUT ME... see.. How fast u are searching me?Don't worry.. l'm always there To disturb U.. Goodnoon..:),,,,0,imagine life without see fast u searching worry l always disturb u goodnoon
ham,"Hm good morning, headache anyone? :-)",,,,0,hm good morning headache anyone
ham,Yeah no probs - last night is obviously catching up with you... Speak soon ,,,,0,yeah probs last night obviously catching speak soon
spam,FREE UNLIMITED HARDCORE PORN direct 2 your mobile Txt PORN to 69200 & get FREE access for 24 hrs then chrgd@50p per day txt Stop 2exit. This msg is free,,,,1,free unlimited hardcore porn direct mobile txt porn get free access hrs chrgd p per day txt stop exit msg free
ham,I might go 2 sch. Yar at e salon now v boring.,,,,0,might go sch yar e salon v boring
ham, &lt;#&gt;  mins but i had to stop somewhere first.,,,,0,lt gt mins stop somewhere first
ham,"&lt;#&gt;  is fast approaching. So, Wish u a very Happy New Year Happy Sankranti Happy republic day Happy Valentines Day Happy Shivratri Happy Ugadi Happy Fools day Happy May Day Happy Independence Day, Happy Friendship,Mother,Father,Teachers,Childrens Day, &amp; HAPPY BIRTHDAY 4 U. Happy Ganesh festival Happy Dasara Happy Diwali Happy Christmas  &lt;#&gt;  Good Mornings Afternoons, Evenings Nights. RememberI AM the first to WISHING U ALL THESE...your's Raj",,,,0,lt gt fast approaching wish u happy new year happy sankranti happy republic day happy valentines day happy shivratri happy ugadi happy fools day happy may day happy independence day happy friendship mother father teachers childrens day amp happy birthday u happy ganesh festival happy dasara happy diwali happy christmas lt gt good mornings afternoons evenings nights rememberi first wishing u raj
ham,One of the joys in lifeis waking up each daywith thoughts that somewhereSomeone cares enough tosend a warm morning greeting.. -,,,,0,one joys lifeis waking daywith thoughts somewheresomeone cares enough tosend warm morning greeting
ham,I didn't get the second half of that message,,,,0,get second half message
ham,Wat time do u wan 2 meet me later?,,,,0,wat time u wan meet later
ham,I thank you so much for all you do with selflessness. I love you plenty.,,,,0,thank much selflessness love plenty
ham,Am in film ill call you later.,,,,0,film ill call later
ham,How dare you change my ring,,,,0,dare change ring
ham,You are a very very very very bad girl. Or lady.,,,,0,bad girl lady
ham,I love ya too but try and budget your money better babe. Gary would freak on me if he knew,,,,0,love ya try budget money better babe gary would freak knew
ham,"What part of \don't initiate\"" don't you understand""",,,,0,part initiate understand
ham,I finished my lunch already. U wake up already?,,,,0,finished lunch already u wake already
ham,You still at the game?,,,,0,still game
ham,You have got tallent but you are wasting.,,,,0,got tallent wasting
ham,What is your record for one night? :),,,,0,record one night
ham,"Also sir, i sent you an email about how to log into the usc payment portal. I.ll send you another message that should explain how things are back home. Have a great weekend.",,,,0,also sir sent email log usc payment portal send another message explain things back home great weekend
ham, gonna let me know cos comes bak from holiday that day.  is coming. Don't4get2text me  number. ,,,,0,gon na let know cos comes bak holiday day coming get text number
ham,Jokin only lar... :-) depends on which phone my father can get lor...,,,,0,jokin lar depends phone father get lor
ham,"Aight, lemme know what's up",,,,0,aight lem know
ham,Get ready for  &lt;#&gt;  inches of pleasure...,,,,0,get ready lt gt inches pleasure
ham,;-) ok. I feel like john lennon.,,,,0,ok feel like john lennon
ham,Cos darren say Ì_ considering mah so i ask Ì_...,,,,0,cos darren say considering mah ask
ham,You are not bothering me but you have to trust my answers. Pls.,,,,0,bothering trust answers pls
ham,One day a crab was running on the sea shore..The waves came n cleared the footprints of the crab.. Crab asked: being my frnd y r u clearing my beautiful footprints? Waves replied: A fox was following ur footprints to catch you! thats y i cleared it off:) frndsship never lets u dwn :-) GUD nyt..,,,,0,one day crab running sea shore waves came n cleared footprints crab crab asked frnd r u clearing beautiful footprints waves replied fox following ur footprints catch thats cleared frndsship never lets u dwn gud nyt
ham,Aight what time you want me to come up?,,,,0,aight time want come
ham,Slaaaaave ! Where are you ? Must I summon you to me all the time now ? Don't you wish to come to me on your own anymore?,,,,0,slaaaaave must summon time wish come anymore
ham,Your bill at 3 is å£33.65 so thats not bad!,,,,0,bill thats bad
ham,Let me know how it changes in the next 6hrs. It can even be appendix but you are out of that age range. However its not impossible. So just chill and let me know in 6hrs,,,,0,let know changes next hrs even appendix age range however impossible chill let know hrs
ham,"Hello, yeah i've just got out of the bath and need to do my hair so i'll come up when i'm done, yeah?",,,,0,hello yeah got bath need hair come done yeah
ham,So how's the weather over there?,,,,0,weather
ham,"Ok. Not much to do here though. H&M Friday, cant wait. Dunno wot the hell im gonna do for another 3 weeks! Become a slob- oh wait, already done that! ",,,,0,ok much though h friday cant wait dunno wot hell im gon na another weeks become slob oh wait already done
ham,Die... Now i have e toot fringe again...,,,,0,die e toot fringe
ham,Lol they don't know about my awesome phone. I could click delete right now if I want.,,,,0,lol know awesome phone could click delete right want
ham,"Awesome question with a cute answer: Someone asked a boy \how is ur life?\"" . . He smiled &amp; answered: . . \""She is fine!\"" Gudnite""",,,,0,awesome question cute answer someone asked boy ur life smiled amp answered fine gudnite
ham,Please leave this topic..sorry for telling that..,,,,0,please leave topic sorry telling
ham,Pls send me the correct name da.,,,,0,pls send correct name da
ham,What happened to our yo date?,,,,0,happened yo date
ham,Webpage s not available!,,,,0,webpage available
ham,Just woke up. Yeesh its late. But I didn't fall asleep til &lt;#&gt; am :/,,,,0,woke yeesh late fall asleep til lt gt
spam,You are now unsubscribed all services. Get tons of sexy babes or hunks straight to your phone! go to http://gotbabes.co.uk. No subscriptions.,,,,1,unsubscribed services get tons sexy babes hunks straight phone go http gotbabes co uk subscriptions
ham,"Dear all, as we know  &lt;#&gt; th is the  &lt;#&gt; th birthday of our loving Gopalettan. We are planning to give a small gift on that day. Those who like to participate in that you are welcome. Please contact our admin team for more details",,,,0,dear know lt gt th lt gt th birthday loving gopalettan planning give small gift day like participate welcome please contact admin team details
ham,K..k...from tomorrow onwards started ah?,,,,0,k k tomorrow onwards started ah
ham,What u talking bout early morning? It's almost noon where your at!,,,,0,u talking bout early morning almost noon
ham,Fine. Do you remember me.,,,,0,fine remember
spam,"Hi babe its Jordan, how r u? Im home from abroad and lonely, text me back if u wanna chat xxSP visionsms.com Text stop to stopCost 150p 08712400603",,,,1,hi babe jordan r u im home abroad lonely text back u wan na chat xxsp visionsms com text stop stopcost p
ham,Ok. How many should i buy.,,,,0,ok many buy
ham,"Sounds good, keep me posted",,,,0,sounds good keep posted
spam,Get a brand new mobile phone by being an agent of The Mob! Plus loads more goodies! For more info just text MAT to 87021.,,,,1,get brand new mobile phone agent mob plus loads goodies info text mat
ham,Ok. So april. Cant wait,,,,0,ok april cant wait
ham,Boy you best get yo ass out here quick,,,,0,boy best get yo ass quick
ham,Ay wana meet on sat?Ì_ wkg on sat?,,,,0,ay wana meet sat wkg sat
ham,I'm now but have to wait till 2 for the bus to pick me.,,,,0,wait till bus pick
ham,Apart from the one i told you about yesterday?,,,,0,apart one told yesterday
ham,Ok lor... But buy wat?,,,,0,ok lor buy wat
ham,Somebody should go to andros and steal ice,,,,0,somebody go andros steal ice
ham,Don know. I did't msg him recently.,,,,0,know msg recently
ham,Take us out shopping and Mark will distract Isaiah.=D,,,,0,take us shopping mark distract isaiah
ham,"Mum, hope you are having a great day. Hoping this text meets you well and full of life. Have a great day. Abiola",,,,0,mum hope great day hoping text meets well full life great day abiola
ham,There is no sense in my foot and penis.,,,,0,sense foot penis
ham,Okay but i thought you were the expert,,,,0,okay thought expert
ham,*deep sigh* ... I miss you :-( ... I am really surprised you haven't gone to the net cafe yet to get to me ... Don't you miss me?,,,,0,deep sigh miss really surprised gone net cafe yet get miss
ham,S.s:)i thinl role is like sachin.just standing. Others have to hit.,,,,0,thinl role like sachin standing others hit
ham,Have a great trip to India. And bring the light to everyone not just with the project but with everyone that is lucky to see you smile. Bye. Abiola,,,,0,great trip india bring light everyone project everyone lucky see smile bye abiola
ham,"And very importantly, all we discuss is between u and i only.",,,,0,importantly discuss u
ham,K..k:)how about your training process?,,,,0,k k training process
ham,Ok lor. I ned 2 go toa payoh 4 a while 2 return smth u wan 2 send me there or wat?,,,,0,ok lor ned go toa payoh return smth u wan send wat
ham,In da car park ,,,,0,da car park
ham,I wish that I was with you. Holding you tightly. Making you see how important you are. How much you mean to me ... How much I need you ... In my life ...,,,,0,wish holding tightly making see important much mean much need life
ham,So i asked how's anthony. Dad. And your bf,,,,0,asked anthony dad bf
ham,"'Wnevr i wana fal in luv vth my books, My bed fals in luv vth me..!'' . Yen madodu, nav pretsorginta, nammanna pretsovru important alwa....!!:) Gud eveB-).",,,,0,wnevr wana fal luv vth books bed fals luv vth yen madodu nav pretsorginta nammanna pretsovru important alwa gud eveb
ham,Am going to take bath ill place the key in window:-),,,,0,going take bath ill place key window
spam,LORD OF THE RINGS:RETURN OF THE KING in store NOW!REPLY LOTR by 2 June 4 Chance 2 WIN LOTR soundtrack CDs StdTxtRate. Reply STOP to end txts,,,,1,lord rings return king store reply lotr june chance win lotr soundtrack cds stdtxtrate reply stop end txts
ham,"Dear, take care. I am just reaching home.love u a lot.",,,,0,dear take care reaching home love u lot
ham,staff.science.nus.edu.sg/~phyhcmk/teaching/pc1323,,,,0,staff science nus edu sg phyhcmk teaching pc
ham,Have you emigrated or something? Ok maybe 5.30 was a bit hopeful...,,,,0,emigrated something ok maybe bit hopeful
ham,Olol i printed out a forum post by a guy with the exact same  prob which was fixed with a gpu replacement. Hopefully they dont ignore that.,,,,0,olol printed forum post guy exact prob fixed gpu replacement hopefully dont ignore
ham,We walked from my moms. Right on stagwood pass right on winterstone left on victors hill. Address is &lt;#&gt;,,,,0,walked moms right stagwood pass right winterstone left victors hill address lt gt
ham,"Yo, you at jp and hungry like a mofo?",,,,0,yo jp hungry like mofo
ham,This is all just creepy and crazy to me.,,,,0,creepy crazy
ham,Ok... I din get ur msg...,,,,0,ok din get ur msg
ham,Pathaya enketa maraikara pa',,,,0,pathaya enketa maraikara pa
ham,Even if he my friend he is a priest call him now,,,,0,even friend priest call
ham,"U so lousy, run already come back then half dead... Hee...",,,,0,u lousy run already come back half dead hee
ham,That's y i said it's bad dat all e gals know u... Wat u doing now?,,,,0,said bad dat e gals know u wat u
ham,Or remind me in a few hrs.,,,,0,remind hrs
ham,"I had been hoping i would not have to send you this message. My rent is due and i dont have enough for it. My reserves are completely gone. Its a loan i need and was hoping you could her. The balance is  &lt;#&gt; . Is there a way i could get that from you, till mid march when i hope to pay back.",,,,0,hoping would send message rent due dont enough reserves completely gone loan need hoping could balance lt gt way could get till mid march hope pay back
ham,Hi. Happy New Year. I dont mean to intrude but can you pls let me know how much tuition you paid last semester and how much this semester is. Thanks,,,,0,hi happy new year dont mean intrude pls let know much tuition paid last semester much semester thanks
ham,Hello hun how ru? Its here by the way. Im good. Been on 2 dates with that guy i met in walkabout so far. We have to meet up soon. Hows everyone else?,,,,0,hello hun ru way im good dates guy met walkabout far meet soon hows everyone else
ham,Lol I was gonna last month. I cashed some in but I left &lt;#&gt; just in case. I was collecting more during the week cause they announced it on the blog.,,,,0,lol gon na last month cashed left lt gt case collecting week cause announced blog
spam,Good Luck! Draw takes place 28th Feb 06. Good Luck! For removal send STOP to 87239 customer services 08708034412,,,,1,good luck draw takes place th feb good luck removal send stop customer services
ham,Short But Cute : \ Be a good person ," but dont try to prove\"" ..... Gud mrng...""",,,0,short cute good person
ham,Just haven't decided where yet eh ?,,,,0,decided yet eh
ham,"Wat time liao, where still got.",,,,0,wat time liao still got
ham,Yes watching footie but worried we're going to blow it - Phil Neville?,,,,0,yes watching footie worried going blow phil neville
ham,I wait 4 Ì_ inside da car park...,,,,0,wait inside da car park
ham,Uncle Abbey! Happy New Year. Abiola,,,,0,uncle abbey happy new year abiola
ham,Now am free call me pa.,,,,0,free call pa
ham,R u saying i should re order the slippers cos i had to pay for returning it.,,,,0,r u saying order slippers cos pay returning
ham,Stop knowing me so well!,,,,0,stop knowing well
ham,Good evening! this is roger. How are you?,,,,0,good evening roger
ham,Small problem in auction:)punj now asking tiwary,,,,0,small problem auction punj asking tiwary
ham,He telling not to tell any one. If so treat for me hi hi hi,,,,0,telling tell one treat hi hi hi
spam,1st wk FREE! Gr8 tones str8 2 u each wk. Txt NOKIA ON to 8007 for Classic Nokia tones or HIT ON to 8007 for Polys. Nokia/150p Poly/200p 16+,,,,1,st wk free gr tones str u wk txt nokia classic nokia tones hit polys nokia p poly p
ham,U coming 2 pick me?,,,,0,u coming pick
ham,Thats cool. i liked your photos. You are very sexy!,,,,0,thats cool liked photos sexy
ham,would u fuckin believe it they didnt know i had thurs pre booked off so they re cancelled me AGAIN! that needs to b sacked,,,,0,would u fuckin believe didnt know thurs pre booked cancelled needs b sacked
ham,"Haha better late than ever, any way I could swing by?",,,,0,haha better late ever way could swing
ham,Ok. But i finish at 6.,,,,0,ok finish
spam,"LookAtMe!: Thanks for your purchase of a video clip from LookAtMe!, you've been charged 35p. Think you can do better? Why not send a video in a MMSto 32323.",,,,1,lookatme thanks purchase video clip lookatme charged p think better send video mmsto
ham,I've been barred from all B and Q stores for life!?This twat in orange dungerees came up to me and asked if I wanted decking? So I got the first punch in!!,,,,0,barred b q stores life twat orange dungerees came asked wanted decking got first punch
ham,So no messages. Had food?,,,,0,messages food
ham,Ok going to sleep. Hope i can meet her.,,,,0,ok going sleep hope meet
ham,Can you let me know details of fri when u find out cos I'm not in tom or fri. mentionned chinese. Thanks,,,,0,let know details fri u find cos tom fri mentionned chinese thanks
ham,You're right I have now that I think about it,,,,0,right think
ham,Wat r u doing now?,,,,0,wat r u
ham,Is ur lecture over?,,,,0,ur lecture
spam,sexy sexy cum and text me im wet and warm and ready for some porn! u up for some fun? THIS MSG IS FREE RECD MSGS 150P INC VAT 2 CANCEL TEXT STOP,,,,1,sexy sexy cum text im wet warm ready porn u fun msg free recd msgs p inc vat cancel text stop
ham,Customer place i will call you,,,,0,customer place call
ham,Not planned yet :)going to join company on jan 5 only.don know what will happen after that.,,,,0,planned yet going join company jan know happen
ham,Boy; I love u Grl: Hogolo Boy: gold chain kodstini Grl: Agalla Boy: necklace madstini Grl: agalla Boy: Hogli 1 mutai eerulli kodthini! Grl: I love U kano;-),,,,0,boy love u grl hogolo boy gold chain kodstini grl agalla boy necklace madstini grl agalla boy hogli mutai eerulli kodthini grl love u kano
ham,"Haha I heard that, text me when you're around",,,,0,haha heard text around
ham,I.ll get there tomorrow and send it to you,,,,0,get tomorrow send
ham,\SHIT BABE.. THASA BIT MESSED UP.YEH, SHE SHUDVETOLD U. DID URGRAN KNOW?NEWAY," ILLSPEAK 2 U2MORO WEN IM NOT ASLEEP...\""""",,0,shit babe thasa bit messed yeh
ham,Oh thats late! Well have a good night and i will give u a call tomorrow. Iam now going to go to sleep night night,,,,0,oh thats late well good night give u call tomorrow iam going go sleep night night
ham,"\CHEERS U TEX MECAUSE U WEREBORED! YEAH OKDEN HUNNY R UIN WK SAT?SOUNDåÕS LIKEYOUR HAVIN GR8FUN J! KEEP UPDAT COUNTINLOTS OF LOVEME XXXXX.\""""",,,,0,cheers u tex mecause u werebored yeah okden hunny r uin wk sat sound likeyour havin gr fun j keep updat countinlots loveme xxxxx
ham,"Sorry,  in meeting I'll call you later",,,,0,sorry meeting call later
ham,Yo! Howz u? girls never rang after india. L,,,,0,yo howz u girls never rang india l
ham,Yeah but which is worse for i,,,,0,yeah worse
ham,I tagged MY friends that you seemed to count as YOUR friends.,,,,0,tagged friends seemed count friends
ham,Long time. You remember me today.,,,,0,long time remember today
ham,Havent shopping now lor i juz arrive only,,,,0,havent shopping lor juz arrive
ham,Thank u. IT BETTER WORK OUT CAUSE I WILL FEEL USED OTHERWISE,,,,0,thank u better work cause feel used otherwise
ham,Are you up for the challenge? I know i am :),,,,0,challenge know
ham,How much did ur hdd casing cost.,,,,0,much ur hdd casing cost
ham,Mystery solved! Just opened my email and he's sent me another batch! Isn't he a sweetie,,,,0,mystery solved opened email sent another batch sweetie
ham,I can't describe how lucky you are that I'm actually awake by noon,,,,0,describe lucky actually awake noon
spam,This is the 2nd time we have tried to contact u. U have won the å£1450 prize to claim just call 09053750005 b4 310303. T&Cs/stop SMS 08718725756. 140ppm,,,,1,nd time tried contact u u prize claim call b cs stop sms ppm
ham,Cheers for the card ... Is it that time of year already?,,,,0,cheers card time year already
ham,Ugh hopefully the asus ppl dont randomly do a reformat.,,,,0,ugh hopefully asus ppl dont randomly reformat
ham,"Haven't seen my facebook, huh? Lol!",,,,0,seen facebook huh lol
ham,"Mah b, I'll pick it up tomorrow",,,,0,mah b pick tomorrow
ham,Still otside le..u come 2morrow maga..,,,,0,still otside le u come morrow maga
ham,Do u still have plumbers tape and a wrench we could borrow?,,,,0,u still plumbers tape wrench could borrow
spam,"Dear Voucher Holder, To claim this weeks offer, at you PC please go to http://www.e-tlp.co.uk/reward. Ts&Cs apply.",,,,1,dear voucher holder claim weeks offer pc please go http www e tlp co uk reward ts cs apply
ham,It vl bcum more difficult..,,,,0,vl bcum difficult
ham,Havent still waitin as usual... ÌÏ come back sch oredi?,,,,0,havent still waitin usual come back sch oredi
ham,In meeting da. I will call you,,,,0,meeting da call
ham,K k :-):-) then watch some films.,,,,0,k k watch films
ham,Does cinema plus drink appeal tomo? * Is a fr thriller by director i like on at mac at 8.30.,,,,0,cinema plus drink appeal tomo fr thriller director like mac
ham,There the size of elephant tablets & u shove um up ur ass!!,,,,0,size elephant tablets u shove um ur ass
ham,"So many people seems to be special at first sight, But only very few will remain special to you till your last sight.. Maintain them till life ends.. take cr da",,,,0,many people seems special first sight remain special till last sight maintain till life ends take cr da
ham,"My Parents, My Kidz, My Friends n My Colleagues. All screaming.. SURPRISE !! and I was waiting on the sofa.. ... ..... ' NAKED...!",,,,0,parents kidz friends n colleagues screaming surprise waiting sofa naked
ham,Dunno i juz askin cos i got a card got 20% off 4 a salon called hair sense so i tot it's da one Ì_ cut ur hair. ,,,,0,dunno juz askin cos got card got salon called hair sense tot da one cut ur hair
ham,Good morning pookie pie! Lol hope I didn't wake u up,,,,0,good morning pookie pie lol hope wake u
ham,MAYBE IF YOU WOKE UP BEFORE FUCKING 3 THIS WOULDN'T BE A PROBLEM.,,,,0,maybe woke fucking problem
ham,Happy birthday to you....dear.with lots of love.rakhesh NRI,,,,0,happy birthday dear lots love rakhesh nri
spam,"This is the 2nd time we have tried 2 contact u. U have won the 750 Pound prize. 2 claim is easy, call 08712101358 NOW! Only 10p per min. BT-national-rate",,,,1,nd time tried contact u u pound prize claim easy call p per min bt national rate
ham,X2  &lt;#&gt; . Are you going to get that,,,,0,x lt gt going get
ham,Hi neva worry bout da truth coz the truth will lead me 2 ur heart. ItåÕs the least a unique person like u deserve. Sleep tight or morning,,,,0,hi neva worry bout da truth coz truth lead ur heart least unique person like u deserve sleep tight morning
spam,UR awarded a City Break and could WIN a å£200 Summer Shopping spree every WK. Txt STORE to 88039.SkilGme.TsCs087147403231Winawk!Age16+å£1.50perWKsub,,,,1,ur awarded city break could win summer shopping spree every wk txt store skilgme tscs winawk age perwksub
ham,Is ur paper today in e morn or aft?,,,,0,ur paper today e morn aft
ham,I will lick up every drop :) are you ready to use your mouth as well?,,,,0,lick every drop ready use mouth well
ham,And you! Will expect you whenever you text! Hope all goes well tomo ,,,,0,expect whenever text hope goes well tomo
ham,Great. P diddy is my neighbor and comes for toothpaste every morning,,,,0,great p diddy neighbor comes toothpaste every morning
ham,"I av a new number,  . Wil u only use this one,ta.",,,,0,av new number wil u use one ta
ham,So its to be poking man everyday that they teach you in canada abi! How are you. Just saying hi.,,,,0,poking man everyday teach canada abi saying hi
ham,7 lor... Change 2 suntec... Wat time u coming?,,,,0,lor change suntec wat time u coming
ham,No de.am seeing in online shop so that i asked.,,,,0,de seeing online shop asked
ham,Just curious because my cuz asked what I was up to,,,,0,curious cuz asked
ham,Okay lor... Wah... like that def they wont let us go... Haha... What did they say in the terms and conditions?,,,,0,okay lor wah like def wont let us go haha say terms conditions
ham,Haha... Yup hopefully  we will lose a few kg by mon. after hip hop can go orchard and weigh again,,,,0,haha yup hopefully lose kg mon hip hop go orchard weigh
ham,She's good. How are you. Where r u working now,,,,0,good r u working
ham,"Oh, yes, I've just been a little under the weather so i've kind of been coccooning at home",,,,0,oh yes little weather kind coccooning home
ham,At home also.,,,,0,home also
ham,This phone has the weirdest auto correct.,,,,0,phone weirdest auto correct
ham,Oops my phone died and I didn't even know. Yeah I like it better.,,,,0,oops phone died even know yeah like better
ham,Havent mus ask if u can 1st wat. Of meet 4 lunch den u n him meet can already lor. Or u wan 2 go ask da ge 1st then confirm w me asap?,,,,0,havent mus ask u st wat meet lunch den u n meet already lor u wan go ask da ge st confirm w asap
ham,"She said,'' do u mind if I go into the bedroom for a minute ? '' ''OK'', I sed in a sexy mood. She came out 5 minuts latr wid a cake...n My Wife,",,,,0,said u mind go bedroom minute ok sed sexy mood came minuts latr wid cake n wife
ham,"OH YEAH,AND HAV A GREAT TIME IN NEWQUAY-SEND ME A POSTCARD !1 LOOK AFTER ALL THE GIRLS WHILE IM GONE(U KNOW THE 1IM TALKIN BOUT!)xx",,,,0,oh yeah hav great time newquay send postcard look girls im gone u know im talkin bout xx
ham,We got a divorce. Lol. She.s here,,,,0,got divorce lol
ham,What's ur pin?,,,,0,ur pin
ham,"Babe, have you got enough money to pick up bread and milk ? And I'll give you it back when you get home ?",,,,0,babe got enough money pick bread milk give back get home
ham,I want snow. It's just freezing and windy.,,,,0,want snow freezing windy
spam,URGENT! We are trying to contact U. Todays draw shows that you have won a å£2000 prize GUARANTEED. Call 09066358361 from land line. Claim Y87. Valid 12hrs only,,,,1,urgent trying contact u todays draw shows prize guaranteed call land line claim valid hrs
ham,Come to mahal bus stop.. &lt;DECIMAL&gt;,,,,0,come mahal bus stop lt decimal gt
ham,Don know:)this week i'm going to tirunelvai da.,,,,0,know week going tirunelvai da
ham,Me too baby! I promise to treat you well! I bet you will take good care of me...,,,,0,baby promise treat well bet take good care
ham,Its like that hotel dusk game i think. You solve puzzles in a area thing,,,,0,like hotel dusk game think solve puzzles area thing
spam,"Thanks for your ringtone order, reference number X29. Your mobile will be charged 4.50. Should your tone not arrive please call customer services 09065989180",,,,1,thanks ringtone order reference number x mobile charged tone arrive please call customer services
ham,"Hi, my love! How goes that day? Fuck, this morning I woke and dropped my cell on the way down the stairs but it seems alright ... *phews* I miss you !",,,,0,hi love goes day fuck morning woke dropped cell way stairs seems alright phews miss
ham,Well that must be a pain to catch,,,,0,well must pain catch
ham,Sorry da thangam.it's my mistake.,,,,0,sorry da thangam mistake
ham,I need... Coz i never go before ,,,,0,need coz never go
ham,"Rose for red,red for blood,blood for heart,heart for u. But u for me.... Send tis to all ur friends.. Including me.. If u like me.. If u get back, 1-u r poor in relation! 2-u need some 1 to support 3-u r frnd 2 many 4-some1 luvs u 5+- some1 is praying god to marry u.:-) try it....",,,,0,rose red red blood blood heart heart u u send tis ur friends including u like u get back u r poor relation u need support u r frnd many luvs u praying god marry u try
spam,Ur cash-balance is currently 500 pounds - to maximize ur cash-in now send COLLECT to 83600 only 150p/msg. CC: 08718720201 PO BOX 114/14 TCR/W1,,,,1,ur cash balance currently pounds maximize ur cash send collect p msg cc po box tcr w
ham,"I feel like a dick because I keep sleeping through your texts and facebook messages. Sup, you in town?",,,,0,feel like dick keep sleeping texts facebook messages sup town
ham,No plm i will come da. On the way.,,,,0,plm come da way
ham,Guess he wants alone time. We could just show up and watch when they do..,,,,0,guess wants alone time could show watch
ham,Height of recycling: Read twice- People spend time for earning money and the same money is spent for spending time!;-) Good morning.. keep smiling:-),,,,0,height recycling read twice people spend time earning money money spent spending time good morning keep smiling
ham,Yup Ì_ not comin :-(,,,,0,yup comin
ham,"Yes, princess. Toledo.",,,,0,yes princess toledo
ham,"Aight text me when you're back at mu and I'll swing by, need somebody to get the door for me",,,,0,aight text back mu swing need somebody get door
ham,Ron say fri leh. N he said ding tai feng cant make reservations. But he said wait lor.,,,,0,ron say fri leh n said ding tai feng cant make reservations said wait lor
ham,Good. No swimsuit allowed :),,,,0,good swimsuit allowed
ham,Am okay. Will soon be over. All the best,,,,0,okay soon best
ham,A cute thought for friendship: \Its not necessary to share every secret with ur close Frnd," but watever u shared should be true\""....""",,,0,cute thought friendship necessary share every secret ur close frnd
ham,Ok i've sent u da latest version of da project.,,,,0,ok sent u da latest version da project
ham,Pls accept me for one day. Or am begging you change the number.,,,,0,pls accept one day begging change number
ham,Squeeeeeze!! This is christmas hug.. If u lik my frndshp den hug me back.. If u get 3 u r cute:) 6 u r luvd:* 9 u r so lucky;) None? People hate u:,,,,0,squeeeeeze christmas hug u lik frndshp den hug back u get u r cute u r luvd u r lucky none people hate u
ham,"Its ok, if anybody asks abt me, u tel them..:-P",,,,0,ok anybody asks abt u tel p
ham,"Funny fact Nobody teaches volcanoes 2 erupt, tsunamis 2 arise, hurricanes 2 sway aroundn no 1 teaches hw 2 choose a wife Natural disasters just happens",,,,0,funny fact nobody teaches volcanoes erupt tsunamis arise hurricanes sway aroundn teaches hw choose wife natural disasters happens
ham,* You gonna ring this weekend or wot?,,,,0,gon na ring weekend wot
ham,Also track down any lighters you can find,,,,0,also track lighters find
ham,"Babe, I need your advice",,,,0,babe need advice
ham,"IÛ÷ll leave around four, ok?",,,,0,leave around four ok
ham,Come to medical college at 7pm ......forward it da,,,,0,come medical college pm forward da
ham,K:)k..its good:)when are you going?,,,,0,k k good going
ham,I can make lasagna for you... vodka...,,,,0,make lasagna vodka
ham,HI ITS KATE CAN U GIVE ME A RING ASAP XXX,,,,0,hi kate u give ring asap xxx
ham,Who were those people ? Were you in a tour ? I thought you were doing that sofa thing you sent me ? Your curious sugar,,,,0,people tour thought sofa thing sent curious sugar
ham,"No, but you told me you were going, before you got drunk!",,,,0,told going got drunk
ham,He fucking chickened out. He messaged me he would be late and woould buzz me and then I didn't hear a word from him,,,,0,fucking chickened messaged would late woould buzz hear word
spam,"Congratulations! Thanks to a good friend U have WON the å£2,000 Xmas prize. 2 claim is easy, just call 08718726978 NOW! Only 10p per minute. BT-national-rate",,,,1,congratulations thanks good friend u xmas prize claim easy call p per minute bt national rate
ham,I'm always looking for an excuse to be in the city.,,,,0,always looking excuse city
ham,Yup i'm still having coffee wif my frens... My fren drove she'll give me a lift...,,,,0,yup still coffee wif frens fren drove give lift
ham,O shore are you takin the bus,,,,0,shore takin bus
ham,So u gonna get deus ex?,,,,0,u gon na get deus ex
ham,I will send them to your email. Do you mind  &lt;#&gt;  times per night?,,,,0,send email mind lt gt times per night
spam,"44 7732584351, Do you want a New Nokia 3510i colour phone DeliveredTomorrow? With 300 free minutes to any mobile + 100 free texts + Free Camcorder reply or call 08000930705.",,,,1,want new nokia colour phone deliveredtomorrow free minutes mobile free texts free camcorder reply call
ham,tap & spile at seven. * Is that pub on gas st off broad st by canal. Ok?,,,,0,tap spile seven pub gas st broad st canal ok
ham,Ok then i come n pick u at engin?,,,,0,ok come n pick u engin
ham,Which is why i never wanted to tell you any of this. Which is why i'm so short with you and on-edge as of late.,,,,0,never wanted tell short edge late
ham,Raviyog Peripherals bhayandar east,,,,0,raviyog peripherals bhayandar east
ham,K actually can you guys meet me at the sunoco on howard? It should be right on the way,,,,0,k actually guys meet sunoco howard right way
ham,"MOON has come to color your dreams, STARS to make them musical and my SMS to give you warm and Peaceful Sleep. Good Night",,,,0,moon come color dreams stars make musical sms give warm peaceful sleep good night
ham,Just finished eating. Got u a plate. NOT leftovers this time.,,,,0,finished eating got u plate leftovers time
ham,Thanx a lot...,,,,0,thanx lot
ham,Hurry home u big butt. Hang up on your last caller if u have to. Food is done and I'm starving. Don't ask what I cooked.,,,,0,hurry home u big butt hang last caller u food done starving ask cooked
ham,Lol your right. What diet? Everyday I cheat anyway. I'm meant to be a fatty :(,,,,0,lol right diet everyday cheat anyway meant fatty
ham,Its a great day. Do have yourself a beautiful one.,,,,0,great day beautiful one
ham,What happened in interview?,,,,0,happened interview
ham,Badrith is only for chennai:)i will surely pick for us:)no competition for him.,,,,0,badrith chennai surely pick us competition
ham,I tot it's my group mate... Lucky i havent reply... Wat time do Ì_ need to leave... ,,,,0,tot group mate lucky havent reply wat time need leave
ham,Hey you around? I've got enough for a half + the ten I owe you,,,,0,hey around got enough half ten owe
ham,Hey tmr maybe can meet you at yck,,,,0,hey tmr maybe meet yck
ham,ALRITE SAM ITS NIC JUST CHECKIN THAT THIS IS UR NUMBER-SO IS IT?T.B*,,,,0,alrite sam nic checkin ur number b
ham,They are just making it easy to pay back. I have  &lt;#&gt; yrs to say but i can pay back earlier. You get?,,,,0,making easy pay back lt gt yrs say pay back earlier get
ham,Not to worry. I'm sure you'll get it.,,,,0,worry sure get
ham,"The gas station is like a block away from my house, you'll drive right by it since armenia ends at swann and you have to take howard",,,,0,gas station like block away house drive right since armenia ends swann take howard
spam,"Someone U know has asked our dating service 2 contact you! Cant Guess who? CALL 09058097189 NOW all will be revealed. POBox 6, LS15HB 150p ",,,,1,someone u know asked dating service contact cant guess call revealed pobox ls hb p
spam,Camera - You are awarded a SiPix Digital Camera! call 09061221066 fromm landline. Delivery within 28 days,,,,1,camera awarded sipix digital camera call fromm landline delivery within days
ham,My tuition is at 330. Hm we go for the 1120 to 1205 one? Do you mind?,,,,0,tuition hm go one mind
ham,"I'm not smoking while people use \wylie smokes too much\"" to justify ruining my shit""",,,,0,smoking people use wylie smokes much justify ruining shit
ham,Dear good morning how you feeling dear,,,,0,dear good morning feeling dear
ham,A little. Meds say take once every 8 hours. It's only been 5 but pain is back. So I took another. Hope I don't die,,,,0,little meds say take every hours pain back took another hope die
ham,"Beautiful tomorrow never comes.. When it comes, it's already TODAY.. In the hunt of beautiful tomorrow don't waste your wonderful TODAY.. GOODMORNING:)",,,,0,beautiful tomorrow never comes comes already today hunt beautiful tomorrow waste wonderful today goodmorning
ham,Dunno lei Ì_ all decide lor. How abt leona? Oops i tot ben is going n i msg him.,,,,0,dunno lei decide lor abt leona oops tot ben going n msg
ham,Hi there. We have now moved in2 our pub . Would be great 2 c u if u cud come up.,,,,0,hi moved pub would great c u u cud come
spam,Todays Voda numbers ending 5226 are selected to receive a ?350 award. If you hava a match please call 08712300220 quoting claim code 1131 standard rates app ,,,,1,todays voda numbers ending selected receive award hava match please call quoting claim code standard rates app
spam,This message is free. Welcome to the new & improved Sex & Dogging club! To unsubscribe from this service reply STOP. msgs@150p 18 only,,,,1,message free welcome new improved sex dogging club unsubscribe service reply stop msgs p
ham,Just do what ever is easier for you,,,,0,ever easier
spam,RCT' THNQ Adrian for U text. Rgds Vatian,,,,1,rct thnq adrian u text rgds vatian
ham,Stop calling everyone saying I might have cancer. My throat hurts to talk. I can't be answering everyones calls. If I get one more call I'm not babysitting on Monday,,,,0,stop calling everyone saying might cancer throat hurts talk answering everyones calls get one call babysitting monday
ham,"It'll be tough, but I'll do what I have to",,,,0,tough
ham,IM GONNAMISSU SO MUCH!!I WOULD SAY IL SEND U A POSTCARD BUTTHERES ABOUTAS MUCH CHANCE OF MEREMEMBERIN ASTHERE IS OFSI NOT BREAKIN HIS CONTRACT!! LUV Yaxx,,,,0,im gonnamissu much would say il send u postcard buttheres aboutas much chance merememberin asthere ofsi breakin contract luv yaxx
ham,Ee msg na poortiyagi odalebeku: Hanumanji 7 name 1-Hanuman 2-Bajarangabali 3-Maruti 4-Pavanaputra 5-Sankatmochan 6-Ramaduth 7-Mahaveer ee 7 name  &lt;#&gt;  janarige ivatte kalisidare next saturday olage ondu good news keluviri...! Maretare inde 1 dodda problum nalli siguviri idu matra  &lt;#&gt; % true.. Don't neglet.,,,,0,ee msg na poortiyagi odalebeku hanumanji name hanuman bajarangabali maruti pavanaputra sankatmochan ramaduth mahaveer ee name lt gt janarige ivatte kalisidare next saturday olage ondu good news keluviri maretare inde dodda problum nalli siguviri idu matra lt gt true neglet
ham,HI DARLIN I FINISH AT 3 DO U 1 2 PICK ME UP OR MEET ME? TEXT BACK ON THIS NUMBER LUV KATE XXX,,,,0,hi darlin finish u pick meet text back number luv kate xxx
ham,"Set a place for me in your heart and not in your mind, as the mind easily forgets but the heart will always remember. Wish you Happy Valentines Day!",,,,0,set place heart mind mind easily forgets heart always remember wish happy valentines day
ham,But i'm surprised she still can guess right lor...,,,,0,surprised still guess right lor
ham,Okie Ì_ wan meet at bishan? Cos me at bishan now. I'm not driving today.,,,,0,okie wan meet bishan cos bishan driving today
ham,HI DARLIN HOW WAS WORK DID U GET INTO TROUBLE? IJUST TALKED TO YOUR MUM ALL MORNING! I HAD A REALLY GOOD TIME LAST NIGHT IM GOIN OUT SOON BUT CALL ME IF U CAN,,,,0,hi darlin work u get trouble ijust talked mum morning really good time last night im goin soon call u
ham,I know you are serving. I mean what are you doing now.,,,,0,know serving mean
ham,"Huh... Hyde park not in mel ah, opps, got confused... Anyway, if tt's e best choice den we juz have to take it...",,,,0,huh hyde park mel ah opps got confused anyway tt e best choice den juz take
ham,Oh gei. That happend to me in tron. Maybe ill dl it in 3d when its out,,,,0,oh gei happend tron maybe ill dl
ham,I know girls always safe and selfish know i got it pa. Thank you. good night.,,,,0,know girls always safe selfish know got pa thank good night
ham,"No worries, hope photo shoot went well. have a spiffing fun at workage. ",,,,0,worries hope photo shoot went well spiffing fun workage
ham,I'm freezing and craving ice. Fml,,,,0,freezing craving ice fml
ham,Kay... Since we are out already ,,,,0,kay since already
ham,Eh sorry leh... I din c ur msg. Not sad already lar. Me watching tv now. U still in office?,,,,0,eh sorry leh din c ur msg sad already lar watching tv u still office
ham,Yo im right by yo work,,,,0,yo im right yo work
ham,Ok darlin i supose it was ok i just worry too much.i have to do some film stuff my mate and then have to babysit again! But you can call me there.xx,,,,0,ok darlin supose ok worry much film stuff mate babysit call xx
ham,I don wake since. I checked that stuff and saw that its true no available spaces. Pls call the embassy or send a mail to them.,,,,0,wake since checked stuff saw true available spaces pls call embassy send mail
ham,Nope... Juz off from work...,,,,0,nope juz work
ham,Huh so fast... Dat means u havent finished painting?,,,,0,huh fast dat means u havent finished painting
ham, what number do u live at? Is it 11?,,,,0,number u live
ham,"No we put party 7 days a week and study lightly, I think we need to draw in some custom checkboxes so they know we're hardcore",,,,0,put party days week study lightly think need draw custom checkboxes know hardcore
ham,Sac will score big hundred.he is set batsman:-),,,,0,sac score big hundred set batsman
ham,Send me yetty's number pls.,,,,0,send yetty number pls
ham,How much it will cost approx . Per month.,,,,0,much cost approx per month
ham,Ok... The theory test? when are Ì_ going to book? I think it's on 21 may. Coz thought wanna go out with jiayin. But she isnt free,,,,0,ok theory test going book think may coz thought wan na go jiayin isnt free
spam,"You are being contacted by our dating service by someone you know! To find out who it is, call from a land line 09050000928. PoBox45W2TG150P",,,,1,contacted dating service someone know find call land line pobox w tg p
ham,"That's fine, have him give me a call if he knows what he wants or has any questions",,,,0,fine give call knows wants questions
ham,"Sorry, got a late start, we're on the way",,,,0,sorry got late start way
ham,Then u go back urself lor...,,,,0,u go back urself lor
ham,I AM AT THE GAS STATION. GO THERE.,,,,0,gas station go
ham,"K, if u bored up just come to my home..",,,,0,k u bored come home
ham,Babe !!!! I LOVE YOU !!!! *covers your face in kisses*,,,,0,babe love covers face kisses
ham,"Like I made him throw up when we were smoking in our friend's car one time, it was awesome",,,,0,like made throw smoking friend car one time awesome
ham,Still i have not checked it da. . .,,,,0,still checked da
ham,You will go to walmart. I.ll stay.,,,,0,go walmart stay
ham,"I haven't forgotten you, i might have a couple bucks to send you tomorrow, k? I love ya too",,,,0,forgotten might couple bucks send tomorrow k love ya
ham,Oh great. I.ll disturb him more so that we can talk.,,,,0,oh great disturb talk
ham,Reverse is cheating. That is not mathematics.,,,,0,reverse cheating mathematics
ham,U're welcome... Caught u using broken english again...,,,,0,u welcome caught u using broken english
ham,No problem baby. Is this is a good time to talk? I called and left a message.,,,,0,problem baby good time talk called left message
ham,Oh is it! Which brand?,,,,0,oh brand
ham,Sorry i cant take your call right now. It so happens that there r 2waxsto do wat you want. She can come and ill get her medical insurance. And she'll be able to deliver and have basic care. I'm currently shopping for the right medical insurance for her. So just give me til friday morning. Thats when i.ll see the major person that can guide me to the right insurance.,,,,0,sorry cant take call right happens r waxsto wat want come ill get medical insurance able deliver basic care currently shopping right medical insurance give til friday morning thats see major person guide right insurance
ham,At what time are you coming.,,,,0,time coming
ham,Call him and say you not coming today ok and tell them not to fool me like this ok,,,,0,call say coming today ok tell fool like ok
ham,I emailed yifeng my part oredi.. Can Ì_ get it fr him..,,,,0,emailed yifeng part oredi get fr
ham,R u sure they'll understand that! Wine * good idea just had a slurp!,,,,0,r u sure understand wine good idea slurp
ham,Minimum walk is 3miles a day.,,,,0,minimum walk miles day
ham,Ok not a problem will get them a taxi. C ing  tomorrow and tuesday. On tuesday think we r all going to the cinema. ,,,,0,ok problem get taxi c ing tomorrow tuesday tuesday think r going cinema
ham,"Brainless Baby Doll..:-D;-), vehicle sariyag drive madoke barolla..",,,,0,brainless baby doll vehicle sariyag drive madoke barolla
spam,Sorry I missed your call let's talk when you have the time. I'm on 07090201529,,,,1,sorry missed call let talk time
ham,Please attend the phone:),,,,0,please attend phone
ham,You only hate me. You can call any but you didnt accept even a single call of mine. Or even you messaged,,,,0,hate call didnt accept even single call mine even messaged
ham,No messages on her phone. I'm holding it now,,,,0,messages phone holding
ham,Can... I'm free...,,,,0,free
ham,"Yo my trip got postponed, you still stocked up?",,,,0,yo trip got postponed still stocked
ham,I am waiting for your call sir.,,,,0,waiting call sir
ham,Hey what are you doing. Y no reply pa..,,,,0,hey reply pa
ham,"Hey elaine, is today's meeting still on?",,,,0,hey elaine today meeting still
ham,Sorry i've not gone to that place. I.ll do so tomorrow. Really sorry.,,,,0,sorry gone place tomorrow really sorry
ham,Most of the tiime when i don't let you hug me it's so i don't break into tears.,,,,0,tiime let hug break tears
ham,Tomorrow i am not going to theatre. . . So i can come wherever u call me. . . Tell me where and when to come tomorrow,,,,0,tomorrow going theatre come wherever u call tell come tomorrow
ham,And now electricity just went out fml.,,,,0,electricity went fml
ham,"Looks like you found something to do other than smoke, great job!",,,,0,looks like found something smoke great job
ham,Also andros ice etc etc,,,,0,also andros ice etc etc
ham,:) ,,,,0,
ham,"Good afternon, my love. How are today? I hope your good and maybe have some interviews. I wake and miss you babe. A passionate kiss from across the sea",,,,0,good afternon love today hope good maybe interviews wake miss babe passionate kiss across sea
ham,Yup. Wun believe wat? U really neva c e msg i sent shuhui?,,,,0,yup wun believe wat u really neva c e msg sent shuhui
ham,Hows that watch resizing,,,,0,hows watch resizing
ham,Dear umma she called me now :-),,,,0,dear umma called
ham,Just finished. Missing you plenty,,,,0,finished missing plenty
spam,"complimentary 4 STAR Ibiza Holiday or å£10,000 cash needs your URGENT collection. 09066364349 NOW from Landline not to lose out! Box434SK38WP150PPM18+",,,,1,complimentary star ibiza holiday cash needs urgent collection landline lose box sk wp ppm
ham,"Well, I meant as opposed to my drunken night of before",,,,0,well meant opposed drunken night
ham,K... Must book a not huh? so going for yoga basic on sunday?,,,,0,k must book huh going yoga basic sunday
spam,FREE MSG:We billed your mobile number by mistake from shortcode 83332.Please call 08081263000 to have charges refunded.This call will be free from a BT landline,,,,1,free msg billed mobile number mistake shortcode please call charges refunded call free bt landline
ham,Ok can...,,,,0,ok
ham,"Oops - am at my mum's in somerset... Bit far! Back tomo, see you soon x",,,,0,oops mum somerset bit far back tomo see soon x
ham,So u workin overtime nigpun?,,,,0,u workin overtime nigpun
ham,Same as kallis dismissial in 2nd test:-).,,,,0,kallis dismissial nd test
ham,O. Guess they both got screwd,,,,0,guess got screwd
spam,Please CALL 08712402972 immediately as there is an urgent message waiting for you,,,,1,please call immediately urgent message waiting
ham,What r u cooking me for dinner?,,,,0,r u cooking dinner
ham,Bull. Your plan was to go floating off to IKEA with me without a care in the world. So i have to live with your mess another day.,,,,0,bull plan go floating ikea without care world live mess another day
ham,Then i buy.,,,,0,buy
spam,URGENT! Your Mobile number has been awarded with a å£2000 Bonus Caller Prize. Call 09058095201 from land line. Valid 12hrs only,,,,1,urgent mobile number awarded bonus caller prize call land line valid hrs
ham,Heehee that was so funny tho,,,,0,heehee funny tho
ham,It only does simple arithmetic not percentages.,,,,0,simple arithmetic percentages
ham,"Yeah we wouldn't leave for an hour at least, how's 4 sound?",,,,0,yeah leave hour least sound
ham,Thanks honey. Have a great day.,,,,0,thanks honey great day
ham,"'An Amazing Quote'' - \Sometimes in life its difficult to decide whats wrong!! a lie that brings a smile or the truth that brings a tear....\""""",,,,0,amazing quote sometimes life difficult decide whats wrong lie brings smile truth brings tear
ham,Then Ì_ ask dad to pick Ì_ up lar... ÌÏ wan 2 stay until 6 meh...,,,,0,ask dad pick lar wan stay meh
ham,"Jus chillaxin, what up",,,,0,jus chillaxin
ham,"\HEY DAS COOL... IKNOW ALL 2 WELLDA PERIL OF STUDENTFINANCIAL CRISIS!SPK 2 U L8R.\""""",,,,0,hey das cool iknow wellda peril studentfinancial crisis spk u l r
spam,Do you want a New Nokia 3510i colour phone DeliveredTomorrow? With 300 free minutes to any mobile + 100 free texts + Free Camcorder reply or call 08000930705,,,,1,want new nokia colour phone deliveredtomorrow free minutes mobile free texts free camcorder reply call
ham,"Whats that coming over the hill..... Is it a monster! Hope you have a great day. Things r going fine here, busy though! ",,,,0,whats coming hill monster hope great day things r going fine busy though
ham,Joy's father is John. Then John is the ____ of Joy's father. If u ans ths you hav  &lt;#&gt;  IQ. Tis s IAS question try to answer.,,,,0,joy father john john joy father u ans ths hav lt gt iq tis ias question try answer
ham,Only once then after ill obey all yours.,,,,0,ill obey
ham,No she didnt. I will search online and let you know.,,,,0,didnt search online let know
ham,Where do you need to go to get it?,,,,0,need go get
ham,No pic. Please re-send.,,,,0,pic please send
ham,Uhhhhrmm isnt having tb test bad when youre sick,,,,0,uhhhhrmm isnt tb test bad youre sick
ham,But i haf enuff space got like 4 mb...,,,,0,haf enuff space got like mb
spam,LIFE has never been this much fun and great until you came in. You made it truly special for me. I won't forget you! enjoy @ one gbp/sms,,,,1,life never much fun great came made truly special forget enjoy one gbp sms
spam,Do you want a new Video phone? 600 anytime any network mins 400 Inclusive Video calls AND downloads 5 per week Free delTOMORROW call 08002888812 or reply NOW,,,,1,want new video phone anytime network mins inclusive video calls downloads per week free deltomorrow call reply
spam,"As a valued customer, I am pleased to advise you that following recent review of your Mob No. you are awarded with a å£1500 Bonus Prize, call 09066368470",,,,1,valued customer pleased advise following recent review mob awarded bonus prize call
spam,Welcome! Please reply with your AGE and GENDER to begin. e.g 24M,,,,1,welcome please reply age gender begin e g
spam,Freemsg: 1-month unlimited free calls! Activate SmartCall Txt: CALL to No: 68866. Subscriptn3gbp/wk unlimited calls Help: 08448714184 Stop?txt stop landlineonly,,,,1,freemsg month unlimited free calls activate smartcall txt call subscriptn gbp wk unlimited calls help stop txt stop landlineonly
spam,Had your mobile 10 mths? Update to latest Orange camera/video phones for FREE. Save å£s with Free texts/weekend calls. Text YES for a callback orno to opt out,,,,1,mobile mths update latest orange camera video phones free save free texts weekend calls text yes callback orno opt
spam,Am new 2 club & dont fink we met yet Will B gr8 2 C U Please leave msg 2day wiv ur area 09099726553 reply promised CARLIE x Callså£1/minMobsmore LKPOBOX177HP51FL,,,,1,new club dont fink met yet b gr c u please leave msg day wiv ur area reply promised carlie x calls minmobsmore lkpobox hp fl
ham,True. Its easier with her here.,,,,0,true easier
ham,Sure but since my parents will be working on Tuesday I don't really need a cover story,,,,0,sure since parents working tuesday really need cover story
ham,Haha okay... Today weekend leh... ,,,,0,haha okay today weekend leh
ham,"\Hi darlin did youPhone me? Im atHome if youwanna chat.\""""",,,,0,hi darlin youphone im athome youwanna chat
ham,I don't know jack shit about anything or i'd say/ask something helpful but if you want you can pretend that I did and just text me whatever in response to the hypotheticalhuagauahahuagahyuhagga,,,,0,know jack shit anything say ask something helpful want pretend text whatever response hypotheticalhuagauahahuagahyuhagga
ham,You've always been the brainy one.,,,,0,always brainy one
ham,Yeah if we do have to get a random dude we need to change our info sheets to PARTY  &lt;#&gt; /7 NEVER STUDY just to be safe,,,,0,yeah get random dude need change info sheets party lt gt never study safe
spam,Camera - You are awarded a SiPix Digital Camera! call 09061221066 fromm landline. Delivery within 28 days.,,,,1,camera awarded sipix digital camera call fromm landline delivery within days
ham,"Christmas is An occasion that is Celebrated as a Reflection of UR... Values..., Desires..., Affections...&amp; Traditions.... Have an ideal Christmas...",,,,0,christmas occasion celebrated reflection ur values desires affections amp traditions ideal christmas
ham,Sending you greetings of joy and happiness. Do have a gr8 evening,,,,0,sending greetings joy happiness gr evening
ham,"\Hi darlin i cantdo anythingtomorrow as myparents aretaking me outfor a meal. when are u free? Katexxx\""""",,,,0,hi darlin cantdo anythingtomorrow myparents aretaking outfor meal u free katexxx
ham,If india win or level series means this is record:),,,,0,india win level series means record
ham,Then what about further plan?,,,,0,plan
ham,Its good to hear from you,,,,0,good hear
ham,"awesome, how do I deal with the gate? Charles told me last night but, uh, yeah",,,,0,awesome deal gate charles told last night uh yeah
ham,What time you thinkin of goin?,,,,0,time thinkin goin
spam,Get a FREE mobile video player FREE movie. To collect text GO to 89105. Its free! Extra films can be ordered t's and c's apply. 18 yrs only,,,,1,get free mobile video player free movie collect text go free extra films ordered c apply yrs
spam,Save money on wedding lingerie at www.bridal.petticoatdreams.co.uk Choose from a superb selection with national delivery. Brought to you by WeddingFriend,,,,1,save money wedding lingerie www bridal petticoatdreams co uk choose superb selection national delivery brought weddingfriend
ham,Your board is working fine. The issue of overheating is also reslove. But still software inst is pending. I will come around 8'o clock.,,,,0,board working fine issue overheating also reslove still software inst pending come around clock
ham,Yes but I don't care cause I know its there!,,,,0,yes care cause know
ham,"Mon okie lor... Haha, best is cheap n gd food la, ex oso okie... Depends on whether wana eat western or chinese food... Den which u prefer... ",,,,0,mon okie lor haha best cheap n gd food la ex oso okie depends whether wana eat western chinese food den u prefer
ham,Sitting ard nothing to do lor. U leh busy w work?,,,,0,sitting ard nothing lor u leh busy w work
ham,Its  &lt;#&gt; k here oh. Should i send home for sale.,,,,0,lt gt k oh send home sale
ham,Sorry. || mail? || ,,,,0,sorry mail
ham,Ya just telling abt tht incident..,,,,0,ya telling abt tht incident
ham,Yes we were outside for like 2 hours. And I called my whole family to wake them up cause it started at 1 am,,,,0,yes outside like hours called whole family wake cause started
ham,Ugh just got outta class,,,,0,ugh got outta class
ham,"Nowadays people are notixiquating the laxinorficated opportunity for bambling of entropication.... Have you ever oblisingately opted ur books for the masteriastering amplikater of fidalfication? It is very champlaxigating, i think it is atrocious.. Wotz Ur Opinion???? Junna",,,,0,nowadays people notixiquating laxinorficated opportunity bambling entropication ever oblisingately opted ur books masteriastering amplikater fidalfication champlaxigating think atrocious wotz ur opinion junna
ham,No need lar. Jus testing e phone card. Dunno network not gd i thk. Me waiting 4 my sis 2 finish bathing so i can bathe. Dun disturb u liao u cleaning ur room.,,,,0,need lar jus testing e phone card dunno network gd thk waiting sis finish bathing bathe dun disturb u liao u cleaning ur room
ham,Ok. I.ll do you right later.,,,,0,ok right later
ham,Have your lunch and come quickly and open the door:),,,,0,lunch come quickly open door
spam,Not heard from U4 a while. Call me now am here all night with just my knickers on. Make me beg for it like U did last time 01223585236 XX Luv Nikiyu4.net,,,,1,heard u call night knickers make beg like u last time xx luv nikiyu net
ham,I am back. Bit long cos of accident on a30. Had to divert via wadebridge.I had a brilliant weekend thanks. Speak soon. Lots of love,,,,0,back bit long cos accident divert via wadebridge brilliant weekend thanks speak soon lots love
ham,"K.. I yan jiu liao... Sat we can go 4 bugis vill one frm 10 to 3 den hop to parco 4 nb. Sun can go cine frm 1030 to 2, den hop to orc mrt 4 hip hop at 4...",,,,0,k yan jiu liao sat go bugis vill one frm den hop parco nb sun go cine frm den hop orc mrt hip hop
spam,Bloomberg -Message center +447797706009 Why wait? Apply for your future http://careers. bloomberg.com,,,,1,bloomberg message center wait apply future http careers bloomberg com
ham,i am seeking a lady in the street and a freak in the sheets. Is that you?,,,,0,seeking lady street freak sheets
ham,My phone,,,,0,phone
ham,"Haha figures, well I found the piece and priscilla's bowl",,,,0,haha figures well found piece priscilla bowl
ham,"Actually fuck that, just do whatever, do find an excuse to be in tampa at some point before january though",,,,0,actually fuck whatever find excuse tampa point january though
ham,yay! finally lol. i missed our cinema trip last week :-(,,,,0,yay finally lol missed cinema trip last week
ham,All day working day:)except saturday and sunday..,,,,0,day working day except saturday sunday
ham,Heart is empty without love.. Mind is empty without wisdom.. Eyes r empty without dreams &amp; Life is empty without frnds.. So Alwys Be In Touch. Good night &amp; sweet dreams,,,,0,heart empty without love mind empty without wisdom eyes r empty without dreams amp life empty without frnds alwys touch good night amp sweet dreams
ham,"I think IÛ÷m waiting for the same bus! Inform me when you get there, if you ever get there.",,,,0,think waiting bus inform get ever get
ham,You getting back any time soon?,,,,0,getting back time soon
ham,", how's things? Just a quick question.",,,,0,things quick question
ham,"I can probably come by, everybody's done around  &lt;#&gt;  right?",,,,0,probably come everybody done around lt gt right
ham,I got it before the new year cos yetunde said she wanted to surprise you with it but when i didnt see money i returned it mid january before the  &lt;#&gt; day return period ended.,,,,0,got new year cos yetunde said wanted surprise didnt see money returned mid january lt gt day return period ended
ham,I can ask around but there's not a lot in terms of mids up here,,,,0,ask around lot terms mids
ham,Be sure to check your yahoo email. We sent photos yesterday,,,,0,sure check yahoo email sent photos yesterday
ham,What was she looking for?,,,,0,looking
ham,Wherre's my boytoy ? :-(,,,,0,wherre boytoy
spam,Do you want a NEW video phone750 anytime any network mins 150 text for only five pounds per week call 08000776320 now or reply for delivery tomorrow,,,,1,want new video phone anytime network mins text five pounds per week call reply delivery tomorrow
ham,"Hello, my love! How goes that day ? I wish your well and fine babe and hope that you find some job prospects. I miss you, boytoy ... *a teasing kiss*",,,,0,hello love goes day wish well fine babe hope find job prospects miss boytoy teasing kiss
ham,Tell my  bad character which u Dnt lik in me. I'll try to change in  &lt;#&gt; . I ll add tat 2 my new year resolution. Waiting for ur reply.Be frank...good morning.,,,,0,tell bad character u dnt lik try change lt gt add tat new year resolution waiting ur reply frank good morning
ham,"Yeah, probably earlier than that",,,,0,yeah probably earlier
ham,Change windows logoff sound..,,,,0,change windows logoff sound
ham,I'm also came to room.,,,,0,also came room
ham,Huh but i got lesson at 4 lei n i was thinkin of going to sch earlier n i tot of parkin at kent vale...  ,,,,0,huh got lesson lei n thinkin going sch earlier n tot parkin kent vale
ham,I will reach office around  &lt;DECIMAL&gt; . &amp; my mobile have problem. You cann't get my voice. So call you asa i'll free,,,,0,reach office around lt decimal gt amp mobile problem cann get voice call asa free
ham,"Cool, text me when you head out",,,,0,cool text head
spam,"You are being contacted by our dating service by someone you know! To find out who it is, call from a land line 09050000878. PoBox45W2TG150P",,,,1,contacted dating service someone know find call land line pobox w tg p
spam,"Wan2 win a Meet+Greet with Westlife 4 U or a m8? They are currently on what tour? 1)Unbreakable, 2)Untamed, 3)Unkempt. Text 1,2 or 3 to 83049. Cost 50p +std text",,,,1,wan win meet greet westlife u currently tour unbreakable untamed unkempt text cost p std text
ham,Happy birthday... May u find ur prince charming soon n dun work too hard...,,,,0,happy birthday may u find ur prince charming soon n dun work hard
ham,"Oh, the grand is having a bit of a party but it doesn't mention any cover charge so it's probably first come first served",,,,0,oh grand bit party mention cover charge probably first come first served
ham,You said to me before i went back to bed that you can't sleep for anything.,,,,0,said went back bed sleep anything
ham,I hope you arnt pissed off but id would really like to see you tomorrow. Love me xxxxxxxxxxxxxX,,,,0,hope arnt pissed id would really like see tomorrow love xxxxxxxxxxxxxx
spam,Dorothy@kiefer.com (Bank of Granite issues Strong-Buy) EXPLOSIVE PICK FOR OUR MEMBERS *****UP OVER 300% *********** Nasdaq Symbol CDGT That is a $5.00 per..,,,,1,dorothy kiefer com bank granite issues strong buy explosive pick members nasdaq symbol cdgt per
ham,says the  &lt;#&gt;  year old with a man and money. I'm down to my last  &lt;#&gt; . Still waiting for that check.,,,,0,says lt gt year old man money last lt gt still waiting check
ham,I will come to ur home now,,,,0,come ur home
ham,Free any day but i finish at 6 on mon n thurs...,,,,0,free day finish mon n thurs
ham,Will you be here for food,,,,0,food
ham,"life alle mone,eppolum oru pole allalo",,,,0,life alle mone eppolum oru pole allalo
ham,Nite...,,,,0,nite
ham,Two fundamentals of cool life: \Walk," like you are the KING\""...! OR \""Walk like you Dont care","whoever is the KING\""!... Gud nyt""",,0,two fundamentals cool life walk
ham,"Camera quite good, 10.1mega pixels, 3optical and 5digital dooms. Have a lovely holiday, be safe and i hope you hav a good journey! Happy new year to you both! See you in a couple of weeks! ",,,,0,camera quite good mega pixels optical digital dooms lovely holiday safe hope hav good journey happy new year see couple weeks
ham,Hi Petey!noiåÕm ok just wanted 2 chat coz avent spoken 2 u 4 a long time-hope ur doin alrite.have good nit at js love ya am.x,,,,0,hi petey noi ok wanted chat coz avent spoken u long time hope ur doin alrite good nit js love ya x
ham,I just saw ron burgundy captaining a party boat so yeah,,,,0,saw ron burgundy captaining party boat yeah
ham,I'm serious. You are in the money base,,,,0,serious money base
ham,Already one guy loving you:-.,,,,0,already one guy loving
ham,Staff of placement training in Amrita college.,,,,0,staff placement training amrita college
ham,I always chat with you. In fact i need money can you raise me?,,,,0,always chat fact need money raise
ham,I'm job profile seems like bpo..,,,,0,job profile seems like bpo
ham,"Well, I was about to give up cos they all said no they didnÛ÷t do one nighters. I persevered and found one but it is very cheap so i apologise in advance. It is just somewhere to sleep isnt it?",,,,0,well give cos said one nighters persevered found one cheap apologise advance somewhere sleep isnt
ham,"So you think i should actually talk to him? Not call his boss in the morning? I went to this place last year and he told me where i could go and get my car fixed cheaper. He kept telling me today how much he hoped i would come back in, how he always regretted not getting my number, etc.",,,,0,think actually talk call boss morning went place last year told could go get car fixed cheaper kept telling today much hoped would come back always regretted getting number etc
ham,Are you willing to go for apps class.,,,,0,willing go apps class
ham,Hanging out with my brother and his family,,,,0,hanging brother family
ham,No it will reach by 9 only. She telling she will be there. I dont know,,,,0,reach telling dont know
ham,Hey... are you going to quit soon? Xuhui and i working till end of the month ,,,,0,hey going quit soon xuhui working till end month
ham,"Im sorry bout last nite it wasnåÕt ur fault it was me, spouse it was pmt or sumthin! U 4give me? I think u shldxxxx",,,,0,im sorry bout last nite ur fault spouse pmt sumthin u give think u shldxxxx
ham,Try neva mate!!,,,,0,try neva mate
ham,Yeah that'd pretty much be the best case scenario,,,,0,yeah pretty much best case scenario
ham,I not free today i haf 2 pick my parents up tonite...,,,,0,free today haf pick parents tonite
ham,\HEY BABE! FAR 2 SPUN-OUT 2 SPK AT DA MO... DEAD 2 DA WRLD. BEEN SLEEPING ON DA SOFA ALL DAY, HAD A COOL NYTHO, TX 4 FONIN HON," CALL 2MWEN IM BK FRMCLOUD 9! J X\""""",0,hey babe far spun spk da mo dead da wrld sleeping da sofa day
ham,Should i send you naughty pix? :),,,,0,send naughty pix
spam,"You are a å£1000 winner or Guaranteed Caller Prize, this is our Final attempt to contact you! To Claim Call 09071517866 Now! 150ppmPOBox10183BhamB64XE",,,,1,winner guaranteed caller prize final attempt contact claim call ppmpobox bhamb xe
spam,"Xmas & New Years Eve tickets are now on sale from the club, during the day from 10am till 8pm, and on Thurs, Fri & Sat night this week. They're selling fast!",,,,1,xmas new years eve tickets sale club day till pm thurs fri sat night week selling fast
ham,"Tyler (getting an 8th) has to leave not long after 9, can you get here in like an hour?",,,,0,tyler getting th leave long get like hour
ham,Prepare to be pounded every night...,,,,0,prepare pounded every night
ham,"Actually, my mobile is full of msg. And i m doing a work online, where i need to send them  &lt;#&gt;  sent msg i wil explain u later.",,,,0,actually mobile full msg work online need send lt gt sent msg wil explain u later
ham,Good evening! How are you?,,,,0,good evening
ham,I'm at home. Please call,,,,0,home please call
ham,Oic cos me n my sis got no lunch today my dad went out... So dunno whether 2 eat in sch or wat...,,,,0,oic cos n sis got lunch today dad went dunno whether eat sch wat
ham,"Mmmmm ... It was sooooo good to wake to your words this morning, my Love!! Mmmm fuck ... I love you too, my Lion ... *devouring kiss from across the sea*",,,,0,mmmmm sooooo good wake words morning love mmmm fuck love lion devouring kiss across sea
ham,We are pleased to inform that your application for Airtel Broadband is processed successfully. Your installation will happen within 3 days.,,,,0,pleased inform application airtel broadband processed successfully installation happen within days
ham,What happen dear. Why you silent. I am tensed,,,,0,happen dear silent tensed
ham,"I'll get there at 3, unless you guys want me to come some time sooner",,,,0,get unless guys want come time sooner
ham,If you are not coughing then its nothing,,,,0,coughing nothing
ham,ÌÏ come lt 25 n pass to me lar,,,,0,come lt n pass lar
ham,I'm e person who's doing e sms survey...,,,,0,e person e sms survey
ham,Lol ok ill try to send. Be warned Sprint is dead slow. You'll prolly get it tomorrow,,,,0,lol ok ill try send warned sprint dead slow prolly get tomorrow
ham,Thank You meet you monday,,,,0,thank meet monday
ham,SO IS TH GOWER MATE WHICH IS WHERE I AM!?! HOW R U MAN? ALL IS GOOD IN WALES ILL B BACK åÔMORROW. C U THIS WK? WHO WAS THE MSG 4? åÐ RANDOM!,,,,0,th gower mate r u man good wales ill b back morrow c u wk msg random
spam,"Rock yr chik. Get 100's of filthy films &XXX pics on yr phone now. rply FILTH to 69669. Saristar Ltd, E14 9YT 08701752560. 450p per 5 days. Stop2 cancel",,,,1,rock yr chik get filthy films xxx pics yr phone rply filth saristar ltd e yt p per days stop cancel
ham,"I got like $ &lt;#&gt; , I can get some more later though. Get whatever you feel like",,,,0,got like lt gt get later though get whatever feel like
ham,"Dad wanted to talk about the apartment so I got a late start, omw now",,,,0,dad wanted talk apartment got late start omw
ham,I love you both too :-),,,,0,love
ham,Lol u still feeling sick?,,,,0,lol u still feeling sick
ham,Din i tell u jus now 420,,,,0,din tell u jus
ham,am up to my eyes in philosophy,,,,0,eyes philosophy
spam,From next month get upto 50% More Calls 4 Ur standard network charge 2 activate Call 9061100010 C Wire3.net 1st4Terms PoBox84 M26 3UZ Cost å£1.50 min MobcudB more,,,,1,next month get upto calls ur standard network charge activate call c wire net st terms pobox uz cost min mobcudb
ham,Ok lor. I'm in town now lei.,,,,0,ok lor town lei
ham,I had it already..sabarish asked me to go..,,,,0,already sabarish asked go
ham,No da. . Vijay going to talk in jaya tv,,,,0,da vijay going talk jaya tv
spam,URGENT! We are trying to contact U Todays draw shows that you have won a å£800 prize GUARANTEED. Call 09050000460 from land line. Claim J89. po box245c2150pm,,,,1,urgent trying contact u todays draw shows prize guaranteed call land line claim j po box c pm
ham,Lol I know! Hey someone did a great inpersonation of flea on the forums. I love it!,,,,0,lol know hey someone great inpersonation flea forums love
spam,Text BANNEDUK to 89555 to see! cost 150p textoperator g696ga 18+ XXX,,,,1,text banneduk see cost p textoperator g ga xxx
ham,Still chance there. If you search hard you will get it..let have a try :),,,,0,still chance search hard get let try
spam,"Auction round 4. The highest bid is now å£54. Next maximum bid is å£71. To bid, send BIDS e. g. 10 (to bid å£10) to 83383. Good luck.",,,,1,auction round highest bid next maximum bid bid send bids e g bid good luck
ham,Do you always celebrate NY's with your family ?,,,,0,always celebrate ny family
ham,"We know TAJ MAHAL as symbol of love. But the other lesser known facts 1. Mumtaz was Shahjahan's 4th wife, out of his 7 wifes. 2. Shahjahan killed Mumtaz's husband to marry her. 3. Mumtaz died in her  &lt;#&gt; th delivery. 4. He then married Mumtaz's sister. Question arises where the Hell is the LOVE?:-| -The Great Hari-",,,,0,know taj mahal symbol love lesser known facts mumtaz shahjahan th wife wifes shahjahan killed mumtaz husband marry mumtaz died lt gt th delivery married mumtaz sister question arises hell love great hari
ham,Its ok..come to my home it vl nice to meet and v can chat..,,,,0,ok come home vl nice meet v chat
spam,Collect your VALENTINE'S weekend to PARIS inc Flight & Hotel + å£200 Prize guaranteed! Text: PARIS to No: 69101. www.rtf.sphosting.com,,,,1,collect valentine weekend paris inc flight hotel prize guaranteed text paris www rtf sphosting com
ham,Sent me de webadres for geting salary slip,,,,0,sent de webadres geting salary slip
ham,She's fine. Sends her greetings,,,,0,fine sends greetings
spam,Customer Loyalty Offer:The NEW Nokia6650 Mobile from ONLY å£10 at TXTAUCTION! Txt word: START to No: 81151 & get yours Now! 4T&Ctxt TC 150p/MTmsg,,,,1,customer loyalty offer new nokia mobile txtauction txt word start get ctxt tc p mtmsg
ham,But you dint in touch with me.,,,,0,dint touch
ham,"Yup, leaving right now, be back soon",,,,0,yup leaving right back soon
spam,You won't believe it but it's true. It's Incredible Txts! Reply G now to learn truly amazing things that will blow your mind. From O2FWD only 18p/txt,,,,1,believe true incredible txts reply g learn truly amazing things blow mind fwd p txt
ham,Yeah sure I'll leave in a min,,,,0,yeah sure leave min
ham,And do you have any one that can teach me how to ship cars.,,,,0,one teach ship cars
ham,"The sign of maturity is not when we start saying big things.. But actually it is, when we start understanding small things... *HAVE A NICE EVENING* BSLVYL",,,,0,sign maturity start saying big things actually start understanding small things nice evening bslvyl
ham,Yeah confirmed for you staying at  that weekend,,,,0,yeah confirmed staying weekend
ham,They said Ì_ dun haf passport or smth like dat.. Or Ì_ juz send to my email account..  ,,,,0,said dun haf passport smth like dat juz send email account
ham,"Multiply the numbers independently and count decimal points then, for the division, push the decimal places like i showed you.",,,,0,multiply numbers independently count decimal points division push decimal places like showed
ham,"Have a lovely night and when you wake up to see this message, i hope you smile knowing all is as should be. Have a great morning",,,,0,lovely night wake see message hope smile knowing great morning
ham,Ard 4 lor...,,,,0,ard lor
ham,You are right. Meanwhile how's project twins comin up,,,,0,right meanwhile project twins comin
ham,I sent your maga that money yesterday oh.,,,,0,sent maga money yesterday oh
spam,I am hot n horny and willing I live local to you - text a reply to hear strt back from me 150p per msg Netcollex LtdHelpDesk: 02085076972 reply Stop to end,,,,1,hot n horny willing live local text reply hear strt back p per msg netcollex ltdhelpdesk reply stop end
ham,Our ride equally uneventful - not too many of those pesky cyclists around at that time of night ;).,,,,0,ride equally uneventful many pesky cyclists around time night
ham,If you were/are free i can give. Otherwise nalla adi entey nattil kittum,,,,0,free give otherwise nalla adi entey nattil kittum
ham,I've sent my wife your text. After we buy them she'll tell you what to do. So just relax. We should go get them this wkend.,,,,0,sent wife text buy tell relax go get wkend
ham,I am in escape theatre now. . Going to watch KAVALAN in a few minutes,,,,0,escape theatre going watch kavalan minutes
ham,How much would it cost to hire a hitman,,,,0,much would cost hire hitman
ham,I anything lor...,,,,0,anything lor
spam,Do you want a New Nokia 3510i Colour Phone Delivered Tomorrow? With 200 FREE minutes to any mobile + 100 FREE text + FREE camcorder Reply or Call 08000930705,,,,1,want new nokia colour phone delivered tomorrow free minutes mobile free text free camcorder reply call
ham,Huh but i cant go 2 ur house empty handed right?,,,,0,huh cant go ur house empty handed right
ham,Good morning princess! Happy New Year!,,,,0,good morning princess happy new year
spam,Congratulations YOU'VE Won. You're a Winner in our August å£1000 Prize Draw. Call 09066660100 NOW. Prize Code 2309.,,,,1,congratulations winner august prize draw call prize code
ham,"Aight, we'll head out in a few",,,,0,aight head
ham,Then wat r u doing now? Busy wif work?,,,,0,wat r u busy wif work
ham,I know you mood off today,,,,0,know mood today
ham,"Jay told me already, will do",,,,0,jay told already
ham,Cps is causing the outages to conserve energy.,,,,0,cps causing outages conserve energy
ham,"I'm not sure, I was just checking out what was happening around the area",,,,0,sure checking happening around area
ham,Hey morning what you come to ask:-) pa...,,,,0,hey morning come ask pa
ham,Jordan got voted out last nite!,,,,0,jordan got voted last nite
ham,"That means you got an A in epi, she.s fine. She.s here now.",,,,0,means got epi fine
ham,I have no idea where you are,,,,0,idea
ham,Pls come quick cant bare this.,,,,0,pls come quick cant bare
ham,"Call me. I m unable to cal. Lets meet bhaskar, and deep",,,,0,call unable cal lets meet bhaskar deep
ham,No. I.ll meet you in the library,,,,0,meet library
ham,"K, my roommate also wants a dubsack and another friend may also want some so plan on bringing extra, I'll tell you when they know for sure",,,,0,k roommate also wants dubsack another friend may also want plan bringing extra tell know sure
ham,Depends on individual lor e hair dresser say pretty but my parents say look gong. U kaypoh.. I also dunno wat she collecting.,,,,0,depends individual lor e hair dresser say pretty parents say look gong u kaypoh also dunno wat collecting
ham,Ok c Ì_ then.,,,,0,ok c
ham,I enjoy watching and playing football and basketball. Anything outdoors. And you?,,,,0,enjoy watching playing football basketball anything outdoors
ham,"Can you please ask macho what his price range is, does he want something new or used plus it he only interfued in the blackberry bold  &lt;#&gt;  or any bb",,,,0,please ask macho price range want something new used plus interfued blackberry bold lt gt bb
ham,Sorry sent blank msg again. Yup but trying 2 do some serious studying now.,,,,0,sorry sent blank msg yup trying serious studying
ham,Hey check it da. I have listed da.,,,,0,hey check da listed da
spam,8007 25p 4 Alfie Moon's Children in Need song on ur mob. Tell ur m8s. Txt TONE CHARITY to 8007 for nokias or POLY CHARITY for polys :zed 08701417012 profit 2 charity ,,,,1,p alfie moon children need song ur mob tell ur txt tone charity nokias poly charity polys zed profit charity
ham,I meant as an apology from me for texting you to get me drugs at  &lt;#&gt; at night,,,,0,meant apology texting get drugs lt gt night
ham,That means from february to april i'll be getting a place to stay down there so i don't have to hustle back and forth during audition season as i have since my sister moved away from harlem.,,,,0,means february april getting place stay hustle back forth audition season since sister moved away harlem
ham,Goin to workout lor... Muz lose e fats... ,,,,0,goin workout lor muz lose e fats
ham,"Damn, poor zac doesn't stand a chance",,,,0,damn poor zac stand chance
ham,I want to tel u one thing u should not mistake me k THIS IS THE MESSAGE THAT YOU SENT:),,,,0,want tel u one thing u mistake k message sent
ham,Yeah right! I'll bring my tape measure fri!,,,,0,yeah right bring tape measure fri
ham,Should I head straight there or what,,,,0,head straight
spam,Get the official ENGLAND poly ringtone or colour flag on yer mobile for tonights game! Text TONE or FLAG to 84199. Optout txt ENG STOP Box39822 W111WX å£1.50,,,,1,get official england poly ringtone colour flag yer mobile tonights game text tone flag optout txt eng stop box w wx
ham,Thank you princess! You are so sexy...,,,,0,thank princess sexy
ham,Oooh I got plenty of those!,,,,0,oooh got plenty
ham,Hui xin is in da lib.,,,,0,hui xin da lib
ham,Its a big difference.  &lt;#&gt;  versus  &lt;#&gt;  every  &lt;#&gt; hrs,,,,0,big difference lt gt versus lt gt every lt gt hrs
ham,"It's not that you make me cry. It's just that when all our stuff happens on top of everything else, it pushes me over the edge. You don't underdtand how often i cry over my sorry, sorry life.",,,,0,make cry stuff happens top everything else pushes edge underdtand often cry sorry sorry life
ham,"\ME 2 BABE I FEEL THE SAME LETS JUST 4GET ABOUT IT+BOTH TRY +CHEER UP+NOT FIT SOO MUCHXXLOVE U LOCAXX\""""",,,,0,babe feel lets get try cheer fit soo muchxxlove u locaxx
ham,You know what hook up means right?,,,,0,know hook means right
spam,"Customer service announcement. We recently tried to make a delivery to you but were unable to do so, please call 07090298926 to re-schedule. Ref:9307622",,,,1,customer service announcement recently tried make delivery unable please call schedule ref
ham,Wat's da model num of ur phone?,,,,0,wat da model num ur phone
ham,He's really into skateboarding now despite the fact that he gets thrown off of it and winds up with bandages and shit all over his arms every five minutes,,,,0,really skateboarding despite fact gets thrown winds bandages shit arms every five minutes
spam,"You can stop further club tones by replying \STOP MIX\"" See my-tone.com/enjoy. html for terms. Club tones cost GBP4.50/week. MFL"," PO Box 1146 MK45 2WT (2/3)""",,,1,stop club tones replying stop mix see tone com enjoy html terms club tones cost gbp week mfl
ham,My house here e sky quite dark liao... If raining then got excuse not 2 run already rite... Hee...,,,,0,house e sky quite dark liao raining got excuse run already rite hee
ham,"Sorry, left phone upstairs. OK, might be hectic but would be all my birds with one fell swoop. It's a date.",,,,0,sorry left phone upstairs ok might hectic would birds one fell swoop date
ham,* Thought I didn't see you.,,,,0,thought see
spam,wamma get laid?want real doggin locations sent direct to your mobile? join the UKs largest dogging network. txt dogs to 69696 now!nyt. ec2a. 3lp å£1.50/msg.,,,,1,wamma get laid want real doggin locations sent direct mobile join uks largest dogging network txt dogs nyt ec lp msg
ham,Carlos says we can pick up from him later so yeah we're set,,,,0,carlos says pick later yeah set
ham,"Hey babe, my friend had to cancel, still up for a visit ?",,,,0,hey babe friend cancel still visit
ham,Hmm ill have to think about it... ok you're forgiven! =D,,,,0,hmm ill think ok forgiven
ham,"We are hoping to get away by 7, from Langport. You still up for town tonight?",,,,0,hoping get away langport still town tonight
ham,Want to send me a virtual hug?... I need one,,,,0,want send virtual hug need one
ham,"Probably not, still going over some stuff here",,,,0,probably still going stuff
ham,It has issues right now. Ill fix for her by tomorrow.,,,,0,issues right ill fix tomorrow
ham,Why i come in between you people,,,,0,come people
ham,Senthil group company Apnt 5pm.,,,,0,senthil group company apnt pm
ham,Oh really?? Did you make it on air? What's your talent?,,,,0,oh really make air talent
ham,Studying. But i.ll be free next weekend.,,,,0,studying free next weekend
ham,R u here yet? I'm wearing blue shirt n black pants.,,,,0,r u yet wearing blue shirt n black pants
ham,Wait.i will come out.. &lt;#&gt;  min:),,,,0,wait come lt gt min
ham,I will reach ur home in  &lt;#&gt;  minutes,,,,0,reach ur home lt gt minutes
ham,Well then you have a great weekend!,,,,0,well great weekend
ham,"What are you doing in langport? Sorry, but I'll probably be in bed by 9pm. It sucks being ill at xmas! When do you and go2sri lanka? ",,,,0,langport sorry probably bed pm sucks ill xmas go sri lanka
ham,"Frnd s not juz a word.....not merely a relationship.....its a silent promise which says ... \ I will be with YOU \"" Wherevr.. Whenevr.. Forevr... Gudnyt dear..""",,,,0,frnd juz word merely relationship silent promise says wherevr whenevr forevr gudnyt dear
ham,Huh? 6 also cannot? Then only how many mistakes?,,,,0,huh also many mistakes
ham,Ha... U jus ate honey ar? So sweet...,,,,0,ha u jus ate honey ar sweet
ham,I'm turning off my phone. My moms telling everyone I have cancer. And my sister won't stop calling. It hurts to talk. Can't put up with it. See u when u get home. Love u,,,,0,turning phone moms telling everyone cancer sister stop calling hurts talk put see u u get home love u
ham,"Honey ? Sweetheart ? Darling ? Sexy buns ? Sugar plum ? Loverboy ? I miss you, boytoy ... *smacks your ass* Did you go to the gym too ?",,,,0,honey sweetheart darling sexy buns sugar plum loverboy miss boytoy smacks ass go gym
ham,Thanks for loving me so. You rock,,,,0,thanks loving rock
ham,Yeah imma come over cause jay wants to do some drugs,,,,0,yeah imma come cause jay wants drugs
ham,Ok thanx... Take care then...,,,,0,ok thanx take care
ham,Yup. Thk of u oso boring wat.,,,,0,yup thk u oso boring wat
ham," came to look at the flat, seems ok, in his 50s? * Is away alot wiv work. Got woman coming at 6.30 too.",,,,0,came look flat seems ok away alot wiv work got woman coming
ham,Moji just informed me that you saved our lives. Thanks.,,,,0,moji informed saved lives thanks
ham,Whos this am in class:-),,,,0,whos class
ham,Hey r Ì_ still online? I've finished the formatting...,,,,0,hey r still online finished formatting
ham,Great! So what attracts you to the brothas?,,,,0,great attracts brothas
spam,Promotion Number: 8714714 - UR awarded a City Break and could WIN a å£200 Summer Shopping spree every WK. Txt STORE to 88039 . SkilGme. TsCs087147403231Winawk!Age16 å£1.50perWKsub,,,,1,promotion number ur awarded city break could win summer shopping spree every wk txt store skilgme tscs winawk age perwksub
ham,LOL what happens in Vegas stays in vegas,,,,0,lol happens vegas stays vegas
ham,"Hello, hello, hi lou sorry it took so long 2 reply- I left mobile at friends in Lancaster, just got it bak Neway im sorry I couldnåÕt make ur båÕday 2 hun!",,,,0,hello hello hi lou sorry took long reply left mobile friends lancaster got bak neway im sorry make ur b day hun
ham,When did i use soc... I use it only at home... ÌÏ dunno how 2 type it in word ar...,,,,0,use soc use home dunno type word ar
ham,Dad says hurry the hell up,,,,0,dad says hurry hell
ham,Wake me up at  &lt;#&gt;  am morning:),,,,0,wake lt gt morning
ham,"I get out of class in bsn in like  &lt;#&gt;  minutes, you know where advising is?",,,,0,get class bsn like lt gt minutes know advising
ham,Great! I shoot big loads so get ready!,,,,0,great shoot big loads get ready
ham,I'll meet you in the lobby,,,,0,meet lobby
ham,You still coming tonight?,,,,0,still coming tonight
ham,What happen dear tell me,,,,0,happen dear tell
ham,"Sir, i am waiting for your call, once free please call me.",,,,0,sir waiting call free please call
ham,I was about to do it when i texted. I finished a long time ago and showered and er'ything!,,,,0,texted finished long time ago showered er ything
ham,Ok im not sure what time i finish tomorrow but i wanna spend the evening with you cos that would be vewy vewy lubly! Love me xxx,,,,0,ok im sure time finish tomorrow wan na spend evening cos would vewy vewy lubly love xxx
ham,"Hello, As per request from  &lt;#&gt;  Rs.5 has been transfered to you",,,,0,hello per request lt gt rs transfered
ham,I am in tirupur.  call you da.,,,,0,tirupur call da
spam,You are a winner you have been specially selected to receive å£1000 cash or a å£2000 award. Speak to a live operator to claim call 087147123779am-7pm. Cost 10p,,,,1,winner specially selected receive cash award speak live operator claim call pm cost p
ham,S:)but he had some luck.2 catches put down:),,,,0,luck catches put
ham,How i noe... Did Ì_ specify da domain as nusstu... ÌÏ still in sch...,,,,0,noe specify da domain nusstu still sch
ham,Oh...i asked for fun. Haha...take care. Ì_,,,,0,oh asked fun haha take care
ham,Shall i get my pouch?,,,,0,shall get pouch
ham,Hey loverboy! I love you !! I had to tell ... I look at your picture and ache to feel you between my legs ... Fuck I want you ... I need you ... I crave you .,,,,0,hey loverboy love tell look picture ache feel legs fuck want need crave
ham,"How is my boy? No sweet words left for me this morning ... *sighs* ... How goes you day, my love ? Did you start your studying?",,,,0,boy sweet words left morning sighs goes day love start studying
ham,Kent vale lor... ÌÏ wait 4 me there ar?,,,,0,kent vale lor wait ar
ham,Ok. Very good. Its all about making that money.,,,,0,ok good making money
ham,Reading gud habit.. Nan bari hudgi yorge pataistha ertini kano:-),,,,0,reading gud habit nan bari hudgi yorge pataistha ertini kano
ham,Aight do you still want to get money,,,,0,aight still want get money
ham,ARE YOU IN TOWN? THIS IS V. IMPORTANT,,,,0,town v important
ham,"Sorry pa, i dont knw who ru pa?",,,,0,sorry pa dont knw ru pa
ham,Wat u doing there?,,,,0,wat u
ham,If i not meeting Ì_ all rite then i'll go home lor. If Ì_ dun feel like comin it's ok.,,,,0,meeting rite go home lor dun feel like comin ok
ham,"Oh, i will get paid. The most outstanding one is for a commercial i did for Hasbro...in AUGUST! They made us jump through so many hoops to get paid. Still not.",,,,0,oh get paid outstanding one commercial hasbro august made us jump many hoops get paid still
ham,"I am late,so call you tomorrow morning.take care sweet dreams....u and me...ummifying...bye.",,,,0,late call tomorrow morning take care sweet dreams u ummifying bye
ham,Networking technical support associate.,,,,0,networking technical support associate
ham,I'm gonna rip out my uterus.,,,,0,gon na rip uterus
ham,Cool. Do you like swimming? I have a pool and jacuzzi at my house.,,,,0,cool like swimming pool jacuzzi house
spam,"Thanks for your ringtone order, reference number X49. Your mobile will be charged 4.50. Should your tone not arrive please call customer services 09065989182. From: [colour=red]text[/colour]TXTstar",,,,1,thanks ringtone order reference number x mobile charged tone arrive please call customer services colour red text colour txtstar
ham,"Yeah why not, is the gang all ready",,,,0,yeah gang ready
ham,Blank is Blank. But wat is blank? Lol,,,,0,blank blank wat blank lol
ham,I'm in a movie... Collect car oredi...,,,,0,movie collect car oredi
ham,We left already we at orchard now.,,,,0,left already orchard
spam,"Hi there, 2nights ur lucky night! Uve been invited 2 XCHAT, the Uks wildest chat! Txt CHAT to 86688 now! 150p/MsgrcvdHG/Suite342/2Lands/Row/W1J6HL LDN 18yrs",,,,1,hi nights ur lucky night uve invited xchat uks wildest chat txt chat p msgrcvdhg suite lands row w j hl ldn yrs
ham,Nothing spl..wat abt u and whr ru?,,,,0,nothing spl wat abt u whr ru
ham,No chikku nt yet.. Ya i'm free,,,,0,chikku nt yet ya free
ham,"Aldrine, rakhesh ex RTM here.pls call.urgent.",,,,0,aldrine rakhesh ex rtm pls call urgent
ham,The search 4 happiness is 1 of d main sources of unhappiness! Accept life the way it comes! U will find happiness in every moment u live.,,,,0,search happiness main sources unhappiness accept life way comes u find happiness every moment u live
ham,"I guess you could be as good an excuse as any, lol.",,,,0,guess could good excuse lol
ham,"Isn't frnd a necesity in life? imagine urself witout a frnd.. hw'd u feel at ur colleg? wat'll u do wth ur cell? wat abt functions? thnk abt events espe'll cared, missed &amp; irritated u? 4wrd it to all those dear-loving frnds wthout whom u cant live.. I jst did it.. Takecare..:) GOODMORNING",,,,0,frnd necesity life imagine urself witout frnd hw u feel ur colleg wat u wth ur cell wat abt functions thnk abt events espe cared missed amp irritated u wrd dear loving frnds wthout u cant live jst takecare goodmorning
ham,Old Orchard near univ. How about you?,,,,0,old orchard near univ
ham,"4 tacos + 1 rajas burrito, right?",,,,0,tacos rajas burrito right
ham,"ItÛ÷s å£6 to get in, is that ok?",,,,0,get ok
ham,Hows the street where the end of library walk is?,,,,0,hows street end library walk
ham,"Plz note: if anyone calling from a mobile Co. &amp; asks u to type # &lt;#&gt;  or # &lt;#&gt; . Do not do so. Disconnect the call,coz it iz an attempt of 'terrorist' to make use of the sim card no. Itz confirmd by nokia n motorola n has been verified by CNN IBN.",,,,0,plz note anyone calling mobile co amp asks u type lt gt lt gt disconnect call coz iz attempt terrorist make use sim card itz confirmd nokia n motorola n verified cnn ibn
ham,We stopped to get ice cream and will go back after,,,,0,stopped get ice cream go back
ham,Did you stitch his trouser,,,,0,stitch trouser
spam,2/2 146tf150p,,,,1,tf p
ham,Hey i'm bored... So i'm thinking of u... So wat r u doing?,,,,0,hey bored thinking u wat r u
ham,"Nah, Wednesday. When should I bring the mini cheetos bag over?",,,,0,nah wednesday bring mini cheetos bag
ham,Nobody names their penis a girls name this story doesn't add up at all,,,,0,nobody names penis girls name story add
ham,"Aight, let me know when you're gonna be around usf",,,,0,aight let know gon na around usf
ham,I'm not. She lip synced with shangela.,,,,0,lip synced shangela
ham,ÌÏ neva tell me how i noe... I'm not at home in da aft wat... ,,,,0,neva tell noe home da aft wat
ham,"A bit of Ur smile is my hppnss, a drop of Ur tear is my sorrow, a part of Ur heart is my life, a heart like mine wil care for U, forevr as my GOODFRIEND",,,,0,bit ur smile hppnss drop ur tear sorrow part ur heart life heart like mine wil care u forevr goodfriend
spam,Dear Voucher Holder 2 claim your 1st class airport lounge passes when using Your holiday voucher call 08704439680. When booking quote 1st class x 2,,,,1,dear voucher holder claim st class airport lounge passes using holiday voucher call booking quote st class x
ham,"Buzz! Hey, my Love ! I think of you and hope your day goes well. Did you sleep in ? I miss you babe. I long for the moment we are together again*loving smile*",,,,0,buzz hey love think hope day goes well sleep miss babe long moment together loving smile
ham,"Haha... Sounds crazy, dunno can tahan anot...",,,,0,haha sounds crazy dunno tahan anot
ham,Why are u up so early?,,,,0,u early
ham,Ya that one is slow as poo,,,,0,ya one slow poo
ham,"\Im on gloucesterroad what are uup to later?\""""",,,,0,im gloucesterroad uup later
ham,Lol no ouch but wish i'd stayed out a bit longer,,,,0,lol ouch wish stayed bit longer
ham,"GOD ASKED, \What is forgiveness?\"" A little child gave lovely reply"," \""It is d wonderful fruit that a tree gives when it is being hurt by a stone.. Good night......""",,,0,god asked forgiveness little child gave lovely reply
ham,We'll join the  &lt;#&gt;  bus,,,,0,join lt gt bus
ham,Was just about to ask. Will keep this one. Maybe that's why you didn't get all the messages we sent you on glo,,,,0,ask keep one maybe get messages sent glo
ham,K.i will send in  &lt;#&gt;  min:),,,,0,k send lt gt min
ham,Would me smoking you out help us work through this difficult time,,,,0,would smoking help us work difficult time
spam,"Someone U know has asked our dating service 2 contact you! Cant guess who? CALL 09058095107 NOW all will be revealed. POBox 7, S3XY 150p ",,,,1,someone u know asked dating service contact cant guess call revealed pobox xy p
ham,Yes.mum lookin strong:),,,,0,yes mum lookin strong
ham,"Sir Goodmorning, Once free call me.",,,,0,sir goodmorning free call
ham,Where are you call me.,,,,0,call
ham,Love it! The girls at the office may wonder why you are smiling but sore...,,,,0,love girls office may wonder smiling sore
ham,"Hi, wlcome back, did wonder if you got eaten by a lion or something, nothing much",,,,0,hi wlcome back wonder got eaten lion something nothing much
ham,Does uncle timi help in clearing cars,,,,0,uncle timi help clearing cars
ham,I came hostel. I m going to sleep. Plz call me up before class. Hrishi.,,,,0,came hostel going sleep plz call class hrishi
ham,Ok... But bag again..,,,,0,ok bag
ham,Ok lor. Msg me b4 u call.,,,,0,ok lor msg b u call
spam,"Mila, age23, blonde, new in UK. I look sex with UK guys. if u like fun with me. Text MTALK to 69866.18 . 30pp/txt 1st 5free. å£1.50 increments. Help08718728876",,,,1,mila age blonde new uk look sex uk guys u like fun text mtalk pp txt st free increments help
ham,"Once a fishrman woke early in d mrng. It was very dark. He waited a while &amp; found a sack ful of stones. He strtd throwin thm in2 d sea 2 pass time. Atlast he had jus 1stone, sun rose up &amp; he found out tht those r nt stones, those were diamonds. Moral:\Dont wake up early in d mrng'' GOOD night""",,,,0,fishrman woke early mrng dark waited amp found sack ful stones strtd throwin thm sea pass time atlast jus stone sun rose amp found tht r nt stones diamonds moral dont wake early mrng good night
spam,"Claim a 200 shopping spree, just call 08717895698 now! Have you won! MobStoreQuiz10ppm",,,,1,claim shopping spree call mobstorequiz ppm
ham,Then ur physics get a-?,,,,0,ur physics get
ham,"Dear friends, sorry for the late information. Today is the birthday of our loving Ar.Praveesh. for more details log on to face book and see. Its his number + &lt;#&gt; . Dont miss a delicious treat.",,,,0,dear friends sorry late information today birthday loving ar praveesh details log face book see number lt gt dont miss delicious treat
ham,How r Ì_ going to send it to me?,,,,0,r going send
ham,Can you do online transaction?,,,,0,online transaction
ham,Dear got train and seat mine lower seat,,,,0,dear got train seat mine lower seat
ham,Let me know if you need anything else. Salad or desert or something... How many beers shall i get?,,,,0,let know need anything else salad desert something many beers shall get
ham,WHORE YOU ARE UNBELIEVABLE.,,,,0,whore unbelievable
spam,"Want to funk up ur fone with a weekly new tone reply TONES2U 2 this text. www.ringtones.co.uk, the original n best. Tones 3GBP network operator rates apply",,,,1,want funk ur fone weekly new tone reply tones u text www ringtones co uk original n best tones gbp network operator rates apply
ham,Are you sure you don't mean \get here," we made you hold all the weed\""""",,,0,sure mean get
ham,"I love you !!! You know? Can you feel it? Does it make your belly warm? I wish it does, my love ... I shall meet you in your dreams, Ahmad ... *adoring kiss*",,,,0,love know feel make belly warm wish love shall meet dreams ahmad adoring kiss
spam,"Twinks, bears, scallies, skins and jocks are calling now. Don't miss the weekend's fun. Call 08712466669 at 10p/min. 2 stop texts call 08712460324(nat rate)",,,,1,twinks bears scallies skins jocks calling miss weekend fun call p min stop texts call nat rate
ham,Love it! I want to flood that pretty pussy with cum...,,,,0,love want flood pretty pussy cum
ham,Hey are you angry with me. Reply me dr.,,,,0,hey angry reply dr
ham,Short But Cute: \Be a good person," but dont try to prove it..\"" .Gud noon....""",,,0,short cute good person
ham,Also remember the beads don't come off. Ever.,,,,0,also remember beads come ever
ham,They have a thread on the wishlist section of the forums where ppl post nitro requests. Start from the last page and collect from the bottom up.,,,,0,thread wishlist section forums ppl post nitro requests start last page collect bottom
ham,For The First Time In The History 'Need' 'Comfort' And 'Luxury' Are Sold At Same Price In India..!! Onion-Rs. &lt;#&gt;  Petrol-Rs. &lt;#&gt;  Beer-Rs. &lt;#&gt;  SHESIL  &lt;#&gt;,,,,0,first time history need comfort luxury sold price india onion rs lt gt petrol rs lt gt beer rs lt gt shesil lt gt
ham,"Actually nvm, got hella cash, we still on for  &lt;#&gt; ish?",,,,0,actually nvm got hella cash still lt gt ish
spam,We tried to contact you re your reply to our offer of a Video Handset? 750 anytime any networks mins? UNLIMITED TEXT? Camcorder? Reply or call 08000930705 NOW,,,,1,tried contact reply offer video handset anytime networks mins unlimited text camcorder reply call
ham,"It's ok, at least armand's still around",,,,0,ok least armand still around
ham,No da. I am happy that we sit together na,,,,0,da happy sit together na
ham,Yup song bro. No creative. Neva test quality. He said check review online.,,,,0,yup song bro creative neva test quality said check review online
ham,"No dude, its not fake..my frnds got money, thts y i'm reffering u..if u member wit my mail link, u vl be credited  &lt;#&gt; rs and il be getiing  &lt;#&gt; rs..i can draw my acc wen it is  &lt;#&gt; rs..",,,,0,dude fake frnds got money thts reffering u u member wit mail link u vl credited lt gt rs il getiing lt gt rs draw acc wen lt gt rs
ham,Dude while were makin those weirdy brownies my sister made awesome cookies. I took pics.,,,,0,dude makin weirdy brownies sister made awesome cookies took pics
spam,URGENT! We are trying to contact you. Last weekends draw shows that you have won a å£900 prize GUARANTEED. Call 09061701851. Claim code K61. Valid 12hours only,,,,1,urgent trying contact last weekends draw shows prize guaranteed call claim code k valid hours
ham,Pls dont restrict her from eating anythin she likes for the next two days.,,,,0,pls dont restrict eating anythin likes next two days
ham,Mm you ask him to come its enough :-),,,,0,mm ask come enough
ham,At the funeral home with Audrey and dad,,,,0,funeral home audrey dad
ham,"Aight, can you text me the address?",,,,0,aight text address
ham,Excellent! Wish we were together right now!,,,,0,excellent wish together right
ham,Yep then is fine 7.30 or 8.30 for ice age.,,,,0,yep fine ice age
ham,Pls i wont belive god.not only jesus.,,,,0,pls wont belive god jesus
ham,Can. Dunno wat to get 4 her...,,,,0,dunno wat get
ham,"Not yet chikku..k, then wat abt tht guy did he stopped irritating or msging to u..",,,,0,yet chikku k wat abt tht guy stopped irritating msging u
ham,How long does it take to get it.,,,,0,long take get
ham,This is my number by vivek..,,,,0,number vivek
spam,74355 XMAS iscoming & ur awarded either å£500 CD gift vouchers & free entry 2 r å£100 weekly draw txt MUSIC to 87066 TnC,,,,1,xmas iscoming ur awarded either cd gift vouchers free entry r weekly draw txt music tnc
ham,"sorry brah, just finished the last of my exams, what up",,,,0,sorry brah finished last exams
ham,"I got arrested for possession at, I shit you not,  &lt;TIME&gt;  pm",,,,0,got arrested possession shit lt time gt pm
ham,You are right though. I can't give you the space you want and need. This is really starting to become an issue. I was going to suggest setting a definite move out--if i'm still there-- after greece. But maybe you are ready and should do it now.,,,,0,right though give space want need really starting become issue going suggest setting definite move still greece maybe ready
ham,Just normal only here :),,,,0,normal
ham,"Please protect yourself from e-threats. SIB never asks for sensitive information like Passwords,ATM/SMS PIN thru email. Never share your password with anybody.",,,,0,please protect e threats sib never asks sensitive information like passwords atm sms pin thru email never share password anybody
ham,I miss you so much I'm so desparate I have recorded the message you left for me the other day and listen to it just to hear the sound of your voice. I love you,,,,0,miss much desparate recorded message left day listen hear sound voice love
ham,Hi. I'm always online on yahoo and would like to chat with you someday,,,,0,hi always online yahoo would like chat someday
ham,"Goodmorning,my grandfather expired..so am on leave today.",,,,0,goodmorning grandfather expired leave today
spam,Congratulations U can claim 2 VIP row A Tickets 2 C Blu in concert in November or Blu gift guaranteed Call 09061104276 to claim TS&Cs www.smsco.net costå£3.75max ,,,,1,congratulations u claim vip row tickets c blu concert november blu gift guaranteed call claim ts cs www smsco net cost max
ham,Where are you ? What are you doing ? Are yuou working on getting the pc to your mom's ? Did you find a spot that it would work ? I need you,,,,0,yuou working getting pc mom find spot would work need
ham,"Sure, I'll see if I can come by in a bit",,,,0,sure see come bit
ham,I agree. So i can stop thinkin about ipad. Can you please ask macho the same question.,,,,0,agree stop thinkin ipad please ask macho question
ham,Let's pool our money together and buy a bunch of lotto tickets. If we win I get &lt;#&gt; % u get &lt;#&gt; %. Deal?,,,,0,let pool money together buy bunch lotto tickets win get lt gt u get lt gt deal
ham,Watching tv lor. Nice one then i like lor.,,,,0,watching tv lor nice one like lor
ham,I'm thinking that chennai forgot to come for auction..,,,,0,thinking chennai forgot come auction
ham,Then Ì_ come n pick me at 530 ar?,,,,0,come n pick ar
ham,Early bird! Any purchases yet?,,,,0,early bird purchases yet
ham,Went to pay rent. So i had to go to the bank to authorise the payment.,,,,0,went pay rent go bank authorise payment
ham,"Erm Û_ ill pick you up at about 6.45pm. That'll give enough time to get there, park and that.",,,,0,erm ill pick pm give enough time get park
ham,HEY MATE! HOWS U HONEY?DID U AVE GOOD HOLIDAY? GIMMI DE GOSS!x,,,,0,hey mate hows u honey u ave good holiday gimmi de goss x
ham,Howz pain.it will come down today.do as i said ystrday.ice and medicine.,,,,0,howz pain come today said ystrday ice medicine
ham,"chile, please! It's only a  &lt;DECIMAL&gt;  hour drive for me. I come down all the time and will be subletting feb-april for audition season.",,,,0,chile please lt decimal gt hour drive come time subletting feb april audition season
ham,Yes ammae....life takes lot of turns you can only sit and try to hold the steering...,,,,0,yes ammae life takes lot turns sit try hold steering
ham,"Yeah that's what I thought, lemme know if anything's goin on later",,,,0,yeah thought lem know anything goin later
ham,Mmmm.... I cant wait to lick it!,,,,0,mmmm cant wait lick
ham,Pls go there today  &lt;#&gt; . I dont want any excuses,,,,0,pls go today lt gt dont want excuses
ham,Can you plz tell me the ans. BSLVYL sent via fullonsms.com,,,,0,plz tell ans bslvyl sent via fullonsms com
ham,U in town alone?,,,,0,u town alone
ham,I to am looking forward to all the sex cuddling.. Only two more sleeps ,,,,0,looking forward sex cuddling two sleeps
ham,We have all rounder:)so not required:),,,,0,rounder required
ham,"No, its true..k,Do u knw dis no. &lt;#&gt; ?",,,,0,true k u knw dis lt gt
ham,"Dont worry, 1 day very big lambu ji vl come..til then enjoy batchlor party:-)",,,,0,dont worry day big lambu ji vl come til enjoy batchlor party
ham,oh ya... Got hip hop open. Haha i was thinking can go for jazz then zoom to cine... Actually tonight i'm free leh... And there's a kb lesson tonight,,,,0,oh ya got hip hop open haha thinking go jazz zoom cine actually tonight free leh kb lesson tonight
spam,Free msg: Single? Find a partner in your area! 1000s of real people are waiting to chat now!Send CHAT to 62220Cncl send STOPCS 08717890890å£1.50 per msg,,,,1,free msg single find partner area real people waiting chat send chat cncl send stopcs per msg
ham,I'm ok. Will do my part tomorrow,,,,0,ok part tomorrow
ham,"No! But we found a diff farm shop to buy some cheese. On way back now, can i call in?",,,,0,found diff farm shop buy cheese way back call
ham,R u still working now?,,,,0,r u still working
spam,"Win the newest åÒHarry Potter and the Order of the Phoenix (Book 5) reply HARRY, answer 5 questions - chance to be the first among readers!",,,,1,win newest harry potter order phoenix book reply harry answer questions chance first among readers
ham,Yep. I do like the pink furniture tho.,,,,0,yep like pink furniture tho
spam,Free Msg: Ringtone!From: http://tms. widelive.com/index. wml?id=1b6a5ecef91ff9*37819&first=true18:0430-JUL-05,,,,1,free msg ringtone http tms widelive com index wml id b ecef ff first true jul
ham,"Customer place, i wil cal u sir.",,,,0,customer place wil cal u sir
spam,"Oh my god! I've found your number again! I'm so glad, text me back xafter this msgs cst std ntwk chg å£1.50",,,,1,oh god found number glad text back xafter msgs cst std ntwk chg
ham,A pure hearted person can have a wonderful smile that makes even his/her enemies to feel guilty for being an enemy.. So catch the world with your smile..:) GOODMORNING &amp; HAVE A SMILEY SUNDAY..:),,,,0,pure hearted person wonderful smile makes even enemies feel guilty enemy catch world smile goodmorning amp smiley sunday
ham,"THATåÕS ALRITE GIRL, U KNOW GAIL IS NEVA WRONG!!TAKE CARE SWEET AND DONåÕT WORRY.C U L8TR HUN!LOVE Yaxxx",,,,0,alrite girl u know gail neva wrong take care sweet worry c u l tr hun love yaxxx
ham,"Theoretically yeah, he could be able to come",,,,0,theoretically yeah could able come
ham,"Alright we're hooked up, where you guys at",,,,0,alright hooked guys
ham,"not that I know of, most people up here are still out of town",,,,0,know people still town
ham,No let me do the math. Your not good at it.,,,,0,let math good
ham,Oh ok wait 4 me there... My lect havent finish,,,,0,oh ok wait lect havent finish
ham,Yeah my usual guy's out of town but there're definitely people around I know,,,,0,yeah usual guy town definitely people around know
ham,I am joining today formally.Pls keep praying.will talk later.,,,,0,joining today formally pls keep praying talk later
ham,"Happy or sad , one thing about past is- \Its no more\"" GOOD MORNING :-):-).""",,,,0,happy sad one thing past good morning
ham,No. Did you multimedia message them or e-mail?,,,,0,multimedia message e mail
ham,Okie but i scared u say i fat... Then u dun wan me already...,,,,0,okie scared u say fat u dun wan already
ham,did u get that message,,,,0,u get message
ham,"Sorry sir, i will call you tomorrow.  senthil.hsbc",,,,0,sorry sir call tomorrow senthil hsbc
ham,What you need. You have a person to give na.,,,,0,need person give na
ham,She left it very vague. She just said she would inform the person in accounting about the delayed rent and that i should discuss with the housing agency about my renting another place. But checking online now and all places around usc are  &lt;#&gt;  and up,,,,0,left vague said would inform person accounting delayed rent discuss housing agency renting another place checking online places around usc lt gt
ham,Hi juan. Im coming home on fri hey. Of course i expect a welcome party and lots of presents. Ill phone u when i get back. Loads of love nicky x x x x x x x x x,,,,0,hi juan im coming home fri hey course expect welcome party lots presents ill phone u get back loads love nicky x x x x x x x x x
ham,"Gumby's has a special where a  &lt;#&gt; \ cheese pizza is $2 so I know what we're doin tonight""",,,,0,gumby special lt gt cheese pizza know doin tonight
spam,A link to your picture has been sent. You can also use http://alto18.co.uk/wave/wave.asp?o=44345,,,,1,link picture sent also use http alto co uk wave wave asp
ham,Like a personal sized or what,,,,0,like personal sized
ham,"Same, I'm at my great aunts anniversary party in tarpon springs",,,,0,great aunts anniversary party tarpon springs
ham,Cab is available.they pick up and drop at door steps.,,,,0,cab available pick drop door steps
ham,ok....take care.umma to you too...,,,,0,ok take care umma
ham,Unlimited texts. Limited minutes.,,,,0,unlimited texts limited minutes
spam,"Double Mins & 1000 txts on Orange tariffs. Latest Motorola, SonyEricsson & Nokia with Bluetooth FREE! Call MobileUpd8 on 08000839402 or call2optout/HF8",,,,1,double mins txts orange tariffs latest motorola sonyericsson nokia bluetooth free call mobileupd call optout hf
ham,No problem. We will be spending a lot of quality time together...,,,,0,problem spending lot quality time together
spam,URGENT This is our 2nd attempt to contact U. Your å£900 prize from YESTERDAY is still awaiting collection. To claim CALL NOW 09061702893. ACL03530150PM,,,,1,urgent nd attempt contact u prize yesterday still awaiting collection claim call acl pm
ham,Have you heard from this week?,,,,0,heard week
spam,Dear Dave this is your final notice to collect your 4* Tenerife Holiday or #5000 CASH award! Call 09061743806 from landline. TCs SAE Box326 CW25WX 150ppm,,,,1,dear dave final notice collect tenerife holiday cash award call landline tcs sae box cw wx ppm
ham,Yes. Last  practice,,,,0,yes last practice
spam,tells u 2 call 09066358152 to claim å£5000 prize. U have 2 enter all ur mobile & personal details @ the prompts. Careful!,,,,1,tells u call claim prize u enter ur mobile personal details prompts careful
ham,No. Thank you. You've been wonderful,,,,0,thank wonderful
ham,ÌÏ mean it's confirmed... I tot they juz say oni... Ok then... ,,,,0,mean confirmed tot juz say oni ok
ham,That depends. How would you like to be treated? :),,,,0,depends would like treated
ham,"Right on brah, see you later",,,,0,right brah see later
ham,Waiting in e car 4 my mum lor. U leh? Reach home already?,,,,0,waiting e car mum lor u leh reach home already
spam,Your 2004 account for 07XXXXXXXXX shows 786 unredeemed points. To claim call 08719181259 Identifier code: XXXXX Expires 26.03.05,,,,1,account xxxxxxxxx shows unredeemed points claim call identifier code xxxxx expires
spam,Do you want a new video handset? 750 anytime any network mins? Half Price Line Rental? Camcorder? Reply or call 08000930705 for delivery tomorrow,,,,1,want new video handset anytime network mins half price line rental camcorder reply call delivery tomorrow
ham,Went fast asleep dear.take care.,,,,0,went fast asleep dear take care
ham,No that just means you have a fat head,,,,0,means fat head
ham,Sounds like a plan! Cardiff is still here and still cold! I'm sitting on the radiator!,,,,0,sounds like plan cardiff still still cold sitting radiator
ham,Serious? What like proper tongued her,,,,0,serious like proper tongued
ham,She.s good. She was wondering if you wont say hi but she.s smiling now. So how are you coping with the long distance,,,,0,good wondering wont say hi smiling coping long distance
ham,How i noe... She's in da car now... Later then c lar... I'm wearing shorts...,,,,0,noe da car later c lar wearing shorts
ham,Yeah whatever lol,,,,0,yeah whatever lol
ham,Ard 530 lor. I ok then message Ì_ lor.,,,,0,ard lor ok message lor
ham,Ok. C u then.,,,,0,ok c u
ham,Eh ur laptop got no stock lei... He say mon muz come again to take a look c got a not...,,,,0,eh ur laptop got stock lei say mon muz come take look c got
ham,No need to ke qi... ÌÏ too bored izzit y suddenly thk of this...,,,,0,need ke qi bored izzit suddenly thk
ham,I wish! I don't think its gonna snow that much. But it will be more than those flurries we usually get that melt before they hit the ground. Eek! We haven't had snow since &lt;#&gt; before I was even born!,,,,0,wish think gon na snow much flurries usually get melt hit ground eek snow since lt gt even born
spam,FREE>Ringtone! Reply REAL or POLY eg REAL1 1. PushButton 2. DontCha 3. BabyGoodbye 4. GoldDigger 5. WeBeBurnin 1st tone FREE and 6 more when u join for å£3/wk,,,,1,free ringtone reply real poly eg real pushbutton dontcha babygoodbye golddigger webeburnin st tone free u join wk
ham,"Oh really? perform, write a paper, go to a movie AND be home by midnight, huh?",,,,0,oh really perform write paper go movie home midnight huh
ham,Okay lor... Will they still let us go a not ah? Coz they will not know until later. We drop our cards into the box right?,,,,0,okay lor still let us go ah coz know later drop cards box right
ham,How? Izzit still raining?,,,,0,izzit still raining
ham,As if i wasn't having enough trouble sleeping.,,,,0,enough trouble sleeping
ham,I havent add Ì_ yet right.. ,,,,0,havent add yet right
ham,Lol ... I really need to remember to eat when I'm drinking but I do appreciate you keeping me company that night babe *smiles*,,,,0,lol really need remember eat drinking appreciate keeping company night babe smiles
ham,Babe ? I lost you ... Will you try rebooting ?,,,,0,babe lost try rebooting
ham,Yes. Nigh you cant aha.,,,,0,yes nigh cant aha
ham,I thk Ì_ gotta go home by urself. Cos i'll b going out shopping 4 my frens present. ,,,,0,thk got ta go home urself cos b going shopping frens present
ham,Nooooooo I'm gonna be bored to death all day. Cable and internet outage.,,,,0,nooooooo gon na bored death day cable internet outage
ham,Sos! Any amount i can get pls.,,,,0,sos amount get pls
ham,"Playin space poker, u?",,,,0,playin space poker u
ham,How come guoyang go n tell her? Then u told her?,,,,0,come guoyang go n tell u told
ham,You need to get up. Now.,,,,0,need get
ham,They r giving a second chance to rahul dengra.,,,,0,r giving second chance rahul dengra
ham,"Yeah, in fact he just asked if we needed anything like an hour ago. When and how much?",,,,0,yeah fact asked needed anything like hour ago much
ham,WHEN THE FIRST STRIKE IS A RED ONE. THE BIRD + ANTELOPE BEGIN TOPLAY IN THE FIELDOF SELFINDEPENDENCE BELIEVE THIS + THE FLOWER OF CONTENTION WILL GROW.RANDOM!,,,,0,first strike red one bird antelope begin toplay fieldof selfindependence believe flower contention grow random
ham,Y Ì_ wan to go there? C doctor?,,,,0,wan go c doctor
ham,Does daddy have a bb now.,,,,0,daddy bb
spam,"Free Msg: get Gnarls Barkleys \Crazy\"" ringtone TOTALLY FREE just reply GO to this message right now!""",,,,1,free msg get gnarls barkleys crazy ringtone totally free reply go message right
ham,She's borderline but yeah whatever.,,,,0,borderline yeah whatever
ham,"Until 545 lor... Ya, can go 4 dinner together...",,,,0,lor ya go dinner together
ham,I will be gentle princess! We will make sweet gentle love...,,,,0,gentle princess make sweet gentle love
ham,How u doin baby girl ?? hope u are okay every time I call ure phone is off! I miss u get in touch,,,,0,u doin baby girl hope u okay every time call ure phone miss u get touch
ham,"Sorry, went to bed early, nightnight",,,,0,sorry went bed early nightnight
ham,I like to think there's always the possibility of being in a pub later.,,,,0,like think always possibility pub later
ham,HMM yeah if your not too grooved out! And im looking forward to my pound special :),,,,0,hmm yeah grooved im looking forward pound special
ham,I got to video tape pple type in message lor. U so free wan 2 help me? Hee... Cos i noe u wan 2 watch infernal affairs so ask u along. Asking shuhui oso.,,,,0,got video tape pple type message lor u free wan help hee cos noe u wan watch infernal affairs ask u along asking shuhui oso
ham,Hi dude hw r u da realy mising u today,,,,0,hi dude hw r u da realy mising u today
ham,Me hungry buy some food good lei... But mum n yun dun wan juz buy a little bit... ,,,,0,hungry buy food good lei mum n yun dun wan juz buy little bit
spam,Refused a loan? Secured or Unsecured? Can't get credit? Call free now 0800 195 6669 or text back 'help' & we will!,,,,1,refused loan secured unsecured get credit call free text back help
ham,I probably won't eat at all today. I think I'm gonna pop. How was your weekend? Did u miss me?,,,,0,probably eat today think gon na pop weekend u miss
ham,I knew it... U slept v late yest? Wake up so late...,,,,0,knew u slept v late yest wake late
ham,Haha... dont be angry with yourself... Take it as a practice for the real thing. =) ,,,,0,haha dont angry take practice real thing
ham,Where is that one day training:-),,,,0,one day training
ham,So i could kiss and feel you next to me...,,,,0,could kiss feel next
ham,Have a nice day my dear.,,,,0,nice day dear
ham,I sent lanre fakeye's Eckankar details to the mail box,,,,0,sent lanre fakeye eckankar details mail box
ham,Your dad is back in ph?,,,,0,dad back ph
spam,"You have been specially selected to receive a \3000 award! Call 08712402050 BEFORE the lines close. Cost 10ppm. 16+. T&Cs apply. AG Promo""",,,,1,specially selected receive award call lines close cost ppm cs apply ag promo
ham,If you ask her or she say any please message.,,,,0,ask say please message
ham,"If e timing can, then i go w u lor...",,,,0,e timing go w u lor
ham,I was just callin to say hi. Take care bruv!,,,,0,callin say hi take care bruv
spam,YOU HAVE WON! As a valued Vodafone customer our computer has picked YOU to win a å£150 prize. To collect is easy. Just call 09061743386,,,,1,valued vodafone customer computer picked win prize collect easy call
ham,Did u turn on the heater? The heater was on and set to &lt;#&gt; degrees.,,,,0,u turn heater heater set lt gt degrees
ham,Thanks for your message. I really appreciate your sacrifice. I'm not sure of the process of direct pay but will find out on my way back from the test tomorrow. I'm in class now. Do have a wonderful day.,,,,0,thanks message really appreciate sacrifice sure process direct pay find way back test tomorrow class wonderful day
ham,"That's the trouble with classes that go well - you're due a dodgey one Û_ Expecting mine tomo! See you for recovery, same time, same place ",,,,0,trouble classes go well due dodgey one expecting mine tomo see recovery time place
spam,Free video camera phones with Half Price line rental for 12 mths and 500 cross ntwk mins 100 txts. Call MobileUpd8 08001950382 or Call2OptOut/674&,,,,1,free video camera phones half price line rental mths cross ntwk mins txts call mobileupd call optout
ham,WOT U UP 2 J?,,,,0,wot u j
ham,"Night night, see you tomorrow",,,,0,night night see tomorrow
ham,Roger that. WeÛ÷re probably going to rem in about 20,,,,0,roger probably going rem
ham,do u think that any girl will propose u today by seing ur bloody funky shit fucking face...............asssssholeeee................,,,,0,u think girl propose u today seing ur bloody funky shit fucking face asssssholeeee
ham,I wish u were here. I feel so alone,,,,0,wish u feel alone
ham,Reason is if the team budget is available at last they buy the unsold players for at base rate..,,,,0,reason team budget available last buy unsold players base rate
ham,CERI U REBEL! SWEET DREAMZ ME LITTLE BUDDY!! C YA 2MORO! WHO NEEDS BLOKES,,,,0,ceri u rebel sweet dreamz little buddy c ya moro needs blokes
spam,ringtoneking 84484,,,,1,ringtoneking
ham,Huh i cant thk of more oredi how many pages do we have?,,,,0,huh cant thk oredi many pages
ham,His frens go then he in lor. Not alone wif my mum n sis lor.,,,,0,frens go lor alone wif mum n sis lor
ham,Nationwide auto centre (or something like that) on Newport road. I liked them there,,,,0,nationwide auto centre something like newport road liked
ham,"Hey, I missed you tm of last night as my phone was on the charge ... *smiles* ... I am meeting a friend shortly",,,,0,hey missed tm last night phone charge smiles meeting friend shortly
ham,"Whatever, juliana. Do whatever you want.",,,,0,whatever juliana whatever want
spam,Ringtone Club: Gr8 new polys direct to your mobile every week !,,,,1,ringtone club gr new polys direct mobile every week
ham,"Hello. Sort of out in town already. That . So dont rush home, I am eating nachos. Will let you know eta.",,,,0,hello sort town already dont rush home eating nachos let know eta
ham,Ok lor. Anyway i thk we cant get tickets now cos like quite late already. U wan 2 go look 4 ur frens a not? Darren is wif them now...,,,,0,ok lor anyway thk cant get tickets cos like quite late already u wan go look ur frens darren wif
spam,(Bank of Granite issues Strong-Buy) EXPLOSIVE PICK FOR OUR MEMBERS *****UP OVER 300% *********** Nasdaq Symbol CDGT That is a $5.00 per..,,,,1,bank granite issues strong buy explosive pick members nasdaq symbol cdgt per
ham,"Dizzamn, aight I'll ask my suitemates when I get back",,,,0,dizzamn aight ask suitemates get back
ham,"Nimbomsons. Yep phone knows that one. Obviously, cos thats a real word",,,,0,nimbomsons yep phone knows one obviously cos thats real word
ham,I love to cuddle! I want to hold you in my strong arms right now...,,,,0,love cuddle want hold strong arms right
ham,R u in this continent?,,,,0,r u continent
ham,We'll you pay over like  &lt;#&gt; yrs so its not too difficult,,,,0,pay like lt gt yrs difficult
spam,Bored housewives! Chat n date now! 0871750.77.11! BT-national rate 10p/min only from landlines!,,,,1,bored housewives chat n date bt national rate p min landlines
spam,We tried to call you re your reply to our sms for a video mobile 750 mins UNLIMITED TEXT free camcorder Reply or call now 08000930705 Del Thurs,,,,1,tried call reply sms video mobile mins unlimited text free camcorder reply call del thurs
ham,K...k...when will you give treat?,,,,0,k k give treat
spam,"This is the 2nd time we have tried to contact u. U have won the å£400 prize. 2 claim is easy, just call 087104711148 NOW! Only 10p per minute. BT-national-rate",,,,1,nd time tried contact u u prize claim easy call p per minute bt national rate
ham,He's just gonna worry for nothing. And he won't give you money its no use.,,,,0,gon na worry nothing give money use
ham,Did you get any gift? This year i didnt get anything. So bad,,,,0,get gift year didnt get anything bad
ham,Well there's a pattern emerging of my friends telling me to drive up and come smoke with them and then telling me that I'm a weed fiend/make them smoke too much/impede their doing other things so you see how I'm hesitant,,,,0,well pattern emerging friends telling drive come smoke telling weed fiend make smoke much impede things see hesitant
ham,", ow u dey.i paid 60,400thousad.i told  u would call . ",,,,0,ow u dey paid thousad told u would call
ham,IM FINE BABES AINT BEEN UP 2 MUCH THO! SAW SCARY MOVIE YEST ITS QUITE FUNNY! WANT 2MRW AFTERNOON? AT TOWN OR MALL OR SUMTHIN?xx,,,,0,im fine babes aint much tho saw scary movie yest quite funny want mrw afternoon town mall sumthin xx
ham,I'm reaching home in 5 min.,,,,0,reaching home min
ham,"Forgot you were working today! Wanna chat, but things are ok so drop me a text when you're free / bored etc and i'll ring. Hope all is well, nose essay and all xx",,,,0,forgot working today wan na chat things ok drop text free bored etc ring hope well nose essay xx
ham,Ha... Then we must walk to everywhere... Cannot take tram. My cousin said can walk to vic market from our hotel ,,,,0,ha must walk everywhere take tram cousin said walk vic market hotel
ham,Discussed with your mother ah?,,,,0,discussed mother ah
ham,"Sorry, I can't text &amp; drive coherently, see you in twenty",,,,0,sorry text amp drive coherently see twenty
spam,You will be receiving this week's Triple Echo ringtone shortly. Enjoy it!,,,,1,receiving week triple echo ringtone shortly enjoy
ham,In which place i can get rooms cheap:-),,,,0,place get rooms cheap
ham,Eek that's a lot of time especially since American Pie is like 8 minutes long. I can't stop singing it.,,,,0,eek lot time especially since american pie like minutes long stop singing
ham,"\GRAN ONLYFOUND OUT AFEW DAYS AGO.CUSOON HONI\""""",,,,0,gran onlyfound afew days ago cusoon honi
spam,"U've been selected to stay in 1 of 250 top British hotels - FOR NOTHING! Holiday valued at å£350! Dial 08712300220 to claim - National Rate Call. Bx526, SW73SS",,,,1,u selected stay top british hotels nothing holiday valued dial claim national rate call bx sw ss
ham,University of southern california.,,,,0,university southern california
ham,We have to pick rayan macleran there.,,,,0,pick rayan macleran
ham,U gd lor go shopping i got stuff to do. U wan 2 watch infernal affairs a not? Come lar...,,,,0,u gd lor go shopping got stuff u wan watch infernal affairs come lar
ham,Well. Balls. Time to make calls,,,,0,well balls time make calls
ham,Wat time Ì_ wan today?,,,,0,wat time wan today
ham, &lt;#&gt;  in mca. But not conform.,,,,0,lt gt mca conform
ham,Oh ok.. Wat's ur email?,,,,0,oh ok wat ur email
ham,"Yes, princess. Are you going to make me moan?",,,,0,yes princess going make moan
ham,Lol its ok I didn't remember til last nite,,,,0,lol ok remember til last nite
ham,"[Û_] anyway, many good evenings to u! s",,,,0,anyway many good evenings u
ham,"Cool, I'll text you in a few",,,,0,cool text
ham,"Sorry vikky, i'm Watching olave mandara movie kano in trishul theatre wit my frnds..",,,,0,sorry vikky watching olave mandara movie kano trishul theatre wit frnds
ham,I'm very happy for you babe ! Woo hoo party on dude!,,,,0,happy babe woo hoo party dude
ham,I am taking you for italian food. How about a pretty dress with no panties? :),,,,0,taking italian food pretty dress panties
ham,Wot u up 2? Thout u were gonna call me!! Txt bak luv K,,,,0,wot u thout u gon na call txt bak luv k
spam,YOU ARE CHOSEN TO RECEIVE A å£350 AWARD! Pls call claim number 09066364311 to collect your award which you are selected to receive as a valued mobile customer.,,,,1,chosen receive award pls call claim number collect award selected receive valued mobile customer
ham,How are you holding up?,,,,0,holding
ham,Dont flatter yourself... Tell that man of mine two pints of carlin in ten minutes please.... ,,,,0,dont flatter tell man mine two pints carlin ten minutes please
ham,Hope you are not scared!,,,,0,hope scared
ham,I'm at home n ready...,,,,0,home n ready
ham,What time do u get out?,,,,0,time u get
ham,I am literally in bed and have been up for like  &lt;#&gt;  hours,,,,0,literally bed like lt gt hours
ham,"Yes, my reg is  Ciao!",,,,0,yes reg ciao
ham,If You mean the website. Yes.,,,,0,mean website yes
spam,Win a å£1000 cash prize or a prize worth å£5000,,,,1,win cash prize prize worth
spam,"Thanks for your ringtone order, reference number X49.Your mobile will be charged 4.50. Should your tone not arrive please call customer services 09065989182",,,,1,thanks ringtone order reference number x mobile charged tone arrive please call customer services
ham,Lol or I could just starve and lose a pound by the end of the day.,,,,0,lol could starve lose pound end day
ham,Yeah that's the impression I got,,,,0,yeah impression got
ham,Ok ok take care. I can understand.,,,,0,ok ok take care understand
ham,"Motivate Behind every darkness, there is a shining light waiting for you to find it... Behind every best friend, there is always trust and love... BSLVYL",,,,0,motivate behind every darkness shining light waiting find behind every best friend always trust love bslvyl
ham,"Ya ok, then had dinner?",,,,0,ya ok dinner
ham,I was slept that time.you there?,,,,0,slept time
ham,dont make ne plans for nxt wknd coz she wants us to come down then ok,,,,0,dont make ne plans nxt wknd coz wants us come ok
ham,When is school starting. Where will you stay. What's the weather like. And the food. Do you have a social support system like friends in the school. All these things are important.,,,,0,school starting stay weather like food social support system like friends school things important
ham,"Ha ha nan yalrigu heltini..Iyo kothi chikku, u shared many things wit me..so far i didn't told any body and even uttered a word abt u.. If ur trusting me so much how can i tell these to others.. Plz nxt time dont use those words to me..ok, chikku:-);-)B-)",,,,0,ha ha nan yalrigu heltini iyo kothi chikku u shared many things wit far told body even uttered word abt u ur trusting much tell others plz nxt time dont use words ok chikku b
ham,Noice. Text me when you're here,,,,0,noice text
ham,Hi di is yijue we're meeting at 7 pm at esaplanade tonight.,,,,0,hi di yijue meeting pm esaplanade tonight
spam,Moby Pub Quiz.Win a å£100 High Street prize if u know who the new Duchess of Cornwall will be? Txt her first name to 82277.unsub STOP å£1.50 008704050406 SP,,,,1,moby pub quiz win high street prize u know new duchess cornwall txt first name unsub stop sp
spam,"This weeks SavaMob member offers are now accessible. Just call 08709501522 for details! SavaMob, POBOX 139, LA3 2WU. Only å£1.50/week. SavaMob - offers mobile!",,,,1,weeks savamob member offers accessible call details savamob pobox la wu week savamob offers mobile
ham,"Aight I've been set free, think you could text me blake's address? It occurs to me I'm not quite as sure what I'm doing as I thought I was",,,,0,aight set free think could text blake address occurs quite sure thought
ham,Hi dear we saw dear. We both are happy. Where you my battery is low,,,,0,hi dear saw dear happy battery low
ham,How are you. Its been ages. How's abj,,,,0,ages abj
ham,Prof: you have passed in all the papers in this sem congrats . . . . Student: Enna kalaachutaarama..!! Prof:???? Gud mrng!,,,,0,prof passed papers sem congrats student enna kalaachutaarama prof gud mrng
ham,Dont kick coco when he's down,,,,0,dont kick coco
ham,Fyi I'm gonna call you sporadically starting at like  &lt;#&gt;  bc we are not not doin this shit,,,,0,fyi gon na call sporadically starting like lt gt bc doin shit
spam,"You are being contacted by our Dating Service by someone you know! To find out who it is, call from your mobile or landline 09064017305 PoBox75LDNS7 ",,,,1,contacted dating service someone know find call mobile landline pobox ldns
spam,TBS/PERSOLVO. been chasing us since Sept forå£38 definitely not paying now thanks to your information. We will ignore them. Kath. Manchester.,,,,1,tbs persolvo chasing us since sept definitely paying thanks information ignore kath manchester
ham,Hope youåÕre not having too much fun without me!! see u tomorrow love jess x,,,,0,hope much fun without see u tomorrow love jess x
ham,Ok i wont call or disturb any one. I know all are avoiding me. I am a burden for all,,,,0,ok wont call disturb one know avoiding burden
ham,I've reached home n i bathe liao... U can call me now...,,,,0,reached home n bathe liao u call
spam,Loans for any purpose even if you have Bad Credit! Tenants Welcome. Call NoWorriesLoans.com on 08717111821,,,,1,loans purpose even bad credit tenants welcome call noworriesloans com
ham,Was the actual exam harder than NBME,,,,0,actual exam harder nbme
ham,A lot of this sickness thing going round. Take it easy. Hope u feel better soon. Lol,,,,0,lot sickness thing going round take easy hope u feel better soon lol
spam,87077: Kick off a new season with 2wks FREE goals & news to ur mobile! Txt ur club name to 87077 eg VILLA to 87077,,,,1,kick new season wks free goals news ur mobile txt ur club name eg villa
ham,Hey sathya till now we dint meet not even a single time then how can i saw the situation sathya.,,,,0,hey sathya till dint meet even single time saw situation sathya
ham,Gam gone after outstanding innings.,,,,0,gam gone outstanding innings
ham,O i played smash bros  &lt;#&gt;  religiously.,,,,0,played smash bros lt gt religiously
ham,"Sir, good morning. Hope you had a good weekend. I called to let you know that i was able to raise  &lt;#&gt;  from my dad. He however said he would make the rest available by mid feb. This amount is still quite short and i was hoping you would help. Do have a good day. Abiola",,,,0,sir good morning hope good weekend called let know able raise lt gt dad however said would make rest available mid feb amount still quite short hoping would help good day abiola
ham,Hurry home. Soup is DONE!,,,,0,hurry home soup done
ham,"Good afternoon, my love. It was good to see your words on YM and get your tm. Very smart move, my slave ... *smiles* ... I drink my coffee and await you.",,,,0,good afternoon love good see words ym get tm smart move slave smiles drink coffee await
ham,Quite ok but a bit ex... U better go eat smth now else i'll feel guilty...,,,,0,quite ok bit ex u better go eat smth else feel guilty
spam,"Orange brings you ringtones from all time Chart Heroes, with a free hit each week! Go to Ringtones & Pics on wap. To stop receiving these tips reply STOP.",,,,1,orange brings ringtones time chart heroes free hit week go ringtones pics wap stop receiving tips reply stop
ham,Lemme know when you're here,,,,0,lem know
spam,PRIVATE! Your 2003 Account Statement for 07973788240 shows 800 un-redeemed S. I. M. points. Call 08715203649 Identifier Code: 40533 Expires 31/10/04,,,,1,private account statement shows un redeemed points call identifier code expires
ham,He needs to stop going to bed and make with the fucking dealing,,,,0,needs stop going bed make fucking dealing
ham,"How are you, my Love ? Are you with your brother ? Time to talk english with him ? *grins* Say : Hey Muhommad, Penny says hello from across the sea",,,,0,love brother time talk english grins say hey muhommad penny says hello across sea
spam,We tried to call you re your reply to our sms for a video mobile 750 mins UNLIMITED TEXT + free camcorder Reply of call 08000930705 Now,,,,1,tried call reply sms video mobile mins unlimited text free camcorder reply call
ham,"Hey doc pls I want to get nice t shirt for my hubby nice fiting ones my budget is  &lt;#&gt; k help pls I will load d card abi hw,keep me posted luv. 2 mj",,,,0,hey doc pls want get nice shirt hubby nice fiting ones budget lt gt k help pls load card abi hw keep posted luv mj
ham,I remain unconvinced that this isn't an elaborate test of my willpower,,,,0,remain unconvinced elaborate test willpower
ham,"\Life is nothing wen v get everything\"". But \""life is everything wen v miss something \"". Real value of people wil be realized only in their absence.... gud mrng""",,,,0,life nothing wen v get everything life everything wen v miss something real value people wil realized absence gud mrng
ham,how are you? I miss you!,,,,0,miss
ham,I ain't answerin no phone at what is actually a pretty reasonable hour but I'm sleepy,,,,0,answerin phone actually pretty reasonable hour sleepy
ham,"Hey , is * rite u put åÈ10 evey mnth is that all?",,,,0,hey rite u put evey mnth
ham,i am going to bed now prin,,,,0,going bed prin
ham,I think just yourself Û_Thanks and see you tomo,,,,0,think thanks see tomo
ham,If u dun drive then how i go 2 sch.,,,,0,u dun drive go sch
ham,I not at home now lei...,,,,0,home lei
spam,GSOH? Good with SPAM the ladies?U could b a male gigolo? 2 join the uk's fastest growing mens club reply ONCALL. mjzgroup. 08714342399.2stop reply STOP. msg@å£1.50rcvd,,,,1,gsoh good spam ladies u could b male gigolo join uk fastest growing mens club reply oncall mjzgroup stop reply stop msg rcvd
ham,Do u hav any frnd by name ashwini in ur college?,,,,0,u hav frnd name ashwini ur college
ham,Jus finish my lunch on my way home lor... I tot u dun wan 2 stay in sch today...,,,,0,jus finish lunch way home lor tot u dun wan stay sch today
ham,K then 2marrow are you coming to class.,,,,0,k marrow coming class
spam,"HOT LIVE FANTASIES call now 08707500020 Just 20p per min NTT Ltd, PO Box 1327 Croydon CR9 5WB 0870 is a national rate call",,,,1,hot live fantasies call p per min ntt ltd po box croydon cr wb national rate call
ham,Pls send me your address sir.,,,,0,pls send address sir
ham,I want to lick your pussy now...,,,,0,want lick pussy
ham,"Yo, you gonna still be in stock tomorrow/today? I'm trying to get a dubsack",,,,0,yo gon na still stock tomorrow today trying get dubsack
spam,URGENT! Your Mobile number has been awarded a <UKP>2000 prize GUARANTEED. Call 09061790125 from landline. Claim 3030. Valid 12hrs only 150ppm,,,,1,urgent mobile number awarded ukp prize guaranteed call landline claim valid hrs ppm
ham,"I'll see, but prolly yeah",,,,0,see prolly yeah
ham,Thought we could go out for dinner. I'll treat you! Seem ok?,,,,0,thought could go dinner treat seem ok
ham,Where are you ? What do you do ? How can you stand to be away from me ? Doesn't your heart ache without me ? Don't you wonder of me ? Don't you crave me ?,,,,0,stand away heart ache without wonder crave
ham,Sorry. You never hear unless you book it. One was kinda a joke--thet were really looking for skinny white girls. The other was one line--you can only do so much on camera with that. Something like that they're casting on the look.,,,,0,sorry never hear unless book one kinda joke thet really looking skinny white girls one line much camera something like casting look
ham,"Sure thing big man. i have hockey elections at 6, shouldnÛ÷t go on longer than an hour though",,,,0,sure thing big man hockey elections go longer hour though
ham,Watch lor. I saw a few swatch one i thk quite ok. Ard 116 but i need 2nd opinion leh...,,,,0,watch lor saw swatch one thk quite ok ard need nd opinion leh
ham,Hiya do u like the hlday pics looked horrible in them so took mo out! Hows the camp Amrca thing? Speak soon Serena:),,,,0,hiya u like hlday pics looked horrible took mo hows camp amrca thing speak soon serena
ham,"Babe! How goes that day ? What are you up to ? I miss you already, my Love ... * loving kiss* ... I hope everything goes well.",,,,0,babe goes day miss already love loving kiss hope everything goes well
ham,Yunny... I'm goin to be late,,,,0,yunny goin late
ham,Doc prescribed me morphine cause the other pain meds aren't enough. Waiting for my mom to bring it. That med should kick in fast so I'm gonna try to be on later,,,,0,doc prescribed morphine cause pain meds enough waiting mom bring med kick fast gon na try later
ham,"Cool, want me to go to kappa or should I meet you outside mu",,,,0,cool want go kappa meet outside mu
ham,"Hey sexy buns ! Have I told you ? I adore you, loverboy. I hope you remember to thank your sister in law for those meatballs *grins* ... i love you, babe",,,,0,hey sexy buns told adore loverboy hope remember thank sister law meatballs grins love babe
ham,May b approve panalam...but it should have more posts..,,,,0,may b approve panalam posts
spam,"SPJanuary Male Sale! Hot Gay chat now cheaper, call 08709222922. National rate from 1.5p/min cheap to 7.8p/min peak! To stop texts call 08712460324 (10p/min)",,,,1,spjanuary male sale hot gay chat cheaper call national rate p min cheap p min peak stop texts call p min
ham,Me i'm not workin. Once i get job...,,,,0,workin get job
ham,And by when you're done I mean now,,,,0,done mean
ham,\Its Ur luck to Love someone. Its Ur fortune to Love the one who Loves U. But," its a miracle to Love a person who can't Love anyone except U...\"" Gud nyt...""",,,0,ur luck love someone ur fortune love one loves u
ham,Hi baby ive just got back from work and i was wanting to see u allday! I hope i didnt piss u off on the phone today. If u are up give me a call xxx,,,,0,hi baby ive got back work wanting see u allday hope didnt piss u phone today u give call xxx
spam,FreeMsg Today's the day if you are ready! I'm horny & live in your town. I love sex fun & games! Netcollex Ltd 08700621170150p per msg reply Stop to end,,,,1,freemsg today day ready horny live town love sex fun games netcollex ltd p per msg reply stop end
ham,Is it your yahoo boys that bring in the perf? Or legal.,,,,0,yahoo boys bring perf legal
ham,No need to say anything to me. I know i am an outsider,,,,0,need say anything know outsider
ham,have you ever had one foot before?,,,,0,ever one foot
ham,Just got to  &lt;#&gt;,,,,0,got lt gt
ham,"Good! No, donÛ÷t need any receiptsÛÓwell done! (Û_) Yes, please tell . WhatÛ÷s her number, i could ring her",,,,0,good need receipts well done yes please tell number could ring
ham,Leave it wif me lar... ÌÏ wan to carry meh so heavy... Is da num 98321561 familiar to Ì_?,,,,0,leave wif lar wan carry meh heavy da num familiar
ham,Beautiful truth : Expression of the face could Be seen by everyone... But the depression of heart Could be understood only By the Loved ones.. Gud Ni8;-),,,,0,beautiful truth expression face could seen everyone depression heart could understood loved ones gud ni
ham,Infact happy new year. How are you where are you when are we seeing,,,,0,infact happy new year seeing
spam,"In The Simpsons Movie released in July 2007 name the band that died at the start of the film? A-Green Day, B-Blue Day, C-Red Day. (Send A, B or C)",,,,1,simpsons movie released july name band died start film green day b blue day c red day send b c
ham,That's a shame! Maybe cld meet for few hrs tomo?,,,,0,shame maybe cld meet hrs tomo
ham,Lol I would but despite these cramps I like being a girl.,,,,0,lol would despite cramps like girl
ham,I canåÕt wait for cornwall. Hope tonight isnåÕt too bad as well but itåÕs rock night shite. Anyway iåÕm going for a kip now have a good night. Speak to you soon.,,,,0,wait cornwall hope tonight bad well rock night shite anyway going kip good night speak soon
ham,Pls help me tell sura that i'm expecting a battery from hont. And that if should pls send me a message about how to download movies. Thanks,,,,0,pls help tell sura expecting battery hont pls send message download movies thanks
spam,Please call Amanda with regard to renewing or upgrading your current T-Mobile handset free of charge. Offer ends today. Tel 0845 021 3680 subject to T's and C's,,,,1,please call amanda regard renewing upgrading current mobile handset free charge offer ends today tel subject c
ham,"Haven't found a way to get another app for your phone, eh ? Will you go to the net cafe ? Did you take that job? Geeee I need you babe. I crave to see you ...",,,,0,found way get another app phone eh go net cafe take job geeee need babe crave see
ham,I only work from mon to thurs but Sat i cant leh... Booked liao... Which other day u free?,,,,0,work mon thurs sat cant leh booked liao day u free
ham,ÌÏ comin to fetch us oredi...,,,,0,comin fetch us oredi
ham,What's nannys address?,,,,0,nannys address
ham,Haf u eaten? Wat time u wan me 2 come?,,,,0,haf u eaten wat time u wan come
spam,Want a new Video Phone? 750 anytime any network mins? Half price line rental free text for 3 months? Reply or call 08000930705 for free delivery,,,,1,want new video phone anytime network mins half price line rental free text months reply call free delivery
ham,"Yo, call me when you get the chance, a friend of mine wanted me to ask you about a big order",,,,0,yo call get chance friend mine wanted ask big order
ham,This single single answers are we fighting? Plus i said am broke and you didnt reply,,,,0,single single answers fighting plus said broke didnt reply
ham,It certainly puts things into perspective when something like this happens,,,,0,certainly puts things perspective something like happens
ham,Now got tv 2 watch meh? U no work today?,,,,0,got tv watch meh u work today
ham,i felt so...not any conveying reason.. Ese he... What about me?,,,,0,felt conveying reason ese
ham,How's it going? Got any exciting karaoke type activities planned? I'm debating whether to play football this eve. Feeling lazy though.,,,,0,going got exciting karaoke type activities planned debating whether play football eve feeling lazy though
ham,I told that am coming on wednesday.,,,,0,told coming wednesday
ham,"Its ok, called mom instead have fun",,,,0,ok called mom instead fun
spam,"Dear Voucher Holder, To claim this weeks offer, at your PC please go to http://www.wtlp.co.uk/text. Ts&Cs apply.",,,,1,dear voucher holder claim weeks offer pc please go http www wtlp co uk text ts cs apply
ham,Well if I'm that desperate I'll just call armand again,,,,0,well desperate call armand
ham,Are you at work right now ?,,,,0,work right
ham,Haven't heard anything and he's not answering my texts so I'm guessing he flaked. That said the jb is fantastic,,,,0,heard anything answering texts guessing flaked said jb fantastic
ham,"Mmmmmm ... I love you,so much, Ahmad ... I can't wait for this year to begin as every second takes me closer to being at your side. Happy New Year, my love!!",,,,0,mmmmmm love much ahmad wait year begin every second takes closer side happy new year love
ham,Pls what's the full name of joke's school cos fees in university of florida seem to actually be  &lt;#&gt; k. Pls holla back,,,,0,pls full name joke school cos fees university florida seem actually lt gt k pls holla back
ham,Ok... But they said i've got wisdom teeth hidden inside n mayb need 2 remove.,,,,0,ok said got wisdom teeth hidden inside n mayb need remove
ham,And pls pls drink plenty plenty water,,,,0,pls pls drink plenty plenty water
ham,How are you doing. How's the queen. Are you going for the royal wedding,,,,0,queen going royal wedding
ham,He's in lag. That's just the sad part but we keep in touch thanks to skype,,,,0,lag sad part keep touch thanks skype
ham,Ok lor then we go tog lor...,,,,0,ok lor go tog lor
ham,Two teams waiting for some players,,,,0,two teams waiting players
ham,Can Ì_ send me a copy of da report?,,,,0,send copy da report
ham,"swhrt how u dey,hope ur ok, tot about u 2day.love n miss.take care.",,,,0,swhrt u dey hope ur ok tot u day love n miss take care
ham,"Ok da, i already planned. I wil pick you.",,,,0,ok da already planned wil pick
spam,"Urgent! Please call 0906346330. Your ABTA complimentary 4* Spanish Holiday or å£10,000 cash await collection SAE T&Cs BOX 47 PO19 2EZ 150ppm 18+",,,,1,urgent please call abta complimentary spanish holiday cash await collection sae cs box po ez ppm
ham,I just really need shit before tomorrow and I know you won't be awake before like 6,,,,0,really need shit tomorrow know awake like
ham,I'm good. Have you registered to vote?,,,,0,good registered vote
ham,"Hmm ok, i'll stay for like an hour cos my eye is really sore!",,,,0,hmm ok stay like hour cos eye really sore
ham,Dear got bus directly to calicut,,,,0,dear got bus directly calicut
ham,Mm umma ask vava also to come tell him can play later together,,,,0,mm umma ask vava also come tell play later together
ham,"Well the general price is  &lt;#&gt; /oz, let me know if/when/how much you want",,,,0,well general price lt gt oz let know much want
ham,"Each Moment in a day,has its own value-Morning brings hope,afternoon brings faith,Evening brings luv,Night brings rest,Wish u find them all today.Good Morning",,,,0,moment day value morning brings hope afternoon brings faith evening brings luv night brings rest wish u find today good morning
ham,&lt;#&gt;  w jetton ave if you forgot,,,,0,lt gt w jetton ave forgot
ham,Ok i'm coming home now.,,,,0,ok coming home
ham,Can not use foreign stamps in this country.,,,,0,use foreign stamps country
ham,"Sorry, it's a lot of friend-of-a-friend stuff, I'm just now about to talk to the actual guy who wants to buy",,,,0,sorry lot friend friend stuff talk actual guy wants buy
spam,"cmon babe, make me horny, *turn* me on! Txt me your fantasy now babe -) Im hot, sticky and need you now. All replies cost å£1.50. 2 cancel send STOP",,,,1,cmon babe make horny turn txt fantasy babe im hot sticky need replies cost cancel send stop
ham,Wylie update: my weed dealer carlos went to freedom and had a class with lunsford,,,,0,wylie update weed dealer carlos went freedom class lunsford
ham,Are you happy baby ? Are you alright ? Did you take that job ? I hope your fine. I send you a kiss to make you smile from across the sea ... *kiss* *kiss*,,,,0,happy baby alright take job hope fine send kiss make smile across sea kiss kiss
ham,C movie is juz last minute decision mah. Juz watch 2 lar but i tot Ì_ not interested.,,,,0,c movie juz last minute decision mah juz watch lar tot interested
ham,How are you enjoying this semester? Take care brother.,,,,0,enjoying semester take care brother
spam,IMPORTANT INFORMATION 4 ORANGE USER 0796XXXXXX. TODAY IS UR LUCKY DAY!2 FIND OUT WHY LOG ONTO http://www.urawinner.com THERE'S A FANTASTIC PRIZEAWAITING YOU!,,,,1,important information orange user xxxxxx today ur lucky day find log onto http www urawinner com fantastic prizeawaiting
ham,"Get the door, I'm here",,,,0,get door
ham,"Lets use it next week, princess :)",,,,0,lets use next week princess
ham,Or i go home first lar Ì_ wait 4 me lor.. I put down my stuff first..,,,,0,go home first lar wait lor put stuff first
ham,I want kfc its Tuesday. Only buy 2 meals ONLY 2. No gravy. Only 2 Mark. 2!,,,,0,want kfc tuesday buy meals gravy mark
ham,No da:)he is stupid da..always sending like this:)don believe any of those message.pandy is a mental:),,,,0,da stupid da always sending like believe message pandy mental
ham,Oi when you gonna ring,,,,0,oi gon na ring
spam,Missed call alert. These numbers called but left no message. 07008009200,,,,1,missed call alert numbers called left message
ham,I attended but nothing is there.,,,,0,attended nothing
ham,Ard 530 like dat lor. We juz meet in mrt station then Ì_ dun haf to come out.,,,,0,ard like dat lor juz meet mrt station dun haf come
ham,No dear i was sleeping :-P,,,,0,dear sleeping p
ham,Er mw im filled tuth is aight,,,,0,er mw im filled tuth aight
ham,Will be office around 4 pm. Now i am going hospital.,,,,0,office around pm going hospital
ham,Actually i'm waiting for 2 weeks when they start putting ad.,,,,0,actually waiting weeks start putting ad
ham,Anything lor if they all go then i go lor...,,,,0,anything lor go go lor
ham,U free on sat rite? U wan 2 watch infernal affairs wif me n darren n mayb xy?,,,,0,u free sat rite u wan watch infernal affairs wif n darren n mayb xy
ham,Yo you around? A friend of mine's lookin to pick up later tonight,,,,0,yo around friend mine lookin pick later tonight
ham,Stupid auto correct on my phone,,,,0,stupid auto correct phone
ham,Double eviction this week - Spiral and Michael and good riddance to them!,,,,0,double eviction week spiral michael good riddance
ham,"\The world suffers a lot... Not because of the violence of bad people. But because of the silence of good people!\"""," Gud night....""",,,0,world suffers lot violence bad people silence good people
ham,"Ok thats cool. Its , just off either raglan rd or edward rd. Behind the cricket ground. Gimme ring when ur closeby see you tuesday.",,,,0,ok thats cool either raglan rd edward rd behind cricket ground gim ring ur closeby see tuesday
ham,Buy one egg for me da..please:),,,,0,buy one egg da please
ham,Have you started in skye,,,,0,started skye
ham,Have you bookedthe hut? And also your time off? How are you by the way?,,,,0,bookedthe hut also time way
ham,And several to you sir.,,,,0,several sir
ham,U really pig leh sleep so much. My dad wake me up at 10 smth 2 eat lunch today.,,,,0,u really pig leh sleep much dad wake smth eat lunch today
ham,My love ... I hope your not doing anything drastic. Don't you dare sell your pc or your phone ...,,,,0,love hope anything drastic dare sell pc phone
spam,FREEMSG: Our records indicate you may be entitled to 3750 pounds for the Accident you had. To claim for free reply with YES to this msg. To opt out text STOP,,,,1,freemsg records indicate may entitled pounds accident claim free reply yes msg opt text stop
ham,Life style garments account no please.,,,,0,life style garments account please
ham,Lol wtf random. Btw is that your lunch break,,,,0,lol wtf random btw lunch break
ham,"Sez, hows u & de arab boy? Hope u r all good give my love 2 evry1 love ya eshxxxxxxxxxxx",,,,0,sez hows u de arab boy hope u r good give love evry love ya eshxxxxxxxxxxx
ham,"The LAY MAN! Just to let you know you are missed and thought off. Do have a great day. And if you can send me bimbo and ugo's numbers, ill appreciate. Safe",,,,0,lay man let know missed thought great day send bimbo ugo numbers ill appreciate safe
ham,Detroit. The home of snow. Enjoy it.,,,,0,detroit home snow enjoy
spam,Show ur colours! Euro 2004 2-4-1 Offer! Get an England Flag & 3Lions tone on ur phone! Click on the following service message for info!,,,,1,show ur colours euro offer get england flag lions tone ur phone click following service message info
ham,"Aight, I'm chillin in a friend's room so text me when you're on the way",,,,0,aight chillin friend room text way
ham,Is toshiba portege m100 gd?,,,,0,toshiba portege gd
ham,Well welp is sort of a semiobscure internet thing,,,,0,well welp sort semiobscure internet thing
spam,Text PASS to 69669 to collect your polyphonic ringtones. Normal gprs charges apply only. Enjoy your tones,,,,1,text pass collect polyphonic ringtones normal gprs charges apply enjoy tones
spam,"accordingly. I repeat, just text the word ok on your mobile phone and send",,,,1,accordingly repeat text word ok mobile phone send
ham,Loosu go to hospital. De dont let it careless.,,,,0,loosu go hospital de dont let careless
ham,How much for an eighth?,,,,0,much eighth
ham,Omg Joanna is freaking me out. She's looked thru all my friends to find photos of me. And then she's asking about stuff on my MySpace which I haven't even logged on in like a year. :/,,,,0,omg joanna freaking looked thru friends find photos asking stuff myspace even logged like year
ham,"Send ur birthdate with month and year, I will tel u ur LIFE PARTNER'S name. and the method of calculation. Reply must.",,,,0,send ur birthdate month year tel u ur life partner name method calculation reply must
ham,Juz now havent woke up so a bit blur blur... Can? Dad went out liao... I cant cum now oso...,,,,0,juz havent woke bit blur blur dad went liao cant cum oso
ham,"How about clothes, jewelry, and trips?",,,,0,clothes jewelry trips
spam,Block Breaker now comes in deluxe format with new features and great graphics from T-Mobile. Buy for just å£5 by replying GET BBDELUXE and take the challenge,,,,1,block breaker comes deluxe format new features great graphics mobile buy replying get bbdeluxe take challenge
ham,Aah! A cuddle would be lush! I'd need lots of tea and soup before any kind of fumbling!,,,,0,aah cuddle would lush need lots tea soup kind fumbling
spam,important information 4 orange user . today is your lucky day!2find out why log onto http://www.urawinner.com THERE'S A FANTASTIC SURPRISE AWAITING YOU!,,,,1,important information orange user today lucky day find log onto http www urawinner com fantastic surprise awaiting
ham,Are you plans with your family set in stone ?,,,,0,plans family set stone
ham,Pls dont forget to study,,,,0,pls dont forget study
ham,You'll never believe this but i have actually got off at taunton. Wow,,,,0,never believe actually got taunton wow
ham,"Den only weekdays got special price... Haiz... Cant eat liao... Cut nails oso muz wait until i finish drivin wat, lunch still muz eat wat... ",,,,0,den weekdays got special price haiz cant eat liao cut nails oso muz wait finish drivin wat lunch still muz eat wat
ham,She just broke down a list of reasons why nobody's in town and I can't tell if she's being sarcastic or just faggy,,,,0,broke list reasons nobody town tell sarcastic faggy
ham, &lt;DECIMAL&gt; m but its not a common car here so its better to buy from china or asia. Or if i find it less expensive. I.ll holla,,,,0,lt decimal gt common car better buy china asia find less expensive holla
ham,The greatest test of courage on earth is to bear defeat without losing heart....gn tc,,,,0,greatest test courage earth bear defeat without losing heart gn tc
ham,SORRY IM STIL FUCKED AFTER LAST NITE WENT TOBED AT 430 GOT UP 4 WORK AT 630,,,,0,sorry im stil fucked last nite went tobed got work
ham,Hey so whats the plan this sat? ,,,,0,hey whats plan sat
ham,Beauty sleep can help ur pimples too.,,,,0,beauty sleep help ur pimples
ham,Great. Hope you are using your connections from mode men also cos you can never know why old friends can lead you to today,,,,0,great hope using connections mode men also cos never know old friends lead today
spam,Natalja (25/F) is inviting you to be her friend. Reply YES-440 or NO-440 See her: www.SMS.ac/u/nat27081980 STOP? Send STOP FRND to 62468,,,,1,natalja f inviting friend reply yes see www sms ac u nat stop send stop frnd
ham,Where to get those?,,,,0,get
ham,"Kind of. Just missed train cos of asthma attack, nxt one in half hr so driving in. not sure where to park.",,,,0,kind missed train cos asthma attack nxt one half hr driving sure park
ham,Ball is moving a lot.will spin in last :)so very difficult to bat:),,,,0,ball moving lot spin last difficult bat
ham,Haiyoh... Maybe your hamster was jealous of million,,,,0,haiyoh maybe hamster jealous million
ham,Can you please send me my aunty's number,,,,0,please send aunty number
ham,I'm glad. You are following your dreams.,,,,0,glad following dreams
ham,I've reached home finally...,,,,0,reached home finally
spam,"URGENT. Important information for 02 user. Today is your lucky day! 2 find out why , log onto http://www.urawinner.com there is a fantastic surprise awaiting you !",,,,1,urgent important information user today lucky day find log onto http www urawinner com fantastic surprise awaiting
ham,"Wn u r hurt by d prsn who s close 2 u, do fight wit dem. Coz somtimes dis fight saves a relation bt being quiet leaves nothin in a relation.. Gud eveB-)",,,,0,wn u r hurt prsn close u fight wit dem coz somtimes dis fight saves relation bt quiet leaves nothin relation gud eveb
ham,U can call now...,,,,0,u call
ham,"Science tells that chocolate will melt under the sunlight. Please don't walk under the sunlight. BCoz,I don't want to loss a sweet friend.",,,,0,science tells chocolate melt sunlight please walk sunlight bcoz want loss sweet friend
ham,Yes. I come to nyc for audiitions and am trying to relocate.,,,,0,yes come nyc audiitions trying relocate
ham,I pocked you up there before,,,,0,pocked
ham,Congrats. That's great. I wanted to tell you not to tell me your score cos it might make me relax. But its motivating me so thanks for sharing,,,,0,congrats great wanted tell tell score cos might make relax motivating thanks sharing
ham,I wud never mind if u dont miss me or if u dont need me.. But u wil really hurt me wen u need me &amp; u dont tell me......... Take care:-),,,,0,wud never mind u dont miss u dont need u wil really hurt wen u need amp u dont tell take care
ham,Hey mr whats the name of that bill brison book the one about language and words ,,,,0,hey mr whats name bill brison book one language words
ham,"Okay, good, no problem, and thanx!",,,,0,okay good problem thanx
ham,"For you information, IKEA is spelled with all caps. That is not yelling. when you thought i had left you, you were sitting on the bed among the mess when i came in. i said we were going after you got home from class. please don't try and bullshit me. It makes me want to listen to you less.",,,,0,information ikea spelled caps yelling thought left sitting bed among mess came said going got home class please try bullshit makes want listen less
ham,Call me when u're done...,,,,0,call u done
ham,G.W.R,,,,0,g w r
ham,You best watch what you say cause I get drunk as a motherfucker,,,,0,best watch say cause get drunk motherfucker
spam,Kit Strip - you have been billed 150p. Netcollex Ltd. PO Box 1013 IG11 OJA,,,,1,kit strip billed p netcollex ltd po box ig oja
spam,Please CALL 08712402578 immediately as there is an urgent message waiting for you,,,,1,please call immediately urgent message waiting
spam,thesmszone.com lets you send free anonymous and masked messages..im sending this message from there..do you see the potential for abuse???,,,,1,thesmszone com lets send free anonymous masked messages im sending message see potential abuse
ham,"Erm... Woodland avenue somewhere. Do you get the parish magazine, his telephone number will be in there.",,,,0,erm woodland avenue somewhere get parish magazine telephone number
ham,Are there TA jobs available? Let me know please cos i really need to start working,,,,0,ta jobs available let know please cos really need start working
ham,Aiyar hard 2 type. U later free then tell me then i call n scold n tell u.,,,,0,aiyar hard type u later free tell call n scold n tell u
ham,Yup i'm free...,,,,0,yup free
ham,"Good good, billy mates all gone. Just been jogging, again! Did enjoy concert?",,,,0,good good billy mates gone jogging enjoy concert
ham,Yo come over carlos will be here soon,,,,0,yo come carlos soon
ham,Awww dat is sweet! We can think of something to do he he! Have a nice time tonight ill probably txt u later cos im lonely :( xxx.,,,,0,awww dat sweet think something nice time tonight ill probably txt u later cos im lonely xxx
ham,I guess it is useless calling u 4 something important.,,,,0,guess useless calling u something important
ham,Ha ha - had popped down to the loo when you hello-ed me. Hello!,,,,0,ha ha popped loo hello ed hello
ham,He dint tell anything. He is angry on me that why you told to abi.,,,,0,dint tell anything angry told abi
ham,It so happens that there r 2waxsto do wat you want. She can come and ill get her medical insurance. And she'll be able to deliver and have basic care. I'm currently shopping for the right medical insurance for her. So just give me til friday morning. Thats when i.ll see the major person that can guide me to the right insurance.,,,,0,happens r waxsto wat want come ill get medical insurance able deliver basic care currently shopping right medical insurance give til friday morning thats see major person guide right insurance
ham,I keep ten rs in my shelf:) buy two egg.,,,,0,keep ten rs shelf buy two egg
ham,"I wasn't well babe, i have swollen glands at my throat ... What did you end up doing ?",,,,0,well babe swollen glands throat end
ham,Is ur changes 2 da report big? Cos i've already made changes 2 da previous report.,,,,0,ur changes da report big cos already made changes da previous report
ham,Captain is in our room:),,,,0,captain room
ham,"I can't speak, bcaz mobile have problem. I can listen you but you cann't listen my voice. So i calls you later.",,,,0,speak bcaz mobile problem listen cann listen voice calls later
ham,HIYA STU WOT U UP 2.IM IN SO MUCH TRUBLE AT HOME AT MOMENT EVONE HATES ME EVEN U! WOT THE HELL AV I DONE NOW? Y WONT U JUST TELL ME TEXT BCK PLEASE LUV DAN ,,,,0,hiya stu wot u im much truble home moment evone hates even u wot hell av done wont u tell text bck please luv dan
ham,S...i will take mokka players only:),,,,0,take mokka players
ham,Are you still playing with gautham?,,,,0,still playing gautham
ham,Hey mr  and I are going to the sea view and having a couple of gays I mean games! Give me a bell when ya finish ,,,,0,hey mr going sea view couple gays mean games give bell ya finish
ham,"K, jason says he's gonna be around so I'll be up there around  &lt;#&gt;",,,,0,k jason says gon na around around lt gt
ham,Sorry . I will be able to get to you. See you in the morning.,,,,0,sorry able get see morning
ham,Aight well keep me informed,,,,0,aight well keep informed
ham,Am only searching for good dual sim mobile pa.,,,,0,searching good dual sim mobile pa
ham,That seems unnecessarily hostile,,,,0,seems unnecessarily hostile
ham,Dude got a haircut. Now its breezy up there,,,,0,dude got haircut breezy
spam,"Congrats! 2 mobile 3G Videophones R yours. call 09061744553 now! videochat wid ur mates, play java games, Dload polyH music, noline rentl. bx420. ip4. 5we. 150pm",,,,1,congrats mobile g videophones r call videochat wid ur mates play java games dload polyh music noline rentl bx ip pm
ham,1Apple/Day=No Doctor. 1Tulsi Leaf/Day=No Cancer. 1Lemon/Day=No Fat. 1Cup Milk/day=No Bone Problms 3 Litres Watr/Day=No Diseases Snd ths 2 Whom U Care..:-),,,,0,apple day doctor tulsi leaf day cancer lemon day fat cup milk day bone problms litres watr day diseases snd ths u care
ham,i thought we were doing a king of the hill thing there.,,,,0,thought king hill thing
ham,Nope i'll come online now..,,,,0,nope come online
ham,ALSO TELL HIM I SAID HAPPY BIRTHDAY,,,,0,also tell said happy birthday
ham,Y bishan lei... I tot Ì_ say lavender? ,,,,0,bishan lei tot say lavender
ham,Boo what time u get out? U were supposed to take me shopping today. :(,,,,0,boo time u get u supposed take shopping today
ham,"Now u sound like manky scouse boy steve,like! I is travelling on da bus home.wot has u inmind 4 recreation dis eve?",,,,0,u sound like manky scouse boy steve like travelling da bus home wot u inmind recreation dis eve
ham,"Fyi I'm taking a quick shower, be at epsilon in like  &lt;#&gt;  min",,,,0,fyi taking quick shower epsilon like lt gt min
ham,on a Tuesday night r u 4 real,,,,0,tuesday night r u real
ham,Yes when is the appt again?,,,,0,yes appt
ham,Just got outta class gonna go gym.,,,,0,got outta class gon na go gym
ham,I want to sent  &lt;#&gt; mesages today. Thats y. Sorry if i hurts,,,,0,want sent lt gt mesages today thats sorry hurts
ham,ÌÏ all write or wat..,,,,0,write wat
ham,Ha! I wouldn't say that I just didn't read anything into way u seemed. I don't like 2 be judgemental....i save that for fridays in the pub!,,,,0,ha say read anything way u seemed like judgemental save fridays pub
ham,Its a valentine game. . . send dis msg to all ur friends. . If 5 answers r d same then someone really loves u. . Ques- which colour suits me the best?,,,,0,valentine game send dis msg ur friends answers r someone really loves u ques colour suits best
ham,Hi:)did you asked to waheeda fathima about leave?,,,,0,hi asked waheeda fathima leave
ham,Enjoy urself tmr...,,,,0,enjoy urself tmr
ham,You still around? I could use a half-8th,,,,0,still around could use half th
ham,You give us back my id proof and  &lt;#&gt;  rs. We wont allow you to work. We will come to your home within days,,,,0,give us back id proof lt gt rs wont allow work come home within days
ham,ÌÏ bot notes oredi... Cos i juz rem i got...,,,,0,bot notes oredi cos juz rem got
ham,Yes. Rent is very expensive so its the way we save.,,,,0,yes rent expensive way save
ham,Hows the pain dear?y r u smiling?,,,,0,hows pain dear r u smiling
ham,"Fun fact: although you would think armand would eventually build up a tolerance or some shit considering how much he smokes, he gets fucked up in like 2 hits",,,,0,fun fact although would think armand would eventually build tolerance shit considering much smokes gets fucked like hits
spam,important information 4 orange user 0789xxxxxxx. today is your lucky day!2find out why log onto http://www.urawinner.com THERE'S A FANTASTIC SURPRISE AWAITING YOU!,,,,1,important information orange user xxxxxxx today lucky day find log onto http www urawinner com fantastic surprise awaiting
ham,Great. So should i send you my account number.,,,,0,great send account number
ham,"HELLOGORGEOUS, HOWS U? MY FONE WAS ON CHARGE LST NITW WEN U TEXD ME. HOPEU AD A NICE WKEND AS IM SURE U DID LOOKIN 4WARD 2 C-IN U 2MRW LUV JAZ",,,,0,hellogorgeous hows u fone charge lst nitw wen u texd hopeu ad nice wkend im sure u lookin ward c u mrw luv jaz
spam,"Our dating service has been asked 2 contact U by someone shy! CALL 09058091870 NOW all will be revealed. POBox84, M26 3UZ 150p",,,,1,dating service asked contact u someone shy call revealed pobox uz p
ham,ÌÏ only send me the contents page...,,,,0,send contents page
ham,"Night sweet, sleep well! I've just been to see The Exorcism of Emily Rose and may never sleep again! Hugs and snogs! ",,,,0,night sweet sleep well see exorcism emily rose may never sleep hugs snogs
ham,"Don't Think About \What u Have Got\"" Think About \""How to Use It That You Have Got\"" gooD ni8""",,,,0,think u got think use got good ni
ham,"I can't right this second, gotta hit people up first",,,,0,right second got ta hit people first
ham,"Evry Emotion dsn't hav Words.Evry Wish dsn't hav Prayrs.. If u Smile,D World is wit u.Othrwise even d Drop of Tear dsn't lik 2 Stay wit u.So b happy.. Good morning, keep smiling:-)",,,,0,evry emotion dsn hav words evry wish dsn hav prayrs u smile world wit u othrwise even drop tear dsn lik stay wit u b happy good morning keep smiling
ham,So what about you. What do you remember,,,,0,remember
ham,Ujhhhhhhh computer shipped out with address to sandiago and parantella lane. Wtf. Poop.,,,,0,ujhhhhhhh computer shipped address sandiago parantella lane wtf poop
ham,Mm yes dear look how i am hugging you both. :-P,,,,0,mm yes dear look hugging p
ham,I like dis sweater fr mango but no more my size already so irritating.,,,,0,like dis sweater fr mango size already irritating
ham,1 I don't have her number and 2 its gonna be a massive pain in the ass and i'd rather not get involved if that's possible,,,,0,number gon na massive pain ass rather get involved possible
ham,Anytime lor...,,,,0,anytime lor
spam,Do you want a new Video handset? 750 any time any network mins? UNLIMITED TEXT? Camcorder? Reply or Call now 08000930705 for del Sat AM,,,,1,want new video handset time network mins unlimited text camcorder reply call del sat
spam,"Ur balance is now å£600. Next question: Complete the landmark, Big, A. Bob, B. Barry or C. Ben ?. Text A, B or C to 83738. Good luck!",,,,1,ur balance next question complete landmark big bob b barry c ben text b c good luck
ham,Me fine..absolutly fine,,,,0,fine absolutly fine
ham,K and you're sure I don't have to have consent forms to do it :V,,,,0,k sure consent forms v
spam,Ur TONEXS subscription has been renewed and you have been charged å£4.50. You can choose 10 more polys this month. www.clubzed.co.uk *BILLING MSG*,,,,1,ur tonexs subscription renewed charged choose polys month www clubzed co uk billing msg
spam,"If you don't, your prize will go to another customer. T&C at www.t-c.biz 18+ 150p/min Polo Ltd Suite 373 London W1J 6HL Please call back if busy",,,,1,prize go another customer c www c biz p min polo ltd suite london w j hl please call back busy
ham,How much is torch in 9ja.,,,,0,much torch ja
ham,"Doing nothing, then u not having dinner w us?",,,,0,nothing u dinner w us
ham,How are you. Just checking up on you,,,,0,checking
ham,Done it but internet connection v slow and canÛ÷t send it. Will try again later or first thing tomo.,,,,0,done internet connection v slow send try later first thing tomo
ham,Mathews or tait or edwards or anderson,,,,0,mathews tait edwards anderson
ham,yeah sure thing mate haunt got all my stuff sorted but im going sound anyway promoting hex for .by the way who is this? dont know number. Joke,,,,0,yeah sure thing mate haunt got stuff sorted im going sound anyway promoting hex way dont know number joke
ham,No need lar i go engin? Cos my sis at arts today...,,,,0,need lar go engin cos sis arts today
ham,Thanks honey but still haven't heard anything I will leave it a bit longer so not 2 crowd him and will try later - great advice thanks hope cardiff is still there!,,,,0,thanks honey still heard anything leave bit longer crowd try later great advice thanks hope cardiff still
spam,Do you want a New Nokia 3510i Colour Phone Delivered Tomorrow? With 200 FREE minutes to any mobile + 100 FREE text + FREE camcorder Reply or Call 8000930705,,,,1,want new nokia colour phone delivered tomorrow free minutes mobile free text free camcorder reply call
ham,", im .. On the snowboarding trip. I was wondering if your planning to get everyone together befor we go..a meet and greet kind of affair? Cheers, ",,,,0,im snowboarding trip wondering planning get everyone together befor go meet greet kind affair cheers
ham,S.i'm watching it in live..,,,,0,watching live
ham,"see you then, we're all christmassy here!",,,,0,see christmassy
ham,"K I'm ready,  &lt;#&gt; ?",,,,0,k ready lt gt
ham,what are your new years plans?,,,,0,new years plans
spam,RECPT 1/3. You have ordered a Ringtone. Your order is being processed...,,,,1,recpt ordered ringtone order processed
ham,Baaaaaaaabe! Wake up ! I miss you ! I crave you! I need you!,,,,0,baaaaaaaabe wake miss crave need
ham,"Only just got this message, not ignoring you. Yes, i was. Shopping that is",,,,0,got message ignoring yes shopping
ham,Dear :-/ why you mood off. I cant drive so i brother to drive,,,,0,dear mood cant drive brother drive
ham,When did dad get back.,,,,0,dad get back
ham,"Can you tell Shola to please go to college of medicine and visit the academic department, tell the academic secretary what the current situation is and ask if she can transfer there. She should ask someone to check Sagamu for the same thing and lautech. Its vital she completes her medical education in Nigeria. Its less expensive much less expensive. Unless she will be getting citizen rates in new zealand.",,,,0,tell shola please go college medicine visit academic department tell academic secretary current situation ask transfer ask someone check sagamu thing lautech vital completes medical education nigeria less expensive much less expensive unless getting citizen rates new zealand
ham,Yes just finished watching days of our lives. I love it.,,,,0,yes finished watching days lives love
ham,Juz go google n search 4 qet...,,,,0,juz go google n search qet
ham,Many times we lose our best ones bcoz we are ,,,,0,many times lose best ones bcoz
ham,"Good FRIENDS CaRE for each Other.. CLoSE Friends UNDERSTaND each Other... and TRUE Friends STaY forever beyond words, beyond time. Gud ni8",,,,0,good friends care close friends understand true friends stay forever beyond words beyond time gud ni
ham,Just getting back home,,,,0,getting back home
ham,"Sorry, I'll call later  &lt;#&gt; mins",,,,0,sorry call later lt gt mins
ham,Dun need to use dial up juz open da browser n surf...,,,,0,dun need use dial juz open da browser n surf
spam,As one of our registered subscribers u can enter the draw 4 a 100 G.B. gift voucher by replying with ENTER. To unsubscribe text STOP,,,,1,one registered subscribers u enter draw g b gift voucher replying enter unsubscribe text stop
ham,"Awesome, plan to get here any time after like  &lt;#&gt; , I'll text you details in a wee bit",,,,0,awesome plan get time like lt gt text details wee bit
ham,Take care and sleep well.you need to learn to change in life.you only need to get CONVINCED on that.i will wait but no more conversations between us.GET CONVINCED by that time.Your family is over for you in many senses.respect them but not overemphasise.or u have no role in my life.,,,,0,take care sleep well need learn change life need get convinced wait conversations us get convinced time family many senses respect overemphasise u role life
spam,"For your chance to WIN a FREE Bluetooth Headset then simply reply back with \ADP\""""",,,,1,chance win free bluetooth headset simply reply back adp
ham,You also didnt get na hi hi hi hi hi,,,,0,also didnt get na hi hi hi hi hi
ham,Ya but it cant display internal subs so i gotta extract them,,,,0,ya cant display internal subs got ta extract
ham,If i said anything wrong sorry de:-),,,,0,said anything wrong sorry de
ham,How stupid to say that i challenge god.You dont think at all on what i write instead you respond immed.,,,,0,stupid say challenge god dont think write instead respond immed
ham,"Yeah I should be able to, I'll text you when I'm ready to meet up",,,,0,yeah able text ready meet
ham,V skint too but fancied few bevies.waz gona go meet &othrs in spoon but jst bin watchng planet earth&sofa is v comfey; If i dont make it hav gd night,,,,0,v skint fancied bevies waz gona go meet othrs spoon jst bin watchng planet earth sofa v comfey dont make hav gd night
ham," says that he's quitting at least5times a day so i wudn't take much notice of that. Nah, she didn't mind. Are you gonna see him again? Do you want to come to taunton tonight? U can tell me all about !",,,,0,says quitting least times day wudn take much notice nah mind gon na see want come taunton tonight u tell
ham,"When you get free, call me",,,,0,get free call
ham,How have your little darlings been so far this week? Need a coffee run tomo?Can't believe it's that time of week already Û_,,,,0,little darlings far week need coffee run tomo believe time week already
ham,Still at west coast... Haiz... ÌÏ'll take forever to come back...,,,,0,still west coast haiz take forever come back
ham,MMM ... Fuck .... Merry Christmas to me,,,,0,mmm fuck merry christmas
ham,alright. Thanks for the advice. Enjoy your night out. I'ma try to get some sleep...,,,,0,alright thanks advice enjoy night try get sleep
ham,Update your face book status frequently :),,,,0,update face book status frequently
ham,Just now saw your message.it k da:),,,,0,saw message k da
ham,Was it something u ate?,,,,0,something u ate
ham,So what did the bank say about the money?,,,,0,bank say money
ham,Aiyar dun disturb u liao... Thk u have lots 2 do aft ur cupboard come...,,,,0,aiyar dun disturb u liao thk u lots aft ur cupboard come
ham,Hey they r not watching movie tonight so i'll prob b home early...,,,,0,hey r watching movie tonight prob b home early
ham,Yar lor... How u noe? U used dat route too?,,,,0,yar lor u noe u used dat route
ham,2mro i am not coming to gym machan. Goodnight.,,,,0,mro coming gym machan goodnight
ham,Dont think you need yellow card for uk travel. Ask someone that has gone before. If you do its just  &lt;#&gt; bucks,,,,0,dont think need yellow card uk travel ask someone gone lt gt bucks
ham,Can u look 4 me in da lib i got stuff havent finish yet.,,,,0,u look da lib got stuff havent finish yet
ham,Sounds great! Im going to sleep now. Have a good night!,,,,0,sounds great im going sleep good night
spam,Don't b floppy... b snappy & happy! Only gay chat service with photo upload call 08718730666 (10p/min). 2 stop our texts call 08712460324,,,,1,b floppy b snappy happy gay chat service photo upload call p min stop texts call
ham,How come u got nothing to do?,,,,0,come u got nothing
ham,Nothing will ever be easy. But don't be looking for a reason not to take a risk on life and love,,,,0,nothing ever easy looking reason take risk life love
ham,i want to grasp your pretty booty :),,,,0,want grasp pretty booty
ham,I've got it down to a tea. not sure which flavour,,,,0,got tea sure flavour
ham,I'm going 2 orchard now laready me reaching soon. U reaching?,,,,0,going orchard laready reaching soon u reaching
ham,Dear i am not denying your words please,,,,0,dear denying words please
ham,You know my old Dom I told you about yesterday ? His name is Roger? He got in touch with me last night and wants me to meet him today at 2 pm,,,,0,know old dom told yesterday name roger got touch last night wants meet today pm
ham,COME BACK TO TAMPA FFFFUUUUUUU,,,,0,come back tampa ffffuuuuuuu
ham,"2 celebrate my båÕday, y else?",,,,0,celebrate b day else
ham,Merry christmas to u too annie!,,,,0,merry christmas u annie
ham,Please tell me you have some of that special stock you were talking about,,,,0,please tell special stock talking
ham,I sent them. Do you like?,,,,0,sent like
ham,"Awesome, be there in a minute",,,,0,awesome minute
ham,"And that is the problem. You walk around in \julianaland\"" oblivious to what is going on around you. I say the same things constantly and they go in one ear and out the other while you go off doing whatever you want to do. It's not that you don't know why I'm upset--it's that you don't listen when i tell you WHAT is going to upset me. Then you want to be surprised when I'm mad.""",,,,0,problem walk around julianaland oblivious going around say things constantly go one ear go whatever want know upset listen tell going upset want surprised mad
ham,I've told you everything will stop. Just dont let her get dehydrated.,,,,0,told everything stop dont let get dehydrated
ham,Or I guess  &lt;#&gt;  min,,,,0,guess lt gt min
ham,I'm home. Ard wat time will u reach?,,,,0,home ard wat time u reach
ham,"If you want to mapquest it or something look up \usf dogwood drive\"""," that's the tiny street where the parking lot is""",,,0,want mapquest something look usf dogwood drive
ham,Aight should I just plan to come up later tonight?,,,,0,aight plan come later tonight
ham,Die... I accidentally deleted e msg i suppose 2 put in e sim archive. Haiz... I so sad...,,,,0,die accidentally deleted e msg suppose put e sim archive haiz sad
spam,"Welcome to UK-mobile-date this msg is FREE giving you free calling to 08719839835. Future mgs billed at 150p daily. To cancel send \go stop\"" to 89123""",,,,1,welcome uk mobile date msg free giving free calling future mgs billed p daily cancel send go stop
ham,This is wishing you a great day. Moji told me about your offer and as always i was speechless. You offer so easily to go to great lengths on my behalf and its stunning. My exam is next friday. After that i will keep in touch more. Sorry.,,,,0,wishing great day moji told offer always speechless offer easily go great lengths behalf stunning exam next friday keep touch sorry
ham,"Thanks again for your reply today. When is ur visa coming in. And r u still buying the gucci and bags. My sister things are not easy, uncle john also has his own bills so i really need to think about how to make my own money. Later sha.",,,,0,thanks reply today ur visa coming r u still buying gucci bags sister things easy uncle john also bills really need think make money later sha
ham,"Sorry I flaked last night, shit's seriously goin down with my roommate, what you up to tonight?",,,,0,sorry flaked last night shit seriously goin roommate tonight
ham,He said i look pretty wif long hair wat. But i thk he's cutting quite short 4 me leh.,,,,0,said look pretty wif long hair wat thk cutting quite short leh
ham,"\CHEERS FOR CALLIN BABE.SOZI CULDNT TALKBUT I WANNATELL U DETAILS LATER WENWECAN CHAT PROPERLY X\""""",,,,0,cheers callin babe sozi culdnt talkbut wannatell u details later wenwecan chat properly x
ham,Hey u still at the gym?,,,,0,hey u still gym
ham,Much better now thanks lol,,,,0,much better thanks lol
ham,"Nothing, smsing u n xy lor. Sorry lor da guys neva c u in person but they sort of know u lor. So u wan 2 meet them xy ask me 2 bring u along 4 our next meeting.",,,,0,nothing smsing u n xy lor sorry lor da guys neva c u person sort know u lor u wan meet xy ask bring u along next meeting
ham,"Lemme know when I can swing by and pick up, I'm free basically any time after 1 all this semester",,,,0,lem know swing pick free basically time semester
ham,Wa... U so efficient... Gee... Thanx...,,,,0,wa u efficient gee thanx
spam,3. You have received your mobile content. Enjoy,,,,1,received mobile content enjoy
ham,S but not able to sleep.,,,,0,able sleep
spam,Want explicit SEX in 30 secs? Ring 02073162414 now! Costs 20p/min,,,,1,want explicit sex secs ring costs p min
ham,We will meet soon princess! Ttyl!,,,,0,meet soon princess ttyl
ham,I'll pick you up at about 5.15pm to go to taunton if you still want to come.,,,,0,pick pm go taunton still want come
ham,Oh :-)only 4 outside players allowed to play know,,,,0,oh outside players allowed play know
ham,I anything lor.,,,,0,anything lor
ham,Erutupalam thandiyachu,,,,0,erutupalam thandiyachu
ham,"Y cant u try new invention to fly..i'm not joking.,",,,,0,cant u try new invention fly joking
ham,No..its ful of song lyrics..,,,,0,ful song lyrics
ham,"What do u reckon as need 2 arrange transport if u can't do it, thanks",,,,0,u reckon need arrange transport u thanks
ham,True lov n care wil nevr go unrecognized. though somone often makes mistakes when valuing it. but they will definitly undrstnd once when they start missing it.,,,,0,true lov n care wil nevr go unrecognized though somone often makes mistakes valuing definitly undrstnd start missing
ham,Shopping? Eh ger i toking abt syd leh...Haha,,,,0,shopping eh ger toking abt syd leh haha
ham,What not under standing.,,,,0,standing
ham,have * good weekend.,,,,0,good weekend
ham,Miss call miss call khelate kintu opponenter miss call dhorte lage. Thats d rule. One with great phone receiving quality wins.,,,,0,miss call miss call khelate kintu opponenter miss call dhorte lage thats rule one great phone receiving quality wins
ham,Call me when you get the chance plz &lt;3,,,,0,call get chance plz lt
ham,The new deus ex game comin early next yr,,,,0,new deus ex game comin early next yr
ham,My computer just fried the only essential part we don't keep spares of because my fucking idiot roommates looovvve leaving the thing running on full  &lt;#&gt; /7,,,,0,computer fried essential part keep spares fucking idiot roommates looovvve leaving thing running full lt gt
ham,"My friend, she's studying at warwick, we've planned to go shopping and to concert tmw, but it may be canceled, havn't seen  for ages, yeah we should get together sometime!",,,,0,friend studying warwick planned go shopping concert tmw may canceled havn seen ages yeah get together sometime
ham,Probably a couple hours tops,,,,0,probably couple hours tops
ham,"LOL .. *grins* .. I'm not babe, but thanks for thinking of me!",,,,0,lol grins babe thanks thinking
ham,Man this bus is so so so slow. I think you're gonna get there before me,,,,0,man bus slow think gon na get
ham,Hope this text meets you smiling. If not then let this text give you a reason to smile. Have a beautiful day.,,,,0,hope text meets smiling let text give reason smile beautiful day
ham,"In case you wake up wondering where I am, I forgot I have to take care of something for grandma today, should be done before the parade",,,,0,case wake wondering forgot take care something grandma today done parade
spam,"Latest Nokia Mobile or iPOD MP3 Player +å£400 proze GUARANTEED! Reply with: WIN to 83355 now! Norcorp Ltd.å£1,50/Mtmsgrcvd18+",,,,1,latest nokia mobile ipod mp player proze guaranteed reply win norcorp ltd mtmsgrcvd
spam,"SMS SERVICES. for your inclusive text credits, pls goto www.comuk.net login= 3qxj9 unsubscribe with STOP, no extra charge. help 08702840625.COMUK. 220-CM2 9AE",,,,1,sms services inclusive text credits pls goto www comuk net login qxj unsubscribe stop extra charge help comuk cm ae
ham,Nvm take ur time.,,,,0,nvm take ur time
ham,So wat's da decision?,,,,0,wat da decision
ham,Wot is u up 2 then bitch?,,,,0,wot u bitch
ham,She told to hr that he want posting in chennai:)because i'm working here:),,,,0,told hr want posting chennai working
spam,Mobile Club: Choose any of the top quality items for your mobile. 7cfca1a,,,,1,mobile club choose top quality items mobile cfca
ham,When are you guys leaving?,,,,0,guys leaving
ham,He neva grumble but i sad lor... Hee... Buy tmr lor aft lunch. But we still meetin 4 lunch tmr a not. Neva hear fr them lei. ÌÏ got a lot of work ar?,,,,0,neva grumble sad lor hee buy tmr lor aft lunch still meetin lunch tmr neva hear fr lei got lot work ar
ham,Not able to do anything.,,,,0,able anything
ham,ÌÏ takin linear algebra today?,,,,0,takin linear algebra today
ham,This weekend is fine (an excuse not to do too much decorating),,,,0,weekend fine excuse much decorating
ham,"Sorry I missed you babe. I was up late and slept in. I hope you enjoy your driving lesson, boytoy. I miss you too ... *teasing kiss*",,,,0,sorry missed babe late slept hope enjoy driving lesson boytoy miss teasing kiss
ham,Now project pa. After that only i can come.,,,,0,project pa come
spam,Money i have won wining number 946 wot do i do next,,,,1,money wining number wot next
ham,"Sure, whenever you show the fuck up &gt;:(",,,,0,sure whenever show fuck gt
ham,That was random saw my old roomate on campus. He graduated,,,,0,random saw old roomate campus graduated
ham,"Men always needs a beautiful, intelligent, caring, loving, adjustable, cooperative wife. But the law allows only one wife....",,,,0,men always needs beautiful intelligent caring loving adjustable cooperative wife law allows one wife
ham,That sucks. So what do you got planned for your yo valentine? I am your yo valentine aren't I?,,,,0,sucks got planned yo valentine yo valentine
ham,"Just got part Nottingham - 3 hrs 63miles. Good thing i love my man so much, but only doing 40mph. Hey ho",,,,0,got part nottingham hrs miles good thing love man much mph hey ho
ham,What to think no one saying clearly. Ok leave no need to ask her. I will go if she come or not,,,,0,think one saying clearly ok leave need ask go come
ham,Hi good mornin.. Thanku wish u d same..,,,,0,hi good mornin thanku wish u
ham,DO U WANT 2 MEET UP 2MORRO,,,,0,u want meet morro
ham,Actually I decided I was too hungry so I haven't left yet :V,,,,0,actually decided hungry left yet v
ham,I've sent Ì_ my part..,,,,0,sent part
ham,Cos i was out shopping wif darren jus now n i called him 2 ask wat present he wan lor. Then he started guessing who i was wif n he finally guessed darren lor.,,,,0,cos shopping wif darren jus n called ask wat present wan lor started guessing wif n finally guessed darren lor
spam,"I want some cock! My hubby's away, I need a real man 2 satisfy me. Txt WIFE to 89938 for no strings action. (Txt STOP 2 end, txt rec å£1.50ea. OTBox 731 LA1 7WS. )",,,,1,want cock hubby away need real man satisfy txt wife strings action txt stop end txt rec ea otbox la ws
ham,Understand. his loss is my gain :) so do you work? School?,,,,0,understand loss gain work school
ham,HOW ARE U? I HAVE MISSED U! I HAVENT BEEN UP 2 MUCH A BIT BORED WITH THE HOLIDAY WANT 2 GO BAK 2 COLLEGE! SAD ISNT IT?xx,,,,0,u missed u havent much bit bored holiday want go bak college sad isnt xx
ham,"Hiya, probably coming home * weekend after next",,,,0,hiya probably coming home weekend next
ham,Don't forget though that I love you .... And I walk beside you. Watching over you and keeping your heart warm.,,,,0,forget though love walk beside watching keeping heart warm
ham,I wish things were different. I wonder when i will be able to show you how much i value you. Pls continue the brisk walks no drugs without askin me please and find things to laugh about. I love you dearly.,,,,0,wish things different wonder able show much value pls continue brisk walks drugs without askin please find things laugh love dearly
ham,Ok both our days. So what are you making for dinner tonite? Am I invited?,,,,0,ok days making dinner tonite invited
spam,Gr8 new service - live sex video chat on your mob - see the sexiest dirtiest girls live on ur phone - 4 details text horny to 89070 to cancel send STOP to 89070,,,,1,gr new service live sex video chat mob see sexiest dirtiest girls live ur phone details text horny cancel send stop
ham,I have no money 4 steve mate! !,,,,0,money steve mate
ham,IM LATE TELLMISS IM ON MY WAY,,,,0,im late tellmiss im way
ham,Normally i use to drink more water daily:),,,,0,normally use drink water daily
ham,Dare i ask... Any luck with sorting out the car?,,,,0,dare ask luck sorting car
ham,"Party's at my place at usf, no charge (but if you can contribute in any way it is greatly appreciated) and yeah, we got room for one more",,,,0,party place usf charge contribute way greatly appreciated yeah got room one
ham,"Urgh, coach hot, smells of chip fat! Thanks again, especially for the duvet (not a predictive text word).",,,,0,urgh coach hot smells chip fat thanks especially duvet predictive text word
ham,Hiya. How was last night? I've been naughty and bought myself clothes and very little ... Ready for more shopping tho! What kind of time do you wanna meet?,,,,0,hiya last night naughty bought clothes little ready shopping tho kind time wan na meet
spam,FreeMsg Hi baby wow just got a new cam moby. Wanna C a hot pic? or Fancy a chat?Im w8in 4uTxt / rply CHAT to 82242 Hlp 08712317606 Msg150p 2rcv,,,,1,freemsg hi baby wow got new cam moby wan na c hot pic fancy chat im w utxt rply chat hlp msg p rcv
ham,I've been trying to reach him without success,,,,0,trying reach without success
ham,when you and derek done with class?,,,,0,derek done class
ham,Never y lei... I v lazy... Got wat? Dat day Ì_ send me da url cant work one...,,,,0,never lei v lazy got wat dat day send da url cant work one
ham,Never try alone to take the weight of a tear that comes out of ur heart and falls through ur eyes... Always remember a STUPID FRIEND is here to share... BSLVYL,,,,0,never try alone take weight tear comes ur heart falls ur eyes always remember stupid friend share bslvyl
ham,Hey mate. Spoke to the mag people. WeÛ÷re on.  the is deliver by the end of the month. Deliver on the 24th sept. Talk later. ,,,,0,hey mate spoke mag people deliver end month deliver th sept talk later
ham,"Haha, my friend tyler literally just asked if you could get him a dubsack",,,,0,haha friend tyler literally asked could get dubsack
ham,"\Hey! do u fancy meetin me at 4 at cha åÐ hav a lil beverage on me. if not txt or ring me and we can meet up l8r. quite tired got in at 3 v.pist ;) love Pete x x x\""""",,,,0,hey u fancy meetin cha hav lil beverage txt ring meet l r quite tired got v pist love pete x x x
ham,Great. Have a safe trip. Dont panic surrender all.,,,,0,great safe trip dont panic surrender
ham,"\SYMPTOMS\"" when U are in love: \""1.U like listening songs 2.U get stopped where u see the name of your beloved 3.U won't get angry when your""",,,,0,symptoms u love u like listening songs u get stopped u see name beloved u get angry
ham,Sun ah... Thk mayb can if dun have anythin on... Thk have to book e lesson... E pilates is at orchard mrt u noe hor...  ,,,,0,sun ah thk mayb dun anythin thk book e lesson e pilates orchard mrt u noe hor
ham,Try to do something dear. You read something for exams,,,,0,try something dear read something exams
ham,Gettin rdy to ship comp,,,,0,gettin rdy ship comp
ham,I am in hospital da. . I will return home in evening,,,,0,hospital da return home evening
ham,PISS IS TALKING IS SOMEONE THAT REALISE U THAT POINT THIS AT IS IT.(NOW READ IT BACKWARDS),,,,0,piss talking someone realise u point read backwards
ham,Think + da. You wil do.,,,,0,think da wil
ham,I'm awake oh. What's up.,,,,0,awake oh
ham,Good afternoon my boytoy. How goes that walking here and there day ? Did you get that police abstract? Are you still out and about? I wake and miss you babe,,,,0,good afternoon boytoy goes walking day get police abstract still wake miss babe
ham,How much u trying to get?,,,,0,much u trying get
ham,"Come around  &lt;DECIMAL&gt; pm vikky..i'm otside nw, il come by tht time",,,,0,come around lt decimal gt pm vikky otside nw il come tht time
ham,Tell me again what your address is,,,,0,tell address
ham,Should i buy him a blackberry bold 2 or torch. Should i buy him new or used. Let me know. Plus are you saying i should buy the  &lt;#&gt; g wifi ipad. And what are you saying about the about the  &lt;#&gt; g?,,,,0,buy blackberry bold torch buy new used let know plus saying buy lt gt g wifi ipad saying lt gt g
ham,But you were together so you should be thinkin about him,,,,0,together thinkin
ham,hiya hows it going in sunny africa? hope u r avin a good time. give that big old silver back a big kiss from me.,,,,0,hiya hows going sunny africa hope u r avin good time give big old silver back big kiss
ham,At WHAT TIME should i come tomorrow,,,,0,time come tomorrow
spam,Wanna have a laugh? Try CHIT-CHAT on your mobile now! Logon by txting the word: CHAT and send it to No: 8883 CM PO Box 4217 London W1A 6ZF 16+ 118p/msg rcvd,,,,1,wan na laugh try chit chat mobile logon txting word chat send cm po box london w zf p msg rcvd
ham,\CHA QUITEAMUZING THATåÕSCOOL BABE,"PROBPOP IN & CU SATTHEN HUNNY 4BREKKIE! LOVE JEN XXX. PSXTRA LRG PORTIONS 4 ME PLEASE \""""",,,0,cha quiteamuzing scool babe
ham,Omg how did u know what I ate?,,,,0,omg u know ate
spam,"\URGENT! This is the 2nd attempt to contact U!U have WON å£1000CALL 09071512432 b4 300603t&csBCM4235WC1N3XX.callcost150ppmmobilesvary. maxå£7. 50\""""",,,,1,urgent nd attempt contact u u call b csbcm wc n xx callcost ppmmobilesvary max
ham,:( but your not here....,,,,0,
ham,Not directly behind... Abt 4 rows behind Ì_...,,,,0,directly behind abt rows behind
spam,Congratulations ur awarded 500 of CD vouchers or 125gift guaranteed & Free entry 2 100 wkly draw txt MUSIC to 87066,,,,1,congratulations ur awarded cd vouchers gift guaranteed free entry wkly draw txt music
spam,"Had your contract mobile 11 Mnths? Latest Motorola, Nokia etc. all FREE! Double Mins & Text on Orange tariffs. TEXT YES for callback, no to remove from records",,,,1,contract mobile mnths latest motorola nokia etc free double mins text orange tariffs text yes callback remove records
spam,"Urgent! call 09066350750 from your landline. Your complimentary 4* Ibiza Holiday or 10,000 cash await collection SAE T&Cs PO BOX 434 SK3 8WP 150 ppm 18+",,,,1,urgent call landline complimentary ibiza holiday cash await collection sae cs po box sk wp ppm
ham,No plans yet. What are you doing ?,,,,0,plans yet
ham,Hi ....My engagement has been fixd on  &lt;#&gt; th of next month. I know its really shocking bt....hmm njan vilikkam....t ws al of a sudn;-(.,,,,0,hi engagement fixd lt gt th next month know really shocking bt hmm njan vilikkam ws al sudn
ham,Not course. Only maths one day one chapter with in one month we can finish.,,,,0,course maths one day one chapter one month finish
ham,Wow didn't think it was that common. I take it all back ur not a freak! Unless u chop it off:-),,,,0,wow think common take back ur freak unless u chop
ham,Noooooooo please. Last thing I need is stress. For once in your life be fair.,,,,0,noooooooo please last thing need stress life fair
spam,U have a Secret Admirer who is looking 2 make contact with U-find out who they R*reveal who thinks UR so special-call on 09065171142-stopsms-08718727870150ppm,,,,1,u secret admirer looking make contact u find r reveal thinks ur special call stopsms ppm
ham,"I'll see if I can swing by in a bit, got some things to take care of here firsg",,,,0,see swing bit got things take care firsg
ham,I wanted to wish you a Happy New Year and I wanted to talk to you about some legal advice to do with when Gary and I split but in person. I'll make a trip to Ptbo for that. I hope everything is good with you babe and I love ya :),,,,0,wanted wish happy new year wanted talk legal advice gary split person make trip ptbo hope everything good babe love ya
ham,Have you not finished work yet or something?,,,,0,finished work yet something
ham,Right it wasnt you who phoned it was someone with a number like yours!,,,,0,right wasnt phoned someone number like
ham,It's ok i wun b angry. Msg u aft i come home tonight.,,,,0,ok wun b angry msg u aft come home tonight
ham,I had a good time too. Its nice to do something a bit different with my weekends for a change. See ya soon,,,,0,good time nice something bit different weekends change see ya soon
ham,Yo sorry was in the shower sup,,,,0,yo sorry shower sup
ham,"Carlos is down but I have to pick it up from him, so I'll swing by usf in a little bit",,,,0,carlos pick swing usf little bit
ham,Full heat pa:-) i have applyed oil pa.,,,,0,full heat pa applyed oil pa
ham,I'm stuck in da middle of da row on da right hand side of da lt... ,,,,0,stuck da middle da row da right hand side da lt
ham,Have you laid your airtel line to rest?,,,,0,laid airtel line rest
ham,Hi did u decide wot 2 get 4 his bday if not ill prob jus get him a voucher frm virgin or sumfing ,,,,0,hi u decide wot get bday ill prob jus get voucher frm virgin sumfing
spam,FreeMsg: Txt: CALL to No: 86888 & claim your reward of 3 hours talk time to use from your phone now! Subscribe6GBP/mnth inc 3hrs 16 stop?txtStop,,,,1,freemsg txt call claim reward hours talk time use phone subscribe gbp mnth inc hrs stop txtstop
ham,\Hey j! r u feeling any better," hopeSo hunny. i amnow feelin ill & ithink i may have tonsolitusaswell! damn iam layin in bedreal bored. lotsof luv me xxxx\""""",,,0,hey j r u feeling better
ham,And I don't plan on staying the night but I prolly won't be back til late,,,,0,plan staying night prolly back til late
ham,THANX 4 PUTTIN DA FONE DOWN ON ME!!,,,,0,thanx puttin da fone
ham,"I need an 8th but I'm off campus atm, could I pick up in an hour or two?",,,,0,need th campus atm could pick hour two
ham,"Oh... Haha... Den we shld had went today too... Gee, nvm la... Kaiez, i dun mind goin jazz oso... Scared hiphop open cant catch up... ",,,,0,oh haha den shld went today gee nvm la kaiez dun mind goin jazz oso scared hiphop open cant catch
ham,Been running but only managed 5 minutes and then needed oxygen! Might have to resort to the roller option!,,,,0,running managed minutes needed oxygen might resort roller option
ham,We live in the next  &lt;#&gt; mins,,,,0,live next lt gt mins
ham,Y de asking like this.,,,,0,de asking like
ham,Just glad to be talking to you.,,,,0,glad talking
ham,Wat time Ì_ finish?,,,,0,wat time finish
ham,Sorry da. I gone mad so many pending works what to do.,,,,0,sorry da gone mad many pending works
ham,How much you got for cleaning,,,,0,much got cleaning
ham,hows my favourite person today? r u workin hard? couldn't sleep again last nite nearly rang u at 4.30,,,,0,hows favourite person today r u workin hard sleep last nite nearly rang u
spam,Sunshine Quiz! Win a super Sony DVD recorder if you canname the capital of Australia? Text MQUIZ to 82277. B,,,,1,sunshine quiz win super sony dvd recorder canname capital australia text mquiz b
ham,ÌÏ called dad oredi...,,,,0,called dad oredi
ham,Good. do you think you could send me some pix? I would love to see your top and bottom...,,,,0,good think could send pix would love see top bottom
ham,Nvm... I'm going to wear my sport shoes anyway... I'm going to be late leh.,,,,0,nvm going wear sport shoes anyway going late leh
ham,"Sorry, I'll call later In meeting.",,,,0,sorry call later meeting
ham,THIS IS A LONG FUCKIN SHOWR,,,,0,long fuckin showr
ham,"Received, understood n acted upon!",,,,0,received understood n acted upon
ham,They finally came to fix the ceiling.,,,,0,finally came fix ceiling
ham,"U need my presnts always bcz U cant mis love. \jeevithathile irulinae neekunna prakasamanu sneham\"" prakasam ennal prabha 'That mns prabha is'LOVE' Got it. Dont mis me....""",,,,0,u need presnts always bcz u cant mis love jeevithathile irulinae neekunna prakasamanu sneham prakasam ennal prabha mns prabha love got dont mis
ham,Jus finish blowing my hair. U finish dinner already?,,,,0,jus finish blowing hair u finish dinner already
ham,I'm on the bus. Love you,,,,0,bus love
ham,Lol ... I knew that .... I saw him in the dollar store,,,,0,lol knew saw dollar store
spam,Todays Voda numbers ending with 7634 are selected to receive a å£350 reward. If you have a match please call 08712300220 quoting claim code 7684 standard rates apply.,,,,1,todays voda numbers ending selected receive reward match please call quoting claim code standard rates apply
ham,Only saturday and sunday holiday so its very difficult:),,,,0,saturday sunday holiday difficult
ham,Everybody had fun this evening. Miss you.,,,,0,everybody fun evening miss
ham,"Got hella gas money, want to go on a grand nature adventure with galileo in a little bit?",,,,0,got hella gas money want go grand nature adventure galileo little bit
ham,Oh wow thats gay. Will firmware update help,,,,0,oh wow thats gay firmware update help
ham,These won't do. Have to move on to morphine,,,,0,move morphine
ham,How come i din c Ì_... Yup i cut my hair...,,,,0,come din c yup cut hair
ham,K k pa Had your lunch aha.,,,,0,k k pa lunch aha
ham,Captain vijaykanth is doing comedy in captain tv..he is drunken :),,,,0,captain vijaykanth comedy captain tv drunken
ham,Of course. I guess god's just got me on hold right now.,,,,0,course guess god got hold right
ham,Do you hide anythiing or keeping distance from me,,,,0,hide anythiing keeping distance
ham,Havent.,,,,0,havent
spam,You are being ripped off! Get your mobile content from www.clubmoby.com call 08717509990 poly/true/Pix/Ringtones/Games six downloads for only 3,,,,1,ripped get mobile content www clubmoby com call poly true pix ringtones games six downloads
ham,Sorry i din lock my keypad.,,,,0,sorry din lock keypad
ham,Are you planning to come chennai?,,,,0,planning come chennai
spam,We tried to contact you re your reply to our offer of a Video Phone 750 anytime any network mins Half Price Line Rental Camcorder Reply or call 08000930705,,,,1,tried contact reply offer video phone anytime network mins half price line rental camcorder reply call
ham,God created gap btwn ur fingers so dat sum1 vry special will fill those gaps by holding ur hands.. Now plz dont ask y he created so much gap between legs !!!,,,,0,god created gap btwn ur fingers dat sum vry special fill gaps holding ur hands plz dont ask created much gap legs
ham,We are okay. Going to sleep now. Later,,,,0,okay going sleep later
ham,"Finally it has happened..! Aftr decades..! BEER is now cheaper than PETROL! The goverment expects us to \DRINK\"". . . But don't \""DRIVE \""""",,,,0,finally happened aftr decades beer cheaper petrol goverment expects us drink drive
spam,A å£400 XMAS REWARD IS WAITING FOR YOU! Our computer has randomly picked you from our loyal mobile customers to receive a å£400 reward. Just call 09066380611 ,,,,1,xmas reward waiting computer randomly picked loyal mobile customers receive reward call
ham,Where r e meeting tmr?,,,,0,r e meeting tmr
ham,Lol yes. But it will add some spice to your day.,,,,0,lol yes add spice day
ham,Our Prasanth ettans mother passed away last night. Just pray for her and family.,,,,0,prasanth ettans mother passed away last night pray family
ham,"K, I'll work something out",,,,0,k work something
spam,PRIVATE! Your 2003 Account Statement for shows 800 un-redeemed S. I. M. points. Call 08718738002 Identifier Code: 48922 Expires 21/11/04,,,,1,private account statement shows un redeemed points call identifier code expires
ham,This message is from a great Doctor in India:-): 1) Do not drink APPY FIZZ. It contains Cancer causing age,,,,0,message great doctor india drink appy fizz contains cancer causing age
ham,You call him and tell now infront of them. Call him now.,,,,0,call tell infront call
ham,Ok no prob...,,,,0,ok prob
ham,Ladies first and genus second k .,,,,0,ladies first genus second k
ham,No. Yes please. Been swimming?,,,,0,yes please swimming
ham,Mum not going robinson already.,,,,0,mum going robinson already
ham,Ok set let u noe e details later...,,,,0,ok set let u noe e details later
ham,Not..tel software name..,,,,0,tel software name
ham,I send the print  outs da.,,,,0,send print outs da
ham,IM REALY SOZ IMAT MY MUMS 2NITE WHAT ABOUT 2MORO ,,,,0,im realy soz imat mums nite moro
ham,"When I was born, GOD said, \Oh No! Another IDIOT\"". When you were born", GOD said," \""OH No! COMPETITION\"". Who knew"," one day these two will become FREINDS FOREVER!""",0,born god said oh another idiot born
ham,"I didnt get ur full msg..sometext is missing, send it again",,,,0,didnt get ur full msg sometext missing send
ham,"Probably not, I'm almost out of gas and I get some cash tomorrow",,,,0,probably almost gas get cash tomorrow
spam,"Customer service announcement. We recently tried to make a delivery to you but were unable to do so, please call 07099833605 to re-schedule. Ref:9280114",,,,1,customer service announcement recently tried make delivery unable please call schedule ref
ham,I forgot 2 ask Ì_ all smth.. There's a card on da present lei... How? ÌÏ all want 2 write smth or sign on it?,,,,0,forgot ask smth card da present lei want write smth sign
ham,I'm leaving my house now.,,,,0,leaving house
spam,"Hi babe its Chloe, how r u? I was smashed on saturday night, it was great! How was your weekend? U been missing me? SP visionsms.com Text stop to stop 150p/text",,,,1,hi babe chloe r u smashed saturday night great weekend u missing sp visionsms com text stop stop p text
ham,ÌÏ ready then call me...,,,,0,ready call
ham,Wewa is 130. Iriver 255. All 128 mb.,,,,0,wewa iriver mb
ham,It is a good thing I'm now getting the connection to bw,,,,0,good thing getting connection bw
ham,Sry da..jst nw only i came to home..,,,,0,sry da jst nw came home
ham,"That's cool he'll be here all night, lemme know when you're around",,,,0,cool night lem know around
ham,Are you staying in town ?,,,,0,staying town
ham,"Haha yeah, 2 oz is kind of a shitload",,,,0,haha yeah oz kind shitload
ham,Ok u can take me shopping when u get paid =D,,,,0,ok u take shopping u get paid
ham,"Alright we'll bring it to you, see you in like  &lt;#&gt;  mins",,,,0,alright bring see like lt gt mins
ham,But pls dont play in others life.,,,,0,pls dont play others life
ham,Eatin my lunch...,,,,0,eatin lunch
ham,Hmmm.but you should give it on one day..,,,,0,hmmm give one day
ham,"Didn't try, g and I decided not to head out",,,,0,try g decided head
ham,Ok no prob,,,,0,ok prob
ham,Surly ill give it to you:-) while coming to review.,,,,0,surly ill give coming review
ham,"By march ending, i should be ready. But will call you for sure. The problem is that my capital never complete. How far with you. How's work and the ladies",,,,0,march ending ready call sure problem capital never complete far work ladies
ham,Pls give her the food preferably pap very slowly with loads of sugar. You can take up to an hour to give it. And then some water. Very very slowly.,,,,0,pls give food preferably pap slowly loads sugar take hour give water slowly
spam,"URGENT! Your Mobile No 07808726822 was awarded a å£2,000 Bonus Caller Prize on 02/09/03! This is our 2nd attempt to contact YOU! Call 0871-872-9758 BOX95QU",,,,1,urgent mobile awarded bonus caller prize nd attempt contact call box qu
ham,A guy who gets used but is too dumb to realize it.,,,,0,guy gets used dumb realize
ham,"Okey dokey, iÛ÷ll be over in a bit just sorting some stuff out.",,,,0,okey dokey bit sorting stuff
ham,Yes fine ,,,,0,yes fine
ham,I liked the new mobile,,,,0,liked new mobile
ham,Anytime...,,,,0,anytime
ham,Mmmmmmm *snuggles into you* ...*deep contented sigh* ... *whispers* ... I fucking love you so much I can barely stand it ...,,,,0,mmmmmmm snuggles deep contented sigh whispers fucking love much barely stand
ham,Yar but they say got some error.,,,,0,yar say got error
ham,Hey anyway i have to :-),,,,0,hey anyway
ham,Wow so healthy. Old airport rd lor. Cant thk of anything else. But i'll b bathing my dog later.,,,,0,wow healthy old airport rd lor cant thk anything else b bathing dog later
ham,Wif my family booking tour package.,,,,0,wif family booking tour package
ham,"Did you say bold, then torch later. Or one torch and 2bold?",,,,0,say bold torch later one torch bold
ham,"Haha awesome, I might need to take you up on that, what you doin tonight?",,,,0,haha awesome might need take doin tonight
ham,Ya i knw u vl giv..its ok thanks kano..anyway enjoy wit ur family wit 1st salary..:-);-),,,,0,ya knw u vl giv ok thanks kano anyway enjoy wit ur family wit st salary
ham,Huh so slow i tot u reach long ago liao... U 2 more days only i 4 more leh...,,,,0,huh slow tot u reach long ago liao u days leh
ham,Thats cool princess! I will cover your face in hot sticky cum :),,,,0,thats cool princess cover face hot sticky cum
ham,Big brotherÛ÷s really scraped the barrel with this shower of social misfits,,,,0,big brother really scraped barrel shower social misfits
ham,Oops i thk i dun haf enuff... I go check then tell Ì_..,,,,0,oops thk dun haf enuff go check tell
ham,S:)8 min to go for lunch:),,,,0,min go lunch
ham,"Hey. What happened? U switch off ur cell d whole day. This isnt good. Now if u do care, give me a call tomorrow.",,,,0,hey happened u switch ur cell whole day isnt good u care give call tomorrow
ham,"K will do, addie &amp; I are doing some art so I'll be here when you get home",,,,0,k addie amp art get home
ham,"Aiyo... Her lesson so early... I'm still sleepin, haha... Okie, u go home liao den confirm w me lor...",,,,0,aiyo lesson early still sleepin haha okie u go home liao den confirm w lor
ham,Forgot to tell Ì_ smth.. Can Ì_ like number the sections so that it's clearer..,,,,0,forgot tell smth like number sections clearer
ham,"Yup. Anything lor, if u dun wan it's ok...",,,,0,yup anything lor u dun wan ok
ham,"I'm home, my love ... If your still awake ... *loving kiss*",,,,0,home love still awake loving kiss
ham,HELLO PEACH! MY CAKE TASTS LUSH!,,,,0,hello peach cake tasts lush
spam,"FREE GAME. Get Rayman Golf 4 FREE from the O2 Games Arcade. 1st get UR games settings. Reply POST, then save & activ8. Press 0 key for Arcade. Termsapply",,,,1,free game get rayman golf free games arcade st get ur games settings reply post save activ press key arcade termsapply
ham,"There'll be a minor shindig at my place later tonight, you interested?",,,,0,minor shindig place later tonight interested
ham,Jason says it's cool if we pick some up from his place in like an hour,,,,0,jason says cool pick place like hour
spam,"Had your mobile 10 mths? Update to the latest Camera/Video phones for FREE. KEEP UR SAME NUMBER, Get extra free mins/texts. Text YES for a call",,,,1,mobile mths update latest camera video phones free keep ur number get extra free mins texts text yes call
ham,I (Career Tel) have added u as a contact on INDYAROCKS.COM to send FREE SMS. To remove from phonebook - sms NO to  &lt;#&gt;,,,,0,career tel added u contact indyarocks com send free sms remove phonebook sms lt gt
ham,I've reached already.,,,,0,reached already
ham,I dont know ask to my brother. Nothing problem some thing that. Just i told .,,,,0,dont know ask brother nothing problem thing told
ham,K:)eng rocking in ashes:),,,,0,k eng rocking ashes
ham,Wat time r Ì_ going to xin's hostel?,,,,0,wat time r going xin hostel
ham,Good Morning my Dear Shijutta........... Have a great &amp; successful day.,,,,0,good morning dear shijutta great amp successful day
ham,Oh k:)after that placement there ah?,,,,0,oh k placement ah
ham,"Not for possession, especially not first offense",,,,0,possession especially first offense
ham,"Nt only for driving even for many reasons she is called BBD..thts it chikku, then hw abt dvg cold..heard tht vinobanagar violence hw is the condition..and hw ru ? Any problem?",,,,0,nt driving even many reasons called bbd thts chikku hw abt dvg cold heard tht vinobanagar violence hw condition hw ru problem
ham,I bought the test yesterday. Its something that lets you know the exact day u ovulate.when will get 2u in about 2 to 3wks. But pls pls dont fret. I know u r worried. Pls relax. Also is there anything in ur past history u need to tell me?,,,,0,bought test yesterday something lets know exact day u ovulate get u wks pls pls dont fret know u r worried pls relax also anything ur past history u need tell
ham,We have pizza if u want,,,,0,pizza u want
ham,"I keep seeing weird shit and bein all \woah\"" then realising it's actually reasonable and I'm all \""oh\""""",,,,0,keep seeing weird shit bein woah realising actually reasonable oh
ham,Many more happy returns of the day. I wish you happy birthday.,,,,0,many happy returns day wish happy birthday
ham,"\Thinking of u ;) x\""""",,,,0,thinking u x
ham,Orh i tot u say she now still dun believe.,,,,0,orh tot u say still dun believe
ham,"When you just put in the + sign, choose my number and the pin will show. Right?",,,,0,put sign choose number pin show right
ham,The beauty of life is in next second.. which hides thousands of secrets. I wish every second will be wonderful in ur life...!! gud n8,,,,0,beauty life next second hides thousands secrets wish every second wonderful ur life gud n
ham,Thanx u darlin!im cool thanx. A few bday drinks 2 nite. 2morrow off! Take care c u soon.xxx,,,,0,thanx u darlin im cool thanx bday drinks nite morrow take care c u soon xxx
ham,"If you're still up, maybe leave the credit card so I can get gas when I get back like he told me to",,,,0,still maybe leave credit card get gas get back like told
spam,Your weekly Cool-Mob tones are ready to download !This weeks new Tones include: 1) Crazy Frog-AXEL F>>> 2) Akon-Lonely>>> 3) Black Eyed-Dont P >>>More info in n,,,,1,weekly cool mob tones ready download weeks new tones include crazy frog axel f akon lonely black eyed dont p info n
ham,Well boy am I glad G wasted all night at applebees for nothing,,,,0,well boy glad g wasted night applebees nothing
spam,Cashbin.co.uk (Get lots of cash this weekend!) www.cashbin.co.uk Dear Welcome to the weekend We have got our biggest and best EVER cash give away!! These..,,,,1,cashbin co uk get lots cash weekend www cashbin co uk dear welcome weekend got biggest best ever cash give away
ham,Ok lor... Or u wan me go look 4 u?,,,,0,ok lor u wan go look u
ham,U wan 2 haf lunch i'm in da canteen now.,,,,0,u wan haf lunch da canteen
ham,Don't make life too stressfull.. Always find time to Laugh.. It may not add years to your Life! But surely adds more life to ur years!! Gud ni8..swt dreams..,,,,0,make life stressfull always find time laugh may add years life surely adds life ur years gud ni swt dreams
ham,"hey, looks like I was wrong and one of the kappa guys numbers is still on my phone, if you want I can text him and see if he's around",,,,0,hey looks like wrong one kappa guys numbers still phone want text see around
spam,Thanks 4 your continued support Your question this week will enter u in2 our draw 4 å£100 cash. Name the NEW US President? txt ans to 80082,,,,1,thanks continued support question week enter u draw cash name new us president txt ans
ham,I'm home. Doc gave me pain meds says everything is fine.,,,,0,home doc gave pain meds says everything fine
ham,It's Ì© only $140 ard...Ìä rest all ard $180 at least...Which is Ì© price 4 Ì© 2 bedrm ($900),,,,0,ard rest ard least price bedrm
ham,Me too! Have a lovely night xxx,,,,0,lovely night xxx
ham,Prepare to be pleasured :),,,,0,prepare pleasured
ham,Hi.:)technical support.providing assistance to us customer through call and email:),,,,0,hi technical support providing assistance us customer call email
ham,if you text on your way to cup stop that should work. And that should be BUS,,,,0,text way cup stop work bus
ham,Whens your radio show?,,,,0,whens radio show
spam,Your unique user ID is 1172. For removal send STOP to 87239 customer services 08708034412,,,,1,unique user id removal send stop customer services
ham,I'm not sure if its still available though,,,,0,sure still available though
ham,watever reLation u built up in dis world only thing which remains atlast iz lonlines with lotz n lot memories! feeling..,,,,0,watever relation u built dis world thing remains atlast iz lonlines lotz n lot memories feeling
ham,CHEERS LOU! YEAH WAS A GOODNITE SHAME U NEVA CAME! C YA GAILxx,,,,0,cheers lou yeah goodnite shame u neva came c ya gailxx
ham,Hi..i got the money da:),,,,0,hi got money da
ham,Ok then u tell me wat time u coming later lor.,,,,0,ok u tell wat time u coming later lor
ham,U repeat e instructions again. Wat's e road name of ur house?,,,,0,u repeat e instructions wat e road name ur house
ham,Quite lor. But dun tell him wait he get complacent...,,,,0,quite lor dun tell wait get complacent
ham,Sorry completely forgot * will pop em round this week if your still here?,,,,0,sorry completely forgot pop em round week still
ham,U R THE MOST BEAUTIFUL GIRL IVE EVER SEEN. U R MY BABY COME AND C ME IN THE COMMON ROOM,,,,0,u r beautiful girl ive ever seen u r baby come c common room
ham,O we cant see if we can join denis and mina? Or does denis want alone time,,,,0,cant see join denis mina denis want alone time
ham,Sen told that he is going to join his uncle finance in cbe,,,,0,sen told going join uncle finance cbe
ham,Yup... Hey then one day on fri we can ask miwa and jiayin take leave go karaoke ,,,,0,yup hey one day fri ask miwa jiayin take leave go karaoke
ham,"Call me, i am senthil from hsbc.",,,,0,call senthil hsbc
ham,"Especially since i talk about boston all up in my personal statement, lol! I woulda changed that if i had realized it said nyc! It says boston now.",,,,0,especially since talk boston personal statement lol woulda changed realized said nyc says boston
ham,Indeed and by the way it was either or - not both !,,,,0,indeed way either
spam,"Urgent -call 09066649731from Landline. Your complimentary 4* Ibiza Holiday or å£10,000 cash await collection SAE T&Cs PO BOX 434 SK3 8WP 150ppm 18+",,,,1,urgent call landline complimentary ibiza holiday cash await collection sae cs po box sk wp ppm
ham,Holy living christ what is taking you so long,,,,0,holy living christ taking long
ham,ÌÏ thk of wat to eat tonight.,,,,0,thk wat eat tonight
ham,"Thanx. Yup we coming back on sun. Finish dinner going back 2 hotel now. Time flies, we're tog 4 exactly a mth today. Hope we'll haf many more mths to come...",,,,0,thanx yup coming back sun finish dinner going back hotel time flies tog exactly mth today hope haf many mths come
ham,We're on the opposite side from where we dropped you off,,,,0,opposite side dropped
ham,Yup. Izzit still raining heavily cos i'm in e mrt i can't c outside.,,,,0,yup izzit still raining heavily cos e mrt c outside
ham,Send me your resume:-),,,,0,send resume
ham,Gd luck 4 ur exams :-),,,,0,gd luck ur exams
ham,Or u ask they all if next sat can a not. If all of them can make it then i'm ok lor.,,,,0,u ask next sat make ok lor
ham,Sorry that was my uncle. I.ll keep in touch,,,,0,sorry uncle keep touch
ham,Saw Guys and Dolls last night with Patrick Swayze it was great,,,,0,saw guys dolls last night patrick swayze great
spam,URGENT This is our 2nd attempt to contact U. Your å£900 prize from YESTERDAY is still awaiting collection. To claim CALL NOW 09061702893,,,,1,urgent nd attempt contact u prize yesterday still awaiting collection claim call
spam,Santa calling! Would your little ones like a call from Santa Xmas Eve? Call 09077818151 to book you time. Calls1.50ppm last 3mins 30s T&C www.santacalling.com,,,,1,santa calling would little ones like call santa xmas eve call book time calls ppm last mins c www santacalling com
ham,Just come home. I don't want u to be miserable,,,,0,come home want u miserable
ham,I dont know why she.s not getting your messages,,,,0,dont know getting messages
ham,"its cool but tyler had to take off so we're gonna buy for him and drop it off at his place later tonight. Our total order is a quarter, you got enough?",,,,0,cool tyler take gon na buy drop place later tonight total order quarter got enough
ham,"The guy at the car shop who was flirting with me got my phone number from the paperwork and called and texted me. I'm nervous because of course now he may have my address. Should i call his boss and tell him, knowing this may get him fired?",,,,0,guy car shop flirting got phone number paperwork called texted nervous course may address call boss tell knowing may get fired
ham,How do you plan to manage that,,,,0,plan manage
ham,"Er, hello, things didnÛ÷t quite go to plan ÛÒ is limping slowly home followed by aa and with exhaust hanging off",,,,0,er hello things quite go plan limping slowly home followed aa exhaust hanging
ham,Sorry for the delay. Yes masters,,,,0,sorry delay yes masters
ham,Call me when u finish then i come n pick u.,,,,0,call u finish come n pick u
spam,PRIVATE! Your 2004 Account Statement for 078498****7 shows 786 unredeemed Bonus Points. To claim call 08719180219 Identifier Code: 45239 Expires 06.05.05,,,,1,private account statement shows unredeemed bonus points claim call identifier code expires
ham,What's up my own oga. Left my phone at home and just saw ur messages. Hope you are good. Have a great weekend.,,,,0,oga left phone home saw ur messages hope good great weekend
ham,"Don't worry though, I understand how important it is that I be put in my place with a poorly thought out punishment in the face of the worst thing that has ever happened to me. Brb gonna go kill myself",,,,0,worry though understand important put place poorly thought punishment face worst thing ever happened brb gon na go kill
ham,"Honey, can you pls find out how much they sell Predicte in Nigeria. And how many times can it be used. Its very important to have a reply before monday",,,,0,honey pls find much sell predicte nigeria many times used important reply monday
ham,E admin building there? I might b slightly earlier... I'll call u when i'm reaching...,,,,0,e admin building might b slightly earlier call u reaching
ham,"fyi I'm at usf now, swing by the room whenever",,,,0,fyi usf swing room whenever
ham,i can call in  &lt;#&gt;  min if thats ok,,,,0,call lt gt min thats ok
ham,ÌÏ no home work to do meh... ,,,,0,home work meh
ham,Anything is valuable in only 2 situations: First- Before getting it... Second- After loosing it...,,,,0,anything valuable situations first getting second loosing
ham,Me too. Mark is taking forever to pick up my prescription and the pain is coming back.,,,,0,mark taking forever pick prescription pain coming back
ham,How's ur paper?,,,,0,ur paper
ham,Got smaller capacity one? Quite ex...,,,,0,got smaller capacity one quite ex
spam,Check Out Choose Your Babe Videos @ sms.shsex.netUN fgkslpoPW fgkslpo,,,,1,check choose babe videos sms shsex netun fgkslpopw fgkslpo
ham,Im good! I have been thinking about you...,,,,0,im good thinking
spam,u r a winner U ave been specially selected 2 receive å£1000 cash or a 4* holiday (flights inc) speak to a live operator 2 claim 0871277810710p/min (18 ),,,,1,u r winner u ave specially selected receive cash holiday flights inc speak live operator claim p min
ham,:-) :-),,,,0,
ham,Not thought bout it... || Drink in tap & spile at seven. || Is that pub on gas st off broad st by canal. || Ok?,,,,0,thought bout drink tap spile seven pub gas st broad st canal ok
ham,I am going to sleep. I am tired of travel.,,,,0,going sleep tired travel
ham,"Haha, just what I was thinkin",,,,0,haha thinkin
ham,Yup but it's not giving me problems now so mayb i'll jus leave it...,,,,0,yup giving problems mayb jus leave
ham,Lol no. Just trying to make your day a little more interesting,,,,0,lol trying make day little interesting
ham,"How long before you get reply, just defer admission til next semester",,,,0,long get reply defer admission til next semester
ham,"The word \Checkmate\"" in chess comes from the Persian phrase \""Shah Maat\"" which means; \""the king is dead..\"" Goodmorning.. Have a good day..:)""",,,,0,word checkmate chess comes persian phrase shah maat means king dead goodmorning good day
ham,Po de :-):):-):-):-). No need job aha.,,,,0,po de need job aha
ham,Rats. Hey did u ever vote for the next themes?,,,,0,rats hey u ever vote next themes
spam,"New Mobiles from 2004, MUST GO! Txt: NOKIA to No: 89545 & collect yours today! From ONLY å£1. www.4-tc.biz 2optout 087187262701.50gbp/mtmsg18 TXTAUCTION.",,,,1,new mobiles must go txt nokia collect today www tc biz optout gbp mtmsg txtauction
ham,I hope your pee burns tonite.,,,,0,hope pee burns tonite
ham,"OH RITE. WELL IM WITH MY BEST MATE PETE, WHO I WENT OUT WITH 4 A WEEK+ NOW WERE 2GEVA AGAIN. ITS BEEN LONGER THAN A WEEK.",,,,0,oh rite well im best mate pete went week geva longer week
ham,Yay can't wait to party together!,,,,0,yay wait party together
ham,....photoshop makes my computer shut down.,,,,0,photoshop makes computer shut
ham,All boys made fun of me today. Ok i have no problem. I just sent one message just for fun,,,,0,boys made fun today ok problem sent one message fun
ham,That's one of the issues but california is okay. No snow so its manageable,,,,0,one issues california okay snow manageable
spam,PRIVATE! Your 2003 Account Statement for shows 800 un-redeemed S. I. M. points. Call 08715203652 Identifier Code: 42810 Expires 29/10/0,,,,1,private account statement shows un redeemed points call identifier code expires
ham,"Hmmm.... Mayb can try e shoppin area one, but forgot e name of hotel...",,,,0,hmmm mayb try e shoppin area one forgot e name hotel
ham,"Awesome, that gonna be soon or later tonight?",,,,0,awesome gon na soon later tonight
ham,I need details about that online job.,,,,0,need details online job
spam,YOU HAVE WON! As a valued Vodafone customer our computer has picked YOU to win a å£150 prize. To collect is easy. Just call 09061743386 ,,,,1,valued vodafone customer computer picked win prize collect easy call
ham,Missing you too.pray inshah allah,,,,0,missing pray inshah allah
ham,Pls help me tell Ashley that i cant find her number oh,,,,0,pls help tell ashley cant find number oh
ham,S.this will increase the chance of winning.,,,,0,increase chance winning
ham,either way works for me. I am  &lt;#&gt;  years old. Hope that doesnt bother you.,,,,0,either way works lt gt years old hope doesnt bother
ham,Maybe you should find something else to do instead???,,,,0,maybe find something else instead
ham,Gain the rights of a wife.dont demand it.i am trying as husband too.Lets see,,,,0,gain rights wife dont demand trying husband lets see
ham,I liked your new house,,,,0,liked new house
ham,I'm fine. Hope you are also,,,,0,fine hope also
ham,"Also north carolina and texas atm, you would just go to the gre site and pay for the test results to be sent.",,,,0,also north carolina texas atm would go gre site pay test results sent
ham,Same to u...,,,,0,u
ham,yes baby! I need to stretch open your pussy!,,,,0,yes baby need stretch open pussy
ham,Thanks  and ! Or bomb and date as my phone wanted to say! ,,,,0,thanks bomb date phone wanted say
ham,"Hey, a guy I know is breathing down my neck to get him some bud, anyway you'd be able to get a half track to usf tonight?",,,,0,hey guy know breathing neck get bud anyway able get half track usf tonight
ham,"\Response\"" is one of d powerful weapon 2 occupy a place in others 'HEART'... So"," always give response 2 who cares 4 U\""... Gud night..swt dreams..take care""",,,0,response one powerful weapon occupy place others heart
ham,Nokia phone is lovly..,,,,0,nokia phone lovly
spam,**FREE MESSAGE**Thanks for using the Auction Subscription Service. 18 . 150p/MSGRCVD 2 Skip an Auction txt OUT. 2 Unsubscribe txt STOP CustomerCare 08718726270,,,,1,free message thanks using auction subscription service p msgrcvd skip auction txt unsubscribe txt stop customercare
ham,Sorry da..today i wont come to play..i have driving clas..,,,,0,sorry da today wont come play driving clas
ham,I'm really sorry I lit your hair on fire,,,,0,really sorry lit hair fire
ham,"Oh! Shit, I thought that was your trip! Loooooool ... That just makes SO much more sense now ... *grins* and the sofa reference was ... The \sleep on a couch\"" link you sent me ... Wasn't that how you went on your trip ? Oh ... And didn't your babe go with you for that celebration with your rents?""",,,,0,oh shit thought trip loooooool makes much sense grins sofa reference sleep couch link sent went trip oh babe go celebration rents
ham,Okey dokey swashbuckling stuff what oh.,,,,0,okey dokey swashbuckling stuff oh
ham,1. Tension face 2. Smiling face 3. Waste face 4. Innocent face 5.Terror face 6.Cruel face 7.Romantic face 8.Lovable face 9.decent face  &lt;#&gt; .joker face.,,,,0,tension face smiling face waste face innocent face terror face cruel face romantic face lovable face decent face lt gt joker face
ham,Dip's cell dead. So i m coming with him. U better respond else we shall come back.,,,,0,dip cell dead coming u better respond else shall come back
ham,Well. You know what i mean. Texting,,,,0,well know mean texting
ham,Hi dis is yijue i would be happy to work wif Ì_ all for gek1510...,,,,0,hi dis yijue would happy work wif gek
ham,Lol! Oops sorry! Have fun. ,,,,0,lol oops sorry fun
ham,Wat happened to the cruise thing,,,,0,wat happened cruise thing
ham,"I know dat feelin had it with Pete! Wuld get with em , nuther place nuther time mayb?",,,,0,know dat feelin pete wuld get em nuther place nuther time mayb
spam,lyricalladie(21/F) is inviting you to be her friend. Reply YES-910 or NO-910. See her: www.SMS.ac/u/hmmross STOP? Send STOP FRND to 62468,,,,1,lyricalladie f inviting friend reply yes see www sms ac u hmmross stop send stop frnd
ham,The world's most happiest frnds never have the same characters... Dey just have the best understanding of their differences...,,,,0,world happiest frnds never characters dey best understanding differences
ham,Yeah just open chat and click friend lists. Then make the list. Easy as pie,,,,0,yeah open chat click friend lists make list easy pie
ham,alright tyler's got a minor crisis and has to be home sooner than he thought so be here asap,,,,0,alright tyler got minor crisis home sooner thought asap
ham,When/where do I pick you up,,,,0,pick
ham,As usual u can call me ard 10 smth.,,,,0,usual u call ard smth
ham,For many things its an antibiotic and it can be used for chest abdomen and gynae infections even bone infections.,,,,0,many things antibiotic used chest abdomen gynae infections even bone infections
ham,Poor girl can't go one day lmao,,,,0,poor girl go one day lmao
ham,Or just do that 6times,,,,0,times
ham,You have to pls make a note of all she.s exposed to. Also find out from her school if anyone else was vomiting. Is there a dog or cat in the house? Let me know later.,,,,0,pls make note exposed also find school anyone else vomiting dog cat house let know later
ham,Sounds like there could be a lot of time spent in that chastity device boy ... *grins* ... Or take your beatings like a good dog. Going to lounge in a nice long bath now ?,,,,0,sounds like could lot time spent chastity device boy grins take beatings like good dog going lounge nice long bath
ham,Its worse if if uses half way then stops. Its better for him to complete it.,,,,0,worse uses half way stops better complete
ham,Miserable. They don't tell u that the side effects of birth control are massive gut wrenching cramps for the first 2 months. I didn't sleep at all last night.,,,,0,miserable tell u side effects birth control massive gut wrenching cramps first months sleep last night
ham,Send me the new number,,,,0,send new number
spam,Want the latest Video handset? 750 anytime any network mins? Half price line rental? Reply or call 08000930705 for delivery tomorrow,,,,1,want latest video handset anytime network mins half price line rental reply call delivery tomorrow
ham,2 and half years i missed your friendship:-),,,,0,half years missed friendship
ham,Oh for fuck's sake she's in like tallahassee,,,,0,oh fuck sake like tallahassee
ham,"Haha, that was the first person I was gonna ask",,,,0,haha first person gon na ask
spam,"ou are guaranteed the latest Nokia Phone, a 40GB iPod MP3 player or a å£500 prize! Txt word: COLLECT to No: 83355! IBHltd LdnW15H 150p/Mtmsgrcvd18",,,,1,ou guaranteed latest nokia phone gb ipod mp player prize txt word collect ibhltd ldnw h p mtmsgrcvd
ham,Taka lor. Wat time u wan 2 come n look 4 us?,,,,0,taka lor wat time u wan come n look us
spam,* FREE* POLYPHONIC RINGTONE Text SUPER to 87131 to get your FREE POLY TONE of the week now! 16 SN PoBox202 NR31 7ZS subscription 450pw,,,,1,free polyphonic ringtone text super get free poly tone week sn pobox nr zs subscription pw
ham,"\I;m reaching in another 2 stops.\""""",,,,0,reaching another stops
ham,"no, i *didn't* mean to post it. I wrote it, and like so many other times i've ritten stuff to you, i let it sit there. it WAS what i was feeling at the time. I was angry. Before i left, i hit send, then stop. It wasn't there. I checked on my phone when i got to my car. It wasn't there. You said you didn't sleep, you were bored. So why wouldn't THAT be the time to clean, fold laundry, etc.? At least make the bed?",,,,0,mean post wrote like many times ritten stuff let sit feeling time angry left hit send stop checked phone got car said sleep bored time clean fold laundry etc least make bed
spam,Warner Village 83118 C Colin Farrell in SWAT this wkend @Warner Village & get 1 free med. Popcorn!Just show msg+ticket@kiosk.Valid 4-7/12. C t&c @kiosk. Reply SONY 4 mre film offers,,,,1,warner village c colin farrell swat wkend warner village get free med popcorn show msg ticket kiosk valid c c kiosk reply sony mre film offers
ham,Will you come online today night,,,,0,come online today night
ham,Then anything special?,,,,0,anything special
ham,"I'm in solihull, | do you want anything?",,,,0,solihull want anything
ham,Will do. Have a good day,,,,0,good day
ham,WE REGRET TO INFORM U THAT THE NHS HAS MADE A MISTAKE.U WERE NEVER ACTUALLY BORN.PLEASE REPORT 2 YOR LOCAL HOSPITAL 2B TERMINATED.WE R SORRY 4 THE INCONVENIENCE,,,,0,regret inform u nhs made mistake u never actually born please report yor local hospital b terminated r sorry inconvenience
ham,Love that holiday Monday feeling even if I have to go to the dentists in an hour,,,,0,love holiday monday feeling even go dentists hour
ham,I am on the way to tirupur.,,,,0,way tirupur
spam,"Goal! Arsenal 4 (Henry, 7 v Liverpool 2 Henry scores with a simple shot from 6 yards from a pass by Bergkamp to give Arsenal a 2 goal margin after 78 mins.",,,,1,goal arsenal henry v liverpool henry scores simple shot yards pass bergkamp give arsenal goal margin mins
ham,You've already got a flaky parent. It'snot supposed to be the child's job to support the parent...not until they're The Ride age anyway. I'm supposed to be there to support you. And now i've hurt you. unintentional. But hurt nonetheless.,,,,0,already got flaky parent snot supposed child job support parent ride age anyway supposed support hurt unintentional hurt nonetheless
ham,We took hooch for a walk toaday and i fell over! Splat! Grazed my knees and everything! Should have stayed at home! See you tomorrow! ,,,,0,took hooch walk toaday fell splat grazed knees everything stayed home see tomorrow
ham,"Just dropped em off, omw back now",,,,0,dropped em omw back
ham,Sitting in mu waiting for everyone to get out of my suite so I can take a shower,,,,0,sitting mu waiting everyone get suite take shower
ham,Re your call; You didn't see my facebook huh?,,,,0,call see facebook huh
ham,"G says you never answer your texts, confirm/deny",,,,0,g says never answer texts confirm deny
ham,"Its so common hearin How r u? Wat r u doing? How was ur day? So let me ask u something different. Did u smile today? If not, do it now.... Gud evng.",,,,0,common hearin r u wat r u ur day let ask u something different u smile today gud evng
ham,Oh yah... We never cancel leh... Haha ,,,,0,oh yah never cancel leh haha
ham,We can go 4 e normal pilates after our intro...  ,,,,0,go e normal pilates intro
ham,Ok... Let u noe when i leave my house.,,,,0,ok let u noe leave house
ham,"Oh yes, why is it like torture watching england?",,,,0,oh yes like torture watching england
ham,Wanna do some art?! :D,,,,0,wan na art
ham,Just hopeing that wasnÛ÷t too pissed up to remember and has gone off to his sisters or something!,,,,0,hopeing pissed remember gone sisters something
spam,"Hi, the SEXYCHAT girls are waiting for you to text them. Text now for a great night chatting. send STOP to stop this service",,,,1,hi sexychat girls waiting text text great night chatting send stop stop service
ham,"Good morning, my boytoy! How's those yummy lips ? Where's my sexy buns now ? What do you do ? Do you think of me ? Do you crave me ? Do you need me ?",,,,0,good morning boytoy yummy lips sexy buns think crave need
ham,Match started.india  &lt;#&gt;  for 2,,,,0,match started india lt gt
ham,Once free call me sir.,,,,0,free call sir
ham,Hey do you want anything to buy:),,,,0,hey want anything buy
ham,"Hey babe, how's it going ? Did you ever figure out where your going for New Years ?",,,,0,hey babe going ever figure going new years
ham,K..k.:)congratulation ..,,,,0,k k congratulation
ham,G wants to know where the fuck you are,,,,0,g wants know fuck
ham,No it was cancelled yeah baby! Well that sounds important so i understand my darlin give me a ring later on this fone love Kate x,,,,0,cancelled yeah baby well sounds important understand darlin give ring later fone love kate x
ham,Tomarrow i want to got to court. At  &lt;DECIMAL&gt; . So you come to bus stand at 9.,,,,0,tomarrow want got court lt decimal gt come bus stand
ham,ÌÏ go home liao? Ask dad to pick me up at 6...,,,,0,go home liao ask dad pick
ham,Omg you can make a wedding chapel in frontierville? Why do they get all the good stuff?,,,,0,omg make wedding chapel frontierville get good stuff
ham,"I'm eatin now lor, but goin back to work soon... E mountain deer show huh... I watch b4 liao, very nice...",,,,0,eatin lor goin back work soon e mountain deer show huh watch b liao nice
ham,Check mail.i have mailed varma and kept copy to you regarding membership.take care.insha allah.,,,,0,check mail mailed varma kept copy regarding membership take care insha allah
ham,Wrong phone! This phone! I answer this one but assume the other is people i don't well,,,,0,wrong phone phone answer one assume people well
ham,"Anyway I don't think I can secure anything up here, lemme know if you want me to drive down south and chill",,,,0,anyway think secure anything lem know want drive south chill
ham,I'm already back home so no probably not,,,,0,already back home probably
spam,"Hi this is Amy, we will be sending you a free phone number in a couple of days, which will give you an access to all the adult parties...",,,,1,hi amy sending free phone number couple days give access adult parties
ham,I am in bus on the way to calicut,,,,0,bus way calicut
ham,Hi its me you are probably having too much fun to get this message but i thought id txt u cos im bored! and james has been farting at me all night,,,,0,hi probably much fun get message thought id txt u cos im bored james farting night
ham,hi baby im sat on the bloody bus at the mo and i wont be home until about 7:30 wanna do somethin later? call me later ortxt back jess xx,,,,0,hi baby im sat bloody bus mo wont home wan na somethin later call later ortxt back jess xx
spam,"Welcome to Select, an O2 service with added benefits. You can now call our specially trained advisors FREE from your mobile by dialling 402.",,,,1,welcome select service added benefits call specially trained advisors free mobile dialling
ham,I lost 4 pounds since my doc visit last week woot woot! Now I'm gonna celebrate by stuffing my face!,,,,0,lost pounds since doc visit last week woot woot gon na celebrate stuffing face
ham,U coming back 4 dinner rite? Dad ask me so i re confirm wif u...,,,,0,u coming back dinner rite dad ask confirm wif u
ham,Doing my masters. When will you buy a bb cos i have for sale and how's bf,,,,0,masters buy bb cos sale bf
ham,"Ahhhh...just woken up!had a bad dream about u tho,so i dont like u right now :) i didnt know anything about comedy night but i guess im up for it.",,,,0,ahhhh woken bad dream u tho dont like u right didnt know anything comedy night guess im
ham,I'm vivek:)i got call from your number.,,,,0,vivek got call number
ham,Why didn't u call on your lunch?,,,,0,u call lunch
ham,"What i mean was i left too early to check, cos i'm working a 9-6.",,,,0,mean left early check cos working
ham,I want  &lt;#&gt;  rs da:)do you have it?,,,,0,want lt gt rs da
ham,I want to see your pretty pussy...,,,,0,want see pretty pussy
spam,Dear Voucher holder Have your next meal on us. Use the following link on your pc 2 enjoy a 2 4 1 dining experiencehttp://www.vouch4me.com/etlp/dining.asp,,,,1,dear voucher holder next meal us use following link pc enjoy dining experiencehttp www vouch com etlp dining asp
ham,"A few people are at the game, I'm at the mall with iouri and kaila",,,,0,people game mall iouri kaila
spam,URGENT! We are trying to contact U. Todays draw shows that you have won a å£2000 prize GUARANTEED. Call 09058094507 from land line. Claim 3030. Valid 12hrs only,,,,1,urgent trying contact u todays draw shows prize guaranteed call land line claim valid hrs
spam,You can donate å£2.50 to UNICEF's Asian Tsunami disaster support fund by texting DONATE to 864233. å£2.50 will be added to your next bill,,,,1,donate unicef asian tsunami disaster support fund texting donate added next bill
ham,Future is not what we planned for tomorrow.....! it is the result of what we do today...! Do the best in present... enjoy the future.,,,,0,future planned tomorrow result today best present enjoy future
ham,I will cme i want to go to hos 2morow. After that i wil cme. This what i got from her dear what to do. She didnt say any time,,,,0,cme want go hos morow wil cme got dear didnt say time
ham,We are supposed to meet to discuss abt our trip... Thought xuhui told you? In the afternoon. Thought we can go for lesson after that,,,,0,supposed meet discuss abt trip thought xuhui told afternoon thought go lesson
ham,Hey come online! Use msn... We are all there,,,,0,hey come online use msn
ham,I'm fine. Hope you are good. Do take care.,,,,0,fine hope good take care
ham,Oops I was in the shower when u called. Hey a parking garage collapsed at university hospital. See I'm not crazy. Stuff like that DOES happen.,,,,0,oops shower u called hey parking garage collapsed university hospital see crazy stuff like happen
ham,Aiyo u so poor thing... Then u dun wan 2 eat? U bathe already?,,,,0,aiyo u poor thing u dun wan eat u bathe already
ham,Yar... I tot u knew dis would happen long ago already.,,,,0,yar tot u knew dis would happen long ago already
ham,You are gorgeous! keep those pix cumming :) thank you!,,,,0,gorgeous keep pix cumming thank
ham,JADE ITS PAUL. Y DIDNåÕT U TXT ME? DO U REMEMBER ME FROM BARMED? I WANT 2 TALK 2 U! TXT ME,,,,0,jade paul u txt u remember barmed want talk u txt
ham,Spending new years with my brother and his family. Lets plan to meet next week. Are you ready to be spoiled? :),,,,0,spending new years brother family lets plan meet next week ready spoiled
ham,So what u doing today?,,,,0,u today
ham,I said its okay. Sorry,,,,0,said okay sorry
ham,Slept? I thinkThis time ( &lt;#&gt;  pm) is not dangerous,,,,0,slept thinkthis time lt gt pm dangerous
ham,Networking job is there.,,,,0,networking job
spam,goldviking (29/M) is inviting you to be his friend. Reply YES-762 or NO-762 See him: www.SMS.ac/u/goldviking STOP? Send STOP FRND to 62468,,,,1,goldviking inviting friend reply yes see www sms ac u goldviking stop send stop frnd
ham,Dont let studying stress you out. L8r.,,,,0,dont let studying stress l r
ham,That's y u haf 2 keep me busy...,,,,0,u haf keep busy
ham,No rushing. I'm not working. I'm in school so if we rush we go hungry.,,,,0,rushing working school rush go hungry
ham,Which channel:-):-):):-).,,,,0,channel
ham,So your telling me I coulda been your real Valentine and I wasn't? U never pick me for NOTHING!!,,,,0,telling coulda real valentine u never pick nothing
spam,Phony å£350 award - Todays Voda numbers ending XXXX are selected to receive a å£350 award. If you have a match please call 08712300220 quoting claim code 3100 standard rates app,,,,1,phony award todays voda numbers ending xxxx selected receive award match please call quoting claim code standard rates app
ham,"We made it! Eta at taunton is 12:30 as planned, hope thatÛ÷s still okday?! Good to see you! :-xx",,,,0,made eta taunton planned hope still okday good see xx
ham,I'm hungry buy smth home...,,,,0,hungry buy smth home
ham,\HEY KATE," HOPE UR OK... WILL GIVE U A BUZ WEDLUNCH. GO OUTSOMEWHERE 4 ADRINK IN TOWN..CUD GO 2WATERSHD 4 A BIT? PPL FROMWRK WILL BTHERE. LOVE PETEXXX.\""""",,,0,hey kate
ham,My drive can only be read. I need to write,,,,0,drive read need write
ham,"Just looked it up and addie goes back Monday, sucks to be her",,,,0,looked addie goes back monday sucks
ham,Happy new year. Hope you are having a good semester,,,,0,happy new year hope good semester
ham,Esplanade lor. Where else...,,,,0,esplanade lor else
ham,Can you talk with me..,,,,0,talk
ham,"Hmph. Go head, big baller.",,,,0,hmph go head big baller
ham,Well its not like you actually called someone a punto. That woulda been worse.,,,,0,well like actually called someone punto woulda worse
ham,"Nope. Since ayo travelled, he has forgotten his guy",,,,0,nope since ayo travelled forgotten guy
ham,You still around? Looking to pick up later,,,,0,still around looking pick later
spam,CDs 4u: Congratulations ur awarded å£500 of CD gift vouchers or å£125 gift guaranteed & Freeentry 2 å£100 wkly draw xt MUSIC to 87066 TnCs www.ldew.com1win150ppmx3age16 ,,,,1,cds u congratulations ur awarded cd gift vouchers gift guaranteed freeentry wkly draw xt music tncs www ldew com win ppmx age
ham,There's someone here that has a year  &lt;#&gt;  toyota camry like mr olayiwola's own. Mileage is  &lt;#&gt; k.its clean but i need to know how much will it sell for. If i can raise the dough for it how soon after landing will it sell. Holla back.,,,,0,someone year lt gt toyota camry like mr olayiwola mileage lt gt k clean need know much sell raise dough soon landing sell holla back
ham,Guess which pub im in? Im as happy as a pig in clover or whatever the saying is! ,,,,0,guess pub im im happy pig clover whatever saying
ham,ILL B DOWN SOON,,,,0,ill b soon
ham,Oh k. . I will come tomorrow,,,,0,oh k come tomorrow
ham,Go fool dont cheat others ok,,,,0,go fool dont cheat others ok
ham,"My mobile number.pls sms ur mail id.convey regards to achan,amma.Rakhesh.Qatar",,,,0,mobile number pls sms ur mail id convey regards achan amma rakhesh qatar
ham,"By the way, 'rencontre' is to meet again. Mountains dont....",,,,0,way rencontre meet mountains dont
spam,You have WON a guaranteed å£1000 cash or a å£2000 prize. To claim yr prize call our customer service representative on 08714712412 between 10am-7pm Cost 10p,,,,1,guaranteed cash prize claim yr prize call customer service representative pm cost p
ham,U attend ur driving lesson how many times a wk n which day?,,,,0,u attend ur driving lesson many times wk n day
ham,"Uncle G, just checking up on you. Do have a rewarding month",,,,0,uncle g checking rewarding month
ham,Hello boytoy ! Geeee ... I'm missing you today. I like to send you a tm and remind you I'm thinking of you ... And you are loved ... *loving kiss*,,,,0,hello boytoy geeee missing today like send tm remind thinking loved loving kiss
ham,I think the other two still need to get cash but we can def be ready by 9,,,,0,think two still need get cash def ready
ham,Hey gals...U all wanna meet 4 dinner at nÌÂte? ,,,,0,hey gals u wan na meet dinner n te
spam,Dear 0776xxxxxxx U've been invited to XCHAT. This is our final attempt to contact u! Txt CHAT to 86688 150p/MsgrcvdHG/Suite342/2Lands/Row/W1J6HL LDN 18yrs,,,,1,dear xxxxxxx u invited xchat final attempt contact u txt chat p msgrcvdhg suite lands row w j hl ldn yrs
ham,Babe ! What are you doing ? Where are you ? Who are you talking to ? Do you think of me ? Are you being a good boy? Are you missing me? Do you love me ?,,,,0,babe talking think good boy missing love
ham,Great! How is the office today?,,,,0,great office today
ham,"It's cool, we can last a little while. Getting more any time soon?",,,,0,cool last little getting time soon
ham,:-( sad puppy noise,,,,0,sad puppy noise
ham,Yes its possible but dint try. Pls dont tell to any one k,,,,0,yes possible dint try pls dont tell one k
ham,Anyway holla at me whenever you're around because I need an excuse to go creep on people in sarasota,,,,0,anyway holla whenever around need excuse go creep people sarasota
ham,Where you. What happen,,,,0,happen
ham,I was gonna ask you lol but i think its at 7,,,,0,gon na ask lol think
spam,Ur cash-balance is currently 500 pounds - to maximize ur cash-in now send GO to 86688 only 150p/meg. CC: 08718720201 HG/Suite342/2lands Row/W1j6HL,,,,1,ur cash balance currently pounds maximize ur cash send go p meg cc hg suite lands row w j hl
spam,PRIVATE! Your 2003 Account Statement for shows 800 un-redeemed S.I.M. points. Call 08715203685 Identifier Code:4xx26 Expires 13/10/04,,,,1,private account statement shows un redeemed points call identifier code xx expires
ham,Go chase after her and run her over while she's crossing the street,,,,0,go chase run crossing street
spam,I'd like to tell you my deepest darkest fantasies. Call me 09094646631 just 60p/min. To stop texts call 08712460324 (nat rate),,,,1,like tell deepest darkest fantasies call p min stop texts call nat rate
ham,Hey... Very inconvenient for your sis a not huh?,,,,0,hey inconvenient sis huh
ham,Ok i vl..do u know i got adsense approved..,,,,0,ok vl u know got adsense approved
ham,"* Was really good to see you the other day dudette, been missing you!",,,,0,really good see day dudette missing
ham,I want to go to perumbavoor,,,,0,want go perumbavoor
ham,How many times i told in the stage all use to laugh. You not listen aha.,,,,0,many times told stage use laugh listen aha
ham,(You didn't hear it from me),,,,0,hear
ham,Thanks for being there for me just to talk to on saturday. You are very dear to me. I cherish having you as a brother and role model.,,,,0,thanks talk saturday dear cherish brother role model
ham,Pls clarify back if an open return ticket that i have can be preponed for me to go back to kerala.,,,,0,pls clarify back open return ticket preponed go back kerala
spam,Natalie (20/F) is inviting you to be her friend. Reply YES-165 or NO-165 See her: www.SMS.ac/u/natalie2k9 STOP? Send STOP FRND to 62468,,,,1,natalie f inviting friend reply yes see www sms ac u natalie k stop send stop frnd
ham,She ran off with a younger man. we will make pretty babies together :),,,,0,ran younger man make pretty babies together
spam,Jamster! To get your free wallpaper text HEART to 88888 now! T&C apply. 16 only. Need Help? Call 08701213186.,,,,1,jamster get free wallpaper text heart c apply need help call
ham,O ic lol. Should play 9 doors sometime yo,,,,0,ic lol play doors sometime yo
ham,"Dunno, my dad said he coming home 2 bring us out 4 lunch. Yup i go w u lor. I call u when i reach school lor...",,,,0,dunno dad said coming home bring us lunch yup go w u lor call u reach school lor
ham,Desires- u going to doctor 4 liver. And get a bit stylish. Get ur hair managed. Thats it.,,,,0,desires u going doctor liver get bit stylish get ur hair managed thats
ham,Hmmm.still we dont have opener?,,,,0,hmmm still dont opener
ham,Yeah so basically any time next week you can get away from your mom &amp; get up before 3,,,,0,yeah basically time next week get away mom amp get
ham,I will vote for wherever my heart guides me,,,,0,vote wherever heart guides
ham,With my sis lor... We juz watched italian job.,,,,0,sis lor juz watched italian job
ham,"Tick, tick, tick .... Where are you ? I could die of loneliness you know ! *pouts* *stomps feet* I need you ...",,,,0,tick tick tick could die loneliness know pouts stomps feet need
ham,Lmao you know me so well...,,,,0,lmao know well
ham,Am on a train back from northampton so i'm afraid not! I'm staying skyving off today ho ho! Will be around wednesday though. Do you fancy the comedy club this week by the way?,,,,0,train back northampton afraid staying skyving today ho ho around wednesday though fancy comedy club week way
ham,Goodnight da thangam I really miss u dear.,,,,0,goodnight da thangam really miss u dear
ham,Hey next sun 1030 there's a basic yoga course... at bugis... We can go for that... Pilates intro next sat.... Tell me what time you r free,,,,0,hey next sun basic yoga course bugis go pilates intro next sat tell time r free
ham,"Geeeee ... Your internet is really bad today, eh ?",,,,0,geeeee internet really bad today eh
spam,Free video camera phones with Half Price line rental for 12 mths and 500 cross ntwk mins 100 txts. Call MobileUpd8 08001950382 or Call2OptOut/674,,,,1,free video camera phones half price line rental mths cross ntwk mins txts call mobileupd call optout
ham,I think i am disturbing her da,,,,0,think disturbing da
ham,"Sorry, I'll call you  later. I am in meeting sir.",,,,0,sorry call later meeting sir
ham,Havent stuck at orchard in my dad's car. Going 4 dinner now. U leh? So r they free tonight?,,,,0,havent stuck orchard dad car going dinner u leh r free tonight
ham,Ok i also wan 2 watch e 9 pm show...,,,,0,ok also wan watch e pm show
ham,I dunno lei... Like dun haf...,,,,0,dunno lei like dun haf
ham,But your brother transfered only  &lt;#&gt;  +  &lt;#&gt; . Pa.,,,,0,brother transfered lt gt lt gt pa
ham,I calls you later. Afternoon onwords mtnl service get problem in south mumbai. I can hear you but you cann't listen me.,,,,0,calls later afternoon onwords mtnl service get problem south mumbai hear cann listen
spam,83039 62735=å£450 UK Break AccommodationVouchers terms & conditions apply. 2 claim you mustprovide your claim number which is 15541 ,,,,1,uk break accommodationvouchers terms conditions apply claim mustprovide claim number
ham,Talk to g and x about that,,,,0,talk g x
ham,Hai dear friends... This is my new &amp; present number..:) By Rajitha Raj (Ranju),,,,0,hai dear friends new amp present number rajitha raj ranju
spam,5p 4 alfie Moon's Children in need song on ur mob. Tell ur m8s. Txt Tone charity to 8007 for Nokias or Poly charity for polys: zed 08701417012 profit 2 charity.,,,,1,p alfie moon children need song ur mob tell ur txt tone charity nokias poly charity polys zed profit charity
ham,As in different styles?,,,,0,different styles
spam,WIN a å£200 Shopping spree every WEEK Starting NOW. 2 play text STORE to 88039. SkilGme. TsCs08714740323 1Winawk! age16 å£1.50perweeksub.,,,,1,win shopping spree every week starting play text store skilgme tscs winawk age perweeksub
ham,Gud ni8 dear..slp well..take care..swt dreams..Muah..,,,,0,gud ni dear slp well take care swt dreams muah
spam,"This is the 2nd attempt to contract U, you have won this weeks top prize of either å£1000 cash or å£200 prize. Just call 09066361921",,,,1,nd attempt contract u weeks top prize either cash prize call
ham,"Well, i'm glad you didn't find it totally disagreeable ... Lol",,,,0,well glad find totally disagreeable lol
ham,"Guy, no flash me now. If you go call me, call me. How madam. Take care oh.",,,,0,guy flash go call call madam take care oh
spam,Do you want a New Nokia 3510i colour phone DeliveredTomorrow? With 300 free minutes to any mobile + 100 free texts + Free Camcorder reply or call 08000930705.,,,,1,want new nokia colour phone deliveredtomorrow free minutes mobile free texts free camcorder reply call
ham,Mark works tomorrow. He gets out at 5. His work is by your house so he can meet u afterwards.,,,,0,mark works tomorrow gets work house meet u afterwards
ham,\Keep ur problems in ur heart," b'coz nobody will fight for u. Only u &amp; u have to fight for ur self &amp; win the battle. -VIVEKANAND- G 9t.. SD..""",,,0,keep ur problems ur heart
ham,"Yeah, give me a call if you've got a minute",,,,0,yeah give call got minute
ham,\HI BABE UAWAKE?FEELLIKW SHIT.JUSTFOUND OUT VIA ALETTER THATMUM GOTMARRIED 4thNOV.BEHIND OURBACKS åÐ FUCKINNICE!SELFISH,DEVIOUSBITCH.ANYWAY,"IåÕL CALL U\""""",,0,hi babe uawake feellikw shit justfound via aletter thatmum gotmarried thnov behind ourbacks fuckinnice selfish
ham,Amazing : If you rearrange these letters it gives the same meaning... Dormitory = Dirty room Astronomer = Moon starer The eyes = They see Election results = Lies lets recount Mother-in-law = Woman Hitler Eleven plus two =Twelve plus one Its Amazing... !:-),,,,0,amazing rearrange letters gives meaning dormitory dirty room astronomer moon starer eyes see election results lies lets recount mother law woman hitler eleven plus two twelve plus one amazing
ham,Aiya we discuss later lar... Pick Ì_ up at 4 is it?,,,,0,aiya discuss later lar pick
ham,Hey happy birthday...,,,,0,hey happy birthday
ham,Sorry i missed your call. Can you please call back.,,,,0,sorry missed call please call back
ham,Omg if its not one thing its another. My cat has worms :/ when does this bad day end?,,,,0,omg one thing another cat worms bad day end
ham,"Good morning, im suffering from fever and dysentry ..will not be able to come to office today.",,,,0,good morning im suffering fever dysentry able come office today
ham,I wont do anything de.,,,,0,wont anything de
ham,What type of stuff do you sing?,,,,0,type stuff sing
ham,"St andre, virgil's cream",,,,0,st andre virgil cream
ham,"My fri ah... Okie lor,goin 4 my drivin den go shoppin after tt...",,,,0,fri ah okie lor goin drivin den go shoppin tt
ham,Gokila is talking with you aha:),,,,0,gokila talking aha
ham,"Hi Shanil,Rakhesh here.thanks,i have exchanged the uncut diamond stuff.leaving back. Excellent service by Dino and Prem.",,,,0,hi shanil rakhesh thanks exchanged uncut diamond stuff leaving back excellent service dino prem
ham,K.k.this month kotees birthday know?,,,,0,k k month kotees birthday know
ham,But i'm really really broke oh. No amount is too small even  &lt;#&gt; ,,,,0,really really broke oh amount small even lt gt
ham,Sorry about that this is my mates phone and i didnt write it love Kate,,,,0,sorry mates phone didnt write love kate
spam,"TheMob>Hit the link to get a premium Pink Panther game, the new no. 1 from Sugababes, a crazy Zebra animation or a badass Hoody wallpaper-all 4 FREE!",,,,1,themob hit link get premium pink panther game new sugababes crazy zebra animation badass hoody wallpaper free
ham,"Ah, well that confuses things, doesnt it? I thought was friends with now. Maybe i did the wrong thing but i already sort of invited -tho he may not come cos of money.",,,,0,ah well confuses things doesnt thought friends maybe wrong thing already sort invited tho may come cos money
ham,"Aight, call me once you're close",,,,0,aight call close
ham,Nope thats fine. I might have a nap tho! ,,,,0,nope thats fine might nap tho
spam,This msg is for your mobile content order It has been resent as previous attempt failed due to network error Queries to customersqueries@netvision.uk.com,,,,1,msg mobile content order resent previous attempt failed due network error queries customersqueries netvision uk com
ham,In other news after hassling me to get him weed for a week andres has no money. HAUGHAIGHGTUJHYGUJ,,,,0,news hassling get weed week andres money haughaighgtujhyguj
ham,Ding me on ya break fassyole! Blacko from londn,,,,0,ding ya break fassyole blacko londn
ham,I REALLY NEED 2 KISS U I MISS U MY BABY FROM UR BABY 4EVA,,,,0,really need kiss u miss u baby ur baby eva
ham,Oh you got many responsibilities.,,,,0,oh got many responsibilities
spam,You have 1 new message. Please call 08715205273,,,,1,new message please call
ham,I've reached sch already...,,,,0,reached sch already
spam,December only! Had your mobile 11mths+? You are entitled to update to the latest colour camera mobile for Free! Call The Mobile Update VCo FREE on 08002986906 ,,,,1,december mobile mths entitled update latest colour camera mobile free call mobile update vco free
ham,U definitely need a module from e humanities dis sem izzit? U wan 2 take other modules 1st?,,,,0,u definitely need module e humanities dis sem izzit u wan take modules st
ham,Argh why the fuck is nobody in town ;_;,,,,0,argh fuck nobody town
spam,"Get 3 Lions England tone, reply lionm 4 mono or lionp 4 poly. 4 more go 2 www.ringtones.co.uk, the original n best. Tones 3GBP network operator rates apply.",,,,1,get lions england tone reply lionm mono lionp poly go www ringtones co uk original n best tones gbp network operator rates apply
ham,Thanks. Fills me with complete calm and reassurance! ,,,,0,thanks fills complete calm reassurance
ham,Aslamalaikkum....insha allah tohar beeen muht albi mufti mahfuuz...meaning same here....,,,,0,aslamalaikkum insha allah tohar beeen muht albi mufti mahfuuz meaning
ham,Are you driving or training?,,,,0,driving training
ham,Lol for real. She told my dad I have cancer,,,,0,lol real told dad cancer
spam,PRIVATE! Your 2003 Account Statement for 078,,,,1,private account statement
ham,"Oops I did have it,  &lt;#&gt; ?",,,,0,oops lt gt
ham,"\NOT ENUFCREDEIT TOCALL.SHALL ILEAVE UNI AT 6 +GET A BUS TO YOR HOUSE?\""""",,,,0,enufcredeit tocall shall ileave uni get bus yor house
ham,"Hi Chikku, send some nice msgs",,,,0,hi chikku send nice msgs
ham,"He is impossible to argue with and he always treats me like his sub, like he never released me ... Which he did and I will remind him of that if necessary",,,,0,impossible argue always treats like sub like never released remind necessary
ham,"After my work ah... Den 6 plus lor... U workin oso rite... Den go orchard lor, no other place to go liao...",,,,0,work ah den plus lor u workin oso rite den go orchard lor place go liao
ham,"To the wonderful Okors, have a great month. We cherish you guys and wish you well each day. MojiBiola",,,,0,wonderful okors great month cherish guys wish well day mojibiola
ham,Cuz ibored. And don wanna study,,,,0,cuz ibored wan na study
ham,Wot about on wed nite I am 3 then but only til 9!,,,,0,wot wed nite til
ham,Any way where are you and what doing.,,,,0,way
ham,That sucks. I'll go over so u can do my hair. You'll do it free right?,,,,0,sucks go u hair free right
ham,it's still not working. And this time i also tried adding zeros. That was the savings. The checking is  &lt;#&gt; ,,,,0,still working time also tried adding zeros savings checking lt gt
ham,"Hmm... Dunno leh, mayb a bag 4 goigng out dat is not too small. Or jus anything except perfume, smth dat i can keep.",,,,0,hmm dunno leh mayb bag goigng dat small jus anything except perfume smth dat keep
ham,Sday only joined.so training we started today:),,,,0,sday joined training started today
ham,Sorry * was at the grocers.,,,,0,sorry grocers
ham,There are some nice pubs near here or there is Frankie n Bennys near the warner cinema?,,,,0,nice pubs near frankie n bennys near warner cinema
spam,"YOU VE WON! Your 4* Costa Del Sol Holiday or å£5000 await collection. Call 09050090044 Now toClaim. SAE, TC s, POBox334, Stockport, SK38xh, Costå£1.50/pm, Max10mins",,,,1,costa del sol holiday await collection call toclaim sae tc pobox stockport sk xh cost pm max mins
ham,Yup... I havent been there before... You want to go for the yoga? I can call up to book ,,,,0,yup havent want go yoga call book
ham,Oh shut it. Omg yesterday I had a dream that I had 2 kids both boys. I was so pissed. Not only about the kids but them being boys. I even told mark in my dream that he was changing diapers cause I'm not getting owed in the face.,,,,0,oh shut omg yesterday dream kids boys pissed kids boys even told mark dream changing diapers cause getting owed face
ham,Yeah I imagine he would be really gentle. Unlike the other docs who treat their patients like turkeys.,,,,0,yeah imagine would really gentle unlike docs treat patients like turkeys
ham,Now that you have started dont stop. Just pray for more good ideas and anything i see that can help you guys i.ll forward you a link.,,,,0,started dont stop pray good ideas anything see help guys forward link
ham,Hi darlin im on helens fone im gonna b up the princes 2 nite please come up tb love Kate,,,,0,hi darlin im helens fone im gon na b princes nite please come tb love kate
ham,I'm in office now da:)where are you?,,,,0,office da
ham,Aiyar u so poor thing... I give u my support k... Jia you! I'll think of u...,,,,0,aiyar u poor thing give u support k jia think u
ham,Oh unintentionally not bad timing. Great. Fingers  the trains play along! Will give fifteen min warning.,,,,0,oh unintentionally bad timing great fingers trains play along give fifteen min warning
spam,Get your garden ready for summer with a FREE selection of summer bulbs and seeds worth å£33:50 only with The Scotsman this Saturday. To stop go2 notxt.co.uk,,,,1,get garden ready summer free selection summer bulbs seeds worth scotsman saturday stop go notxt co uk
ham,K..then come wenever u lik to come and also tel vikky to come by getting free time..:-),,,,0,k come wenever u lik come also tel vikky come getting free time
ham,Pls call me da. What happen.,,,,0,pls call da happen
ham,"Happy new year to u and ur family...may this new year bring happiness , stability and tranquility to ur vibrant colourful life:):)",,,,0,happy new year u ur family may new year bring happiness stability tranquility ur vibrant colourful life
ham,No problem with the renewal. I.ll do it right away but i dont know his details.,,,,0,problem renewal right away dont know details
ham,Idk. I'm sitting here in a stop and shop parking lot right now bawling my eyes out because i feel like i'm a failure in everything. Nobody wants me and now i feel like i'm failing you.,,,,0,idk sitting stop shop parking lot right bawling eyes feel like failure everything nobody wants feel like failing
ham,Haven't left yet so probably gonna be here til dinner,,,,0,left yet probably gon na til dinner
ham,"Like  &lt;#&gt; , same question",,,,0,like lt gt question
ham,MY NEW YEARS EVE WAS OK. I WENT TO A PARTY WITH MY BOYFRIEND. WHO IS THIS SI THEN HEY,,,,0,new years eve ok went party boyfriend si hey
ham,"Sir, I need Velusamy sir's date of birth and company bank facilities details.",,,,0,sir need velusamy sir date birth company bank facilities details
ham,K k:) sms chat with me.,,,,0,k k sms chat
ham,I will come with karnan car. Please wait till 6pm will directly goto doctor.,,,,0,come karnan car please wait till pm directly goto doctor
ham,No but the bluray player can,,,,0,bluray player
ham,Ok... Then r we meeting later?,,,,0,ok r meeting later
ham,Lol no. I just need to cash in my nitros. Hurry come on before I crash out!,,,,0,lol need cash nitros hurry come crash
ham,Just send a text. We'll skype later.,,,,0,send text skype later
ham,Ok leave no need to ask,,,,0,ok leave need ask
ham,ÌÏ still got lessons?  ÌÏ in sch?,,,,0,still got lessons sch
ham,Y she dun believe leh? I tot i told her it's true already. I thk she muz c us tog then she believe.,,,,0,dun believe leh tot told true already thk muz c us tog believe
ham,Oh did you charge camera,,,,0,oh charge camera
ham,"IÛ÷ve got some salt, you can rub it in my open wounds if you like!",,,,0,got salt rub open wounds like
ham,Now i'm going for lunch.,,,,0,going lunch
ham,I'm in school now n i'll be in da lab doing some stuff give me a call when Ì_ r done.,,,,0,school n da lab stuff give call r done
ham,"Aight, text me tonight and we'll see what's up",,,,0,aight text tonight see
ham,U 2.,,,,0,u
ham,Water logging in desert. Geoenvironmental implications.,,,,0,water logging desert geoenvironmental implications
ham,"Very strange.  and  are watching the 2nd one now but i'm in bed. Sweet dreams, miss u ",,,,0,strange watching nd one bed sweet dreams miss u
spam,SMS AUCTION - A BRAND NEW Nokia 7250 is up 4 auction today! Auction is FREE 2 join & take part! Txt NOKIA to 86021 now!,,,,1,sms auction brand new nokia auction today auction free join take part txt nokia
ham,"Hi hope u r both ok, he said he would text and he hasn't, have u seen him, let me down gently please ",,,,0,hi hope u r ok said would text u seen let gently please
ham,"Babe! I fucking love you too !! You know? Fuck it was so good to hear your voice. I so need that. I crave it. I can't get enough. I adore you, Ahmad *kisses*",,,,0,babe fucking love know fuck good hear voice need crave get enough adore ahmad kisses
ham,K sure am in my relatives home. Sms me de. Pls:-),,,,0,k sure relatives home sms de pls
ham,"Fuuuuck I need to stop sleepin, sup",,,,0,fuuuuck need stop sleepin sup
ham,I'm in town now so i'll jus take mrt down later.,,,,0,town jus take mrt later
ham,I just cooked a rather nice salmon a la you,,,,0,cooked rather nice salmon la
ham,I uploaded mine to Facebook,,,,0,uploaded mine facebook
ham,WHAT TIME U WRKIN?,,,,0,time u wrkin
spam,ree entry in 2 a weekly comp for a chance to win an ipod. Txt POD to 80182 to get entry (std txt rate) T&C's apply 08452810073 for details 18+,,,,1,ree entry weekly comp chance win ipod txt pod get entry std txt rate c apply details
spam,Our records indicate u maybe entitled to 5000 pounds in compensation for the Accident you had. To claim 4 free reply with CLAIM to this msg. 2 stop txt STOP,,,,1,records indicate u maybe entitled pounds compensation accident claim free reply claim msg stop txt stop
ham,Oh oh... Den muz change plan liao... Go back have to yan jiu again...,,,,0,oh oh den muz change plan liao go back yan jiu
ham,"It's wylie, you in tampa or sarasota?",,,,0,wylie tampa sarasota
ham,Ok... Take ur time n enjoy ur dinner...,,,,0,ok take ur time n enjoy ur dinner
ham,Darren was saying dat if u meeting da ge den we dun meet 4 dinner. Cos later u leave xy will feel awkward. Den u meet him 4 lunch lor.,,,,0,darren saying dat u meeting da ge den dun meet dinner cos later u leave xy feel awkward den u meet lunch lor
spam,"Spook up your mob with a Halloween collection of a logo & pic message plus a free eerie tone, txt CARD SPOOK to 8007 zed 08701417012150p per logo/pic ",,,,1,spook mob halloween collection logo pic message plus free eerie tone txt card spook zed p per logo pic
ham,I like cheap! But iÛ÷m happy to splash out on the wine if it makes you feel better..,,,,0,like cheap happy splash wine makes feel better
ham,She.s fine. I have had difficulties with her phone. It works with mine. Can you pls send her another friend request.,,,,0,fine difficulties phone works mine pls send another friend request
ham,Ugh my leg hurts. Musta overdid it on mon.,,,,0,ugh leg hurts musta overdid mon
spam,Call Germany for only 1 pence per minute! Call from a fixed line via access number 0844 861 85 85. No prepayment. Direct access! www.telediscount.co.uk,,,,1,call germany pence per minute call fixed line via access number prepayment direct access www telediscount co uk
ham,WOT STUDENT DISCOUNT CAN U GET ON BOOKS?,,,,0,wot student discount u get books
ham,How come she can get it? Should b quite diff to guess rite...,,,,0,come get b quite diff guess rite
spam,Had your mobile 11mths ? Update for FREE to Oranges latest colour camera mobiles & unlimited weekend calls. Call Mobile Upd8 on freefone 08000839402 or 2StopTxt,,,,1,mobile mths update free oranges latest colour camera mobiles unlimited weekend calls call mobile upd freefone stoptxt
ham,"Babe, I'm answering you, can't you see me ? Maybe you'd better reboot YM ... I got the photo ... It's great !",,,,0,babe answering see maybe better reboot ym got photo great
ham,Hi.what you think about match?,,,,0,hi think match
ham,"I know you are thinkin malaria. But relax, children cant handle malaria. She would have been worse and its gastroenteritis. If she takes enough to replace her loss her temp will reduce. And if you give her malaria meds now she will just vomit. Its a self limiting illness she has which means in a few days it will completely stop",,,,0,know thinkin malaria relax children cant handle malaria would worse gastroenteritis takes enough replace loss temp reduce give malaria meds vomit self limiting illness means days completely stop
ham,Dai i downloaded but there is only exe file which i can only run that exe after installing.,,,,0,dai downloaded exe file run exe installing
ham,It is only yesterday true true.,,,,0,yesterday true true
ham,K.k.how is your business now?,,,,0,k k business
ham,3 pa but not selected.,,,,0,pa selected
ham,Well thats nice. Too bad i cant eat it,,,,0,well thats nice bad cant eat
ham,I accidentally brought em home in the box,,,,0,accidentally brought em home box
ham,Pls she needs to dat slowly or she will vomit more.,,,,0,pls needs dat slowly vomit
ham,I have to take exam with in march 3,,,,0,take exam march
ham,"Jane babes not goin 2 wrk, feel ill after lst nite. Foned in already cover 4 me chuck.:-)",,,,0,jane babes goin wrk feel ill lst nite foned already cover chuck
ham,5 nights...We nt staying at port step liao...Too ex,,,,0,nights nt staying port step liao ex
ham,If I die I want u to have all my stuffs.,,,,0,die want u stuffs
ham,"\OH FUCK. JUSWOKE UP IN A BED ON A BOATIN THE DOCKS. SLEPT WID 25 YEAR OLD. SPINOUT! GIV U DA GOSSIP L8R. XXX\""""",,,,0,oh fuck juswoke bed boatin docks slept wid year old spinout giv u da gossip l r xxx
ham,I re-met alex nichols from middle school and it turns out he's dealing!,,,,0,met alex nichols middle school turns dealing
spam,PRIVATE! Your 2003 Account Statement for <fone no> shows 800 un-redeemed S. I. M. points. Call 08715203656 Identifier Code: 42049 Expires 26/10/04,,,,1,private account statement fone shows un redeemed points call identifier code expires
ham,It means u could not keep ur words.,,,,0,means u could keep ur words
ham,"Nope, I'm still in the market",,,,0,nope still market
ham,I realise you are a busy guy and i'm trying not to be a bother. I have to get some exams outta the way and then try the cars. Do have a gr8 day,,,,0,realise busy guy trying bother get exams outta way try cars gr day
ham,Hey what how about your project. Started aha da.,,,,0,hey project started aha da
ham,Ok cool. See ya then.,,,,0,ok cool see ya
ham,Am on the uworld site. Am i buying the qbank only or am i buying it with the self assessment also?,,,,0,uworld site buying qbank buying self assessment also
spam,Someonone you know is trying to contact you via our dating service! To find out who it could be call from your mobile or landline 09064015307 BOX334SK38ch ,,,,1,someonone know trying contact via dating service find could call mobile landline box sk ch
ham,Yeah I can still give you a ride,,,,0,yeah still give ride
ham,"Jay wants to work out first, how's 4 sound?",,,,0,jay wants work first sound
ham,"Gud gud..k, chikku tke care.. sleep well gud nyt",,,,0,gud gud k chikku tke care sleep well gud nyt
ham,Hmm thinking lor...,,,,0,hmm thinking lor
ham,Of course ! Don't tease me ... You know I simply must see ! *grins* ... Do keep me posted my prey ... *loving smile* *devouring kiss*,,,,0,course tease know simply must see grins keep posted prey loving smile devouring kiss
ham,thanks for the temales it was wonderful. Thank. Have a great week.,,,,0,thanks temales wonderful thank great week
ham,Thank you princess! I want to see your nice juicy booty...,,,,0,thank princess want see nice juicy booty
ham,Haven't eaten all day. I'm sitting here staring at this juicy pizza and I can't eat it. These meds are ruining my life.,,,,0,eaten day sitting staring juicy pizza eat meds ruining life
ham,U come n search tat vid..not finishd..,,,,0,u come n search tat vid finishd
ham,"K I'm leaving soon, be there a little after 9",,,,0,k leaving soon little
spam,Urgent! Please call 09061213237 from a landline. å£5000 cash or a 4* holiday await collection. T &Cs SAE PO Box 177 M227XY. 16+,,,,1,urgent please call landline cash holiday await collection cs sae po box xy
ham,"Yeah work is fine, started last week, all the same stuff as before, dull but easy and guys are fun!",,,,0,yeah work fine started last week stuff dull easy guys fun
ham,You do your studies alone without anyones help. If you cant no need to study.,,,,0,studies alone without anyones help cant need study
ham,Please tell me not all of my car keys are in your purse,,,,0,please tell car keys purse
ham,I didnt get anything da,,,,0,didnt get anything da
ham,Ok... Sweet dreams...,,,,0,ok sweet dreams
ham,Well she's in for a big surprise!,,,,0,well big surprise
ham,1 in cbe. 2 in chennai.,,,,0,cbe chennai
ham,Can help u swoop by picking u up from wherever ur other birds r meeting if u want.,,,,0,help u swoop picking u wherever ur birds r meeting u want
ham,If anyone calls for a treadmill say you'll buy it. Make sure its working. I found an ad on Craigslist selling for $ &lt;#&gt; .,,,,0,anyone calls treadmill say buy make sure working found ad craigslist selling lt gt
ham,I absolutely LOVE South Park! I only recently started watching the office.,,,,0,absolutely love south park recently started watching office
ham,Did you see that film:),,,,0,see film
ham,Pls speak with me. I wont ask anything other then you friendship.,,,,0,pls speak wont ask anything friendship
ham,Gud ni8.swt drms.take care,,,,0,gud ni swt drms take care
ham,HI DARLIN ITS KATE ARE U UP FOR DOIN SOMETHIN TONIGHT? IM GOING TO A PUB CALLED THE SWAN OR SOMETHING WITH MY PARENTS FOR ONE DRINK SO PHONE ME IF U CAN,,,,0,hi darlin kate u doin somethin tonight im going pub called swan something parents one drink phone u
ham,Anything lar then Ì_ not going home 4 dinner?,,,,0,anything lar going home dinner
ham,\ER," ENJOYIN INDIANS AT THE MO..yeP. SaLL gOoD HehE ;> hows bout u shexy? Pete Xx\""""",,,0,er
spam,"If you don't, your prize will go to another customer. T&C at www.t-c.biz 18+ 150p/min Polo Ltd Suite 373 London W1J 6HL Please call back if busy ",,,,1,prize go another customer c www c biz p min polo ltd suite london w j hl please call back busy
ham,Did u fix the teeth?if not do it asap.ok take care.,,,,0,u fix teeth asap ok take care
ham,So u wan 2 come for our dinner tonight a not?,,,,0,u wan come dinner tonight
ham,"Hello.How u doing?What u been up 2?When will u b moving out of the flat, cos I will need to arrange to pick up the lamp, etc. Take care. Hello caroline!",,,,0,hello u u u b moving flat cos need arrange pick lamp etc take care hello caroline
ham,Its too late:)but its k.wish you the same.,,,,0,late k wish
ham,"Hi. Hope ur day * good! Back from walk, table booked for half eight. Let me know when ur coming over.",,,,0,hi hope ur day good back walk table booked half eight let know ur coming
ham,Oh yeah clearly it's my fault,,,,0,oh yeah clearly fault
ham,Dunno leh cant remember mayb lor. So wat time r we meeting tmr?,,,,0,dunno leh cant remember mayb lor wat time r meeting tmr
ham,"Best msg: It's hard to be with a person, when u know that one more step foward will make u fall in love.. &amp; One step back can ruin ur friendship.. good night:-) ...",,,,0,best msg hard person u know one step foward make u fall love amp one step back ruin ur friendship good night
spam,URGENT! Your Mobile number has been awarded with a å£2000 prize GUARANTEED. Call 09061790126 from land line. Claim 3030. Valid 12hrs only 150ppm,,,,1,urgent mobile number awarded prize guaranteed call land line claim valid hrs ppm
ham,"Vikky, come around  &lt;TIME&gt; ..",,,,0,vikky come around lt time gt
ham,"And how you will do that, princess? :)",,,,0,princess
ham,I have gone into get info bt dont know what to do,,,,0,gone get info bt dont know
ham,"Yeah, probably here for a while",,,,0,yeah probably
ham,I'm still pretty weak today .. Bad day ?,,,,0,still pretty weak today bad day
ham,Hey ! Don't forget ... You are MINE ... For ME ... My possession ... MY property ... MMM ... *childish smile* ...,,,,0,hey forget mine possession property mmm childish smile
ham,An excellent thought by a misundrstud frnd: I knw u hate me bt the day wen u'll knw the truth u'll hate urself:-( Gn:-),,,,0,excellent thought misundrstud frnd knw u hate bt day wen u knw truth u hate urself gn
ham,Hey! Congrats 2u2. id luv 2 but ive had 2 go home!,,,,0,hey congrats u id luv ive go home
ham,Dear where you. Call me,,,,0,dear call
ham,Xy trying smth now. U eat already? We havent...,,,,0,xy trying smth u eat already havent
spam,Urgent! Please call 09061213237 from landline. å£5000 cash or a luxury 4* Canary Islands Holiday await collection. T&Cs SAE PO Box 177. M227XY. 150ppm. 16+,,,,1,urgent please call landline cash luxury canary islands holiday await collection cs sae po box xy ppm
ham,I donno its in your genes or something,,,,0,donno genes something
spam,XMAS iscoming & ur awarded either å£500 CD gift vouchers & free entry 2 r å£100 weekly draw txt MUSIC to 87066 TnC www.Ldew.com1win150ppmx3age16subscription ,,,,1,xmas iscoming ur awarded either cd gift vouchers free entry r weekly draw txt music tnc www ldew com win ppmx age subscription
ham,Alex says he's not ok with you not being ok with it,,,,0,alex says ok ok
ham,Are u coming to the funeral home,,,,0,u coming funeral home
ham,My darling sister. How are you doing. When's school resuming. Is there a minimum wait period before you reapply? Do take care,,,,0,darling sister school resuming minimum wait period reapply take care
ham,I.ll hand her my phone to chat wit u,,,,0,hand phone chat wit u
ham,Well good morning mr . Hows london treatin' ya treacle?,,,,0,well good morning mr hows london treatin ya treacle
ham,I can't make it tonight,,,,0,make tonight
ham,About  &lt;#&gt; bucks. The banks fees are fixed. Better to call the bank and find out.,,,,0,lt gt bucks banks fees fixed better call bank find
ham,"I can. But it will tell quite long, cos i haven't finish my film yet...",,,,0,tell quite long cos finish film yet
ham,Pls ask macho how much is budget for bb bold 2 is cos i saw a new one for  &lt;#&gt;  dollars.,,,,0,pls ask macho much budget bb bold cos saw new one lt gt dollars
ham,"\Hi missed your Call and my mumHas beendropping red wine all over theplace! what is your adress?\""""",,,,0,hi missed call mumhas beendropping red wine theplace adress
ham,Ill be at yours in about 3 mins but look out for me,,,,0,ill mins look
ham,What you did in  leave.,,,,0,leave
ham,I'm coming back on Thursday. Yay. Is it gonna be ok to get the money. Cheers. Oh yeah and how are you. Everything alright. Hows school. Or do you call it work now,,,,0,coming back thursday yay gon na ok get money cheers oh yeah everything alright hows school call work
ham,"Jolly good! By the way,  will give u tickets for sat eve 7.30. Speak before then x",,,,0,jolly good way give u tickets sat eve speak x
ham,"yeah, that's what I was thinking",,,,0,yeah thinking
ham,K.k:)i'm going to tirunelvali this week to see my uncle ..i already spend the amount by taking dress .so only i want money.i will give it on feb 1,,,,0,k k going tirunelvali week see uncle already spend amount taking dress want money give feb
ham,Here got ur favorite oyster... N got my favorite sashimi... Ok lar i dun say already... Wait ur stomach start rumbling...,,,,0,got ur favorite oyster n got favorite sashimi ok lar dun say already wait ur stomach start rumbling
ham,My sister going to earn more than me da.,,,,0,sister going earn da
ham,Jus finish watching tv... U?,,,,0,jus finish watching tv u
ham,"K, fyi I'm back in my parents' place in south tampa so I might need to do the deal somewhere else",,,,0,k fyi back parents place south tampa might need deal somewhere else
ham,"Good morning, my Love ... I go to sleep now and wish you a great day full of feeling better and opportunity ... You are my last thought babe, I LOVE YOU *kiss*",,,,0,good morning love go sleep wish great day full feeling better opportunity last thought babe love kiss
ham,Kothi print out marandratha.,,,,0,kothi print marandratha
ham,But we havent got da topic yet rite?,,,,0,havent got da topic yet rite
ham,Ok no problem... Yup i'm going to sch at 4 if i rem correctly...,,,,0,ok problem yup going sch rem correctly
ham,"Thanks, I'll keep that in mind",,,,0,thanks keep mind
ham,Aah bless! How's your arm?,,,,0,aah bless arm
ham,"Dear Sir,Salam Alaikkum.Pride and Pleasure meeting you today at the Tea Shop.We are pleased to send you our contact number at Qatar.Rakhesh an Indian.Pls save our Number.Respectful Regards.",,,,0,dear sir salam alaikkum pride pleasure meeting today tea shop pleased send contact number qatar rakhesh indian pls save number respectful regards
ham,"Gal n boy walking in d park. gal-can i hold ur hand? boy-y? do u think i would run away? gal-no, jst wana c how it feels walking in heaven with an prince..GN:-)",,,,0,gal n boy walking park gal hold ur hand boy u think would run away gal jst wana c feels walking heaven prince gn
ham,What makes you most happy?,,,,0,makes happy
ham,Wishing you a wonderful week.,,,,0,wishing wonderful week
ham,Sweet heart how are you?,,,,0,sweet heart
ham,"Sir, waiting for your letter.",,,,0,sir waiting letter
ham,Dude im no longer a pisces. Im an aquarius now.,,,,0,dude im longer pisces im aquarius
ham,X course it 2yrs. Just so her messages on messenger lik you r sending me,,,,0,x course yrs messages messenger lik r sending
ham,I think steyn surely get one wicket:),,,,0,think steyn surely get one wicket
ham,"Neither [in sterm voice] - i'm studying. All fine with me! Not sure the  thing will be resolved, tho. Anyway. Have a fab hols",,,,0,neither sterm voice studying fine sure thing resolved tho anyway fab hols
ham,"Garbage bags, eggs, jam, bread, hannaford wheat chex",,,,0,garbage bags eggs jam bread hannaford wheat chex
ham,No. It's not pride. I'm almost  &lt;#&gt;  years old and shouldn't be takin money from my kid. You're not supposed to have to deal with this stuff. This is grownup stuff--why i don't tell you.,,,,0,pride almost lt gt years old takin money kid supposed deal stuff grownup stuff tell
ham,Sounds better than my evening im just doing my costume. Im not sure what time i finish tomorrow but i will txt you at the end.,,,,0,sounds better evening im costume im sure time finish tomorrow txt end
ham,My birthday is on feb  &lt;#&gt;  da. .,,,,0,birthday feb lt gt da
ham,So when do you wanna gym?,,,,0,wan na gym
ham,You'd like that wouldn't you? Jerk!,,,,0,like jerk
ham,Are u awake? Is there snow there?,,,,0,u awake snow
ham,And of course you should make a stink!,,,,0,course make stink
spam,"u r subscribed 2 TEXTCOMP 250 wkly comp. 1st wk?s free question follows, subsequent wks charged@150p/msg.2 unsubscribe txt STOP 2 84128,custcare 08712405020",,,,1,u r subscribed textcomp wkly comp st wk free question follows subsequent wks charged p msg unsubscribe txt stop custcare
ham,No go. No openings for that room 'til after thanksgiving without an upcharge.,,,,0,go openings room til thanksgiving without upcharge
ham,When you guys planning on coming over?,,,,0,guys planning coming
ham,Wat Ì_ doing now?,,,,0,wat
ham,No sir. That's why i had an 8-hr trip on the bus last week. Have another audition next wednesday but i think i might drive this time.,,,,0,sir hr trip bus last week another audition next wednesday think might drive time
ham,Do I? I thought I put it back in the box,,,,0,thought put back box
ham,I'm home...,,,,0,home
ham,No one interested. May be some business plan.,,,,0,one interested may business plan
ham,Yup it's at paragon... I havent decided whether 2 cut yet... Hee...,,,,0,yup paragon havent decided whether cut yet hee
ham,Good morning princess! Have a great day!,,,,0,good morning princess great day
ham,Guai... ÌÏ shd haf seen him when he's naughty... ÌÏ so free today? Can go jogging...,,,,0,guai shd haf seen naughty free today go jogging
ham,Aiyo cos i sms Ì_ then Ì_ neva reply so i wait 4 Ì_ to reply lar. I tot Ì_ havent finish ur lab wat.,,,,0,aiyo cos sms neva reply wait reply lar tot havent finish ur lab wat
ham,"Living is very simple.. Loving is also simple.. Laughing is too simple.. Winning is tooo simple.. But, Being 'SIMPLE' is very difficult...;-) :-)",,,,0,living simple loving also simple laughing simple winning tooo simple simple difficult
ham,Tell me something. Thats okay.,,,,0,tell something thats okay
ham,Hmm. Shall i bring a bottle of wine to keep us amused? Just joking! I'll still bring a bottle. Red or white? See you tomorrow,,,,0,hmm shall bring bottle wine keep us amused joking still bring bottle red white see tomorrow
ham,This is ur face test ( 1 2 3 4 5 6 7 8 9  &lt;#&gt;  ) select any number i will tell ur face astrology.... am waiting. quick reply...,,,,0,ur face test lt gt select number tell ur face astrology waiting quick reply
ham,"Hey, iouri gave me your number, I'm wylie, ryan's friend",,,,0,hey iouri gave number wylie ryan friend
ham,Yep get with the program. You're slacking.,,,,0,yep get program slacking
ham,I'm in inside office..still filling forms.don know when they leave me.,,,,0,inside office still filling forms know leave
ham,"I think your mentor is , but not 100 percent sure.",,,,0,think mentor percent sure
spam,Call 09095350301 and send our girls into erotic ecstacy. Just 60p/min. To stop texts call 08712460324 (nat rate),,,,1,call send girls erotic ecstacy p min stop texts call nat rate
spam,A å£400 XMAS REWARD IS WAITING FOR YOU! Our computer has randomly picked you from our loyal mobile customers to receive a å£400 reward. Just call 09066380611,,,,1,xmas reward waiting computer randomly picked loyal mobile customers receive reward call
ham,Just trying to figure out when I'm suppose to see a couple different people this week. We said we'd get together but I didn't set dates,,,,0,trying figure suppose see couple different people week said get together set dates
spam,IMPORTANT MESSAGE. This is a final contact attempt. You have important messages waiting out our customer claims dept. Expires 13/4/04. Call 08717507382 NOW!,,,,1,important message final contact attempt important messages waiting customer claims dept expires call
ham,Hi mom we might be back later than  &lt;#&gt; ,,,,0,hi mom might back later lt gt
spam,dating:i have had two of these. Only started after i sent a text to talk sport radio last week. Any connection do you think or coincidence?,,,,1,dating two started sent text talk sport radio last week connection think coincidence
ham,"Lol, oh you got a friend for the dog ?",,,,0,lol oh got friend dog
ham,"Ok., is any problem to u frm him? Wats matter?",,,,0,ok problem u frm wats matter
ham,"K I'll head out in a few mins, see you there",,,,0,k head mins see
ham,I don't want you to leave. But i'm barely doing what i can to stay sane. fighting with you constantly isn't helping.,,,,0,want leave barely stay sane fighting constantly helping
spam,The current leading bid is 151. To pause this auction send OUT. Customer Care: 08718726270,,,,1,current leading bid pause auction send customer care
spam,"Free entry to the gr8prizes wkly comp 4 a chance to win the latest Nokia 8800, PSP or å£250 cash every wk.TXT GREAT to 80878 http//www.gr8prizes.com 08715705022",,,,1,free entry gr prizes wkly comp chance win latest nokia psp cash every wk txt great http www gr prizes com
ham,Somebody set up a website where you can play hold em using eve online spacebucks,,,,0,somebody set website play hold em using eve online spacebucks
ham,Its sunny in california. The weather's just cool,,,,0,sunny california weather cool
spam,You have 1 new message. Call 0207-083-6089,,,,1,new message call
ham,"I can make it up there, squeezed  &lt;#&gt;  bucks out of my dad",,,,0,make squeezed lt gt bucks dad
ham,Good day to You too.Pray for me.Remove the teeth as its painful maintaining other stuff.,,,,0,good day pray remove teeth painful maintaining stuff
ham,How are you babes. Hope your doing ok. I had a shit nights sleep. I fell asleep at 5.IåÕm knackered and iåÕm dreading work tonight. What are thou upto tonight. X,,,,0,babes hope ok shit nights sleep fell asleep knackered dreading work tonight thou upto tonight x
ham,How do friends help us in problems? They give the most stupid suggestion that Lands us into another problem and helps us forgt the previous problem,,,,0,friends help us problems give stupid suggestion lands us another problem helps us forgt previous problem
ham,I will be gentle baby! Soon you will be taking all  &lt;#&gt;  inches deep inside your tight pussy...,,,,0,gentle baby soon taking lt gt inches deep inside tight pussy
ham,NOT MUCH NO FIGHTS. IT WAS A GOOD NITE!!,,,,0,much fights good nite
ham,Nt joking seriously i told,,,,0,nt joking seriously told
ham,Watching ajith film ah?,,,,0,watching ajith film ah
ham,Ooooooh I forgot to tell u I can get on yoville on my phone,,,,0,ooooooh forgot tell u get yoville phone
ham,"All done, all handed in. Don't know if mega shop in asda counts as celebration but thats what i'm doing!",,,,0,done handed know mega shop asda counts celebration thats
ham,I dont know exactly could you ask chechi.,,,,0,dont know exactly could ask chechi
ham,Dunno lei shd b driving lor cos i go sch 1 hr oni.,,,,0,dunno lei shd b driving lor cos go sch hr oni
ham,As in i want custom officer discount oh.,,,,0,want custom officer discount oh
ham,That's necessarily respectful,,,,0,necessarily respectful
ham,Hi. Hope you had a good day. Have a better night.,,,,0,hi hope good day better night
ham,And he's apparently bffs with carly quick now,,,,0,apparently bffs carly quick
ham,HARD BUT TRUE: How much you show &amp;  express your love to someone....that much it will hurt when they leave you or you get seperated...!ö´Ó_??Û¬ud evening...,,,,0,hard true much show amp express love someone much hurt leave get seperated ud evening
ham,Babes I think I got ur brolly I left it in English wil bring it in 2mrw 4 u luv Franxx,,,,0,babes think got ur brolly left english wil bring mrw u luv franxx
ham,Hi babe its me thanks for coming even though it didnt go that well!i just wanted my bed! Hope to see you soon love and kisses xxx,,,,0,hi babe thanks coming even though didnt go well wanted bed hope see soon love kisses xxx
ham,So gd got free ice cream... I oso wan...,,,,0,gd got free ice cream oso wan
ham,Pls give her prometazine syrup. 5mls then  &lt;#&gt; mins later feed.,,,,0,pls give prometazine syrup mls lt gt mins later feed
ham,So how many days since then?,,,,0,many days since
ham,Dear are you angry i was busy dear,,,,0,dear angry busy dear
ham,Yup he msg me: is tat yijue? Then i tot it's my group mate cos we meeting today mah... I'm askin if Ì_ leaving earlier or wat mah cos mayb Ì_ haf to walk v far...,,,,0,yup msg tat yijue tot group mate cos meeting today mah askin leaving earlier wat mah cos mayb haf walk v far
ham,... Are you in the pub?,,,,0,pub
ham,There is a first time for everything :),,,,0,first time everything
ham,"Daddy, shu shu is looking 4 u... U wan me 2 tell him u're not in singapore or wat?",,,,0,daddy shu shu looking u u wan tell u singapore wat
ham,I ask if u meeting da ge tmr nite...,,,,0,ask u meeting da ge tmr nite
ham,Gr8. So how do you handle the victoria island traffic. Plus when's the album due,,,,0,gr handle victoria island traffic plus album due
ham,Nite nite pocay wocay luv u more than n e thing 4eva I promise ring u 2morrowxxxx,,,,0,nite nite pocay wocay luv u n e thing eva promise ring u morrowxxxx
ham,East coast,,,,0,east coast
ham,You should get more chicken broth if you want ramen unless there's some I don't know about,,,,0,get chicken broth want ramen unless know
ham,My slave! I want you to take 2 or 3 pictures of yourself today in bright light on your cell phone! Bright light!,,,,0,slave want take pictures today bright light cell phone bright light
ham,Nope. I just forgot. Will show next week,,,,0,nope forgot show next week
ham,So how are you really. What are you up to. How's the masters. And so on.,,,,0,really masters
ham,I'm at bruce &amp; fowler now but I'm in my mom's car so I can't park (long story),,,,0,bruce amp fowler mom car park long story
ham,I dont know oh. Hopefully this month.,,,,0,dont know oh hopefully month
ham,"Hi elaine, is today's meeting confirmed?",,,,0,hi elaine today meeting confirmed
ham,Ok k..sry i knw 2 siva..tats y i askd..,,,,0,ok k sry knw siva tats askd
ham,U horrible gal... U knew dat i was going out wif him yest n u still come n ask me...,,,,0,u horrible gal u knew dat going wif yest n u still come n ask
ham,Oh yeah! And my diet just flew out the window,,,,0,oh yeah diet flew window
spam,Santa Calling! Would your little ones like a call from Santa Xmas eve? Call 09058094583 to book your time.,,,,1,santa calling would little ones like call santa xmas eve call book time
ham,You didnt complete your gist oh.,,,,0,didnt complete gist oh
ham,"Er yeah, i will b there at 15:26, sorry! Just tell me which pub/cafe to sit in and come wen u can",,,,0,er yeah b sorry tell pub cafe sit come wen u
ham,"If you can make it any time tonight or whenever you can it's cool, just text me whenever you're around",,,,0,make time tonight whenever cool text whenever around
ham,If I was I wasn't paying attention,,,,0,paying attention
ham,Thanx a lot 4 ur help!,,,,0,thanx lot ur help
ham,You're gonna have to be way more specific than that,,,,0,gon na way specific
ham,Jesus armand really is trying to tell everybody he can find,,,,0,jesus armand really trying tell everybody find
ham,I'm wif him now buying tix lar...,,,,0,wif buying tix lar
ham,Mode men or have you left.,,,,0,mode men left
ham,Am slow in using biola's fne,,,,0,slow using biola fne
ham,"\What are youdoing later? Sar xxx\""""",,,,0,youdoing later sar xxx
ham,Hey i've booked the 2 lessons on sun liao...,,,,0,hey booked lessons sun liao
ham,Thank you. do you generally date the brothas?,,,,0,thank generally date brothas
ham,"By the way, make sure u get train to worc foregate street not shrub hill. Have fun night x",,,,0,way make sure u get train worc foregate street shrub hill fun night x
ham,"I thought i'd get him a watch, just cos thats the kind of thing u get4an18th. And he loves so much!",,,,0,thought get watch cos thats kind thing u get th loves much
spam,You have won a guaranteed 32000 award or maybe even å£1000 cash to claim ur award call free on 0800 ..... (18+). Its a legitimat efreefone number wat do u think???,,,,1,guaranteed award maybe even cash claim ur award call free legitimat efreefone number wat u think
ham,Good morning. At the repair shop--the ONLY reason i'm up at this hour.,,,,0,good morning repair shop reason hour
ham,"And that's fine, I got enough bud to last most of the night at least",,,,0,fine got enough bud last night least
ham,I am back. Good journey! Let me know if you need any of the receipts. Shall i tell you like the pendent?,,,,0,back good journey let know need receipts shall tell like pendent
ham,So that takes away some money worries,,,,0,takes away money worries
ham,"aight we can pick some up, you open before tonight?",,,,0,aight pick open tonight
spam,"Latest News! Police station toilet stolen, cops have nothing to go on!",,,,1,latest news police station toilet stolen cops nothing go
ham,Sac needs to carry on:),,,,0,sac needs carry
ham,Just sing HU. I think its also important to find someone female that know the place well preferably a citizen that is also smart to help you navigate through. Even things like choosing a phone plan require guidance. When in doubt ask especially girls.,,,,0,sing hu think also important find someone female know place well preferably citizen also smart help navigate even things like choosing phone plan require guidance doubt ask especially girls
ham,What???? Hello wats talks email address?,,,,0,hello wats talks email address
ham,Except theres a chick with huge boobs.,,,,0,except theres chick huge boobs
ham,Im just wondering what your doing right now?,,,,0,im wondering right
ham,Wishing you a beautiful day. Each moment revealing even more things to keep you smiling. Do enjoy it.,,,,0,wishing beautiful day moment revealing even things keep smiling enjoy
spam,"\For the most sparkling shopping breaks from 45 per person; call 0121 2025050 or visit www.shortbreaks.org.uk\""""",,,,1,sparkling shopping breaks per person call visit www shortbreaks org uk
ham,If you hear a loud scream in about &lt;#&gt; minutes its cause my Gyno will be shoving things up me that don't belong :/,,,,0,hear loud scream lt gt minutes cause gyno shoving things belong
ham,Ok i thk i got it. Then u wan me 2 come now or wat?,,,,0,ok thk got u wan come wat
spam,Txt: CALL to No: 86888 & claim your reward of 3 hours talk time to use from your phone now! Subscribe6GBP/mnth inc 3hrs 16 stop?txtStop www.gamb.tv,,,,1,txt call claim reward hours talk time use phone subscribe gbp mnth inc hrs stop txtstop www gamb tv
ham,U GOIN OUT 2NITE?,,,,0,u goin nite
ham,I will treasure every moment we spend together...,,,,0,treasure every moment spend together
ham,Shall I bring us a bottle of wine to keep us amused? Only joking! IÛ÷ll bring one anyway,,,,0,shall bring us bottle wine keep us amused joking bring one anyway
spam,http//tms. widelive.com/index. wml?id=820554ad0a1705572711&first=trueåÁC C RingtoneåÁ,,,,1,http tms widelive com index wml id ad first true c c ringtone
spam,"URGENT! Last weekend's draw shows that you have won å£1000 cash or a Spanish holiday! CALL NOW 09050000332 to claim. T&C: RSTM, SW7 3SS. 150ppm",,,,1,urgent last weekend draw shows cash spanish holiday call claim c rstm sw ss ppm
ham,I thought slide is enough.,,,,0,thought slide enough
ham,Well obviously not because all the people in my cool college life went home ;_;,,,,0,well obviously people cool college life went home
ham,Ok lor Ì_ reaching then message me.,,,,0,ok lor reaching message
ham,Where's mummy's boy ? Is he being good or bad ? Is he being positive or negative ? Why is mummy being made to wait? Hmmmm?,,,,0,mummy boy good bad positive negative mummy made wait hmmmm
ham,Dhoni have luck to win some big title.so we will win:),,,,0,dhoni luck win big title win
ham,Yes princess! I want to please you every night. Your wish is my command...,,,,0,yes princess want please every night wish command
ham,No probably  &lt;#&gt; %.,,,,0,probably lt gt
ham,Really do hope the work doesnt get stressful. Have a gr8 day.,,,,0,really hope work doesnt get stressful gr day
ham,Have you seen who's back at Holby?!,,,,0,seen back holby
ham,Shall call now dear having food,,,,0,shall call dear food
spam,URGENT We are trying to contact you Last weekends draw shows u have won a å£1000 prize GUARANTEED Call 09064017295 Claim code K52 Valid 12hrs 150p pm,,,,1,urgent trying contact last weekends draw shows u prize guaranteed call claim code k valid hrs p pm
ham,So li hai... Me bored now da lecturer repeating last weeks stuff waste time... ,,,,0,li hai bored da lecturer repeating last weeks stuff waste time
ham,", ,  and  picking them up from various points | going 2 yeovil | and they will do the motor project 4 3 hours | and then u take them home. || 12 2 5.30 max. || Very easy",,,,0,picking various points going yeovil motor project hours u take home max easy
ham,Also fuck you and your family for going to rhode island or wherever the fuck and leaving me all alone the week I have a new bong &gt;:(,,,,0,also fuck family going rhode island wherever fuck leaving alone week new bong gt
ham,Ofcourse I also upload some songs,,,,0,ofcourse also upload songs
spam,2p per min to call Germany 08448350055 from your BT line. Just 2p per min. Check PlanetTalkInstant.com for info & T's & C's. Text stop to opt out,,,,1,p per min call germany bt line p per min check planettalkinstant com info c text stop opt
ham,Oh thanks a lot..i already bought 2 eggs ..,,,,0,oh thanks lot already bought eggs
ham,U studying in sch or going home? Anyway i'll b going 2 sch later.,,,,0,u studying sch going home anyway b going sch later
spam,Marvel Mobile Play the official Ultimate Spider-man game (å£4.50) on ur mobile right now. Text SPIDER to 83338 for the game & we ll send u a FREE 8Ball wallpaper,,,,1,marvel mobile play official ultimate spider man game ur mobile right text spider game send u free ball wallpaper
ham,I think if he rule tamilnadu..then its very tough for our people.,,,,0,think rule tamilnadu tough people
ham,"Cool, we shall go and see, have to go to tip anyway. Are you at home, got something to drop in later? So lets go to town tonight! Maybe mum can take us in.",,,,0,cool shall go see go tip anyway home got something drop later lets go town tonight maybe mum take us
ham,"Good afternoon, my love ... How goes your day ? How did you sleep ? I hope your well, my boytoy ... I think of you ...",,,,0,good afternoon love goes day sleep hope well boytoy think
ham,Yes... I trust u to buy new stuff ASAP so I can try it out,,,,0,yes trust u buy new stuff asap try
ham,Why did I wake up on my own &gt;:(,,,,0,wake gt
ham,Now get step 2 outta the way. Congrats again.,,,,0,get step outta way congrats
ham,Love has one law; Make happy the person you love. In the same way friendship has one law; Never make ur friend feel alone until you are alive.... Gud night,,,,0,love one law make happy person love way friendship one law never make ur friend feel alone alive gud night
spam,PRIVATE! Your 2003 Account Statement for 07808247860 shows 800 un-redeemed S. I. M. points. Call 08719899229 Identifier Code: 40411 Expires 06/11/04,,,,1,private account statement shows un redeemed points call identifier code expires
ham,Apo all other are mokka players only,,,,0,apo mokka players
ham,"Perhaps * is much easy give your account identification, so i will tomorrow at UNI",,,,0,perhaps much easy give account identification tomorrow uni
ham,Wait . I will msg after  &lt;#&gt;  min.,,,,0,wait msg lt gt min
ham,What i told before i tell. Stupid hear after i wont tell anything to you. You dad called to my brother and spoken. Not with me.,,,,0,told tell stupid hear wont tell anything dad called brother spoken
ham,God's love has no limit. God's grace has no measure. God's power has no boundaries. May u have God's endless blessings always in ur life...!! Gud ni8,,,,0,god love limit god grace measure god power boundaries may u god endless blessings always ur life gud ni
ham,I want to be inside you every night...,,,,0,want inside every night
ham,"Machan you go to gym tomorrow,  i wil come late goodnight.",,,,0,machan go gym tomorrow wil come late goodnight
ham,Lol they were mad at first but then they woke up and gave in.,,,,0,lol mad first woke gave
ham,"ItÛ÷s reassuring, in this crazy world.",,,,0,reassuring crazy world
ham,"Just making dinner, you ?",,,,0,making dinner
ham,Yes. Please leave at  &lt;#&gt; . So that at  &lt;#&gt;  we can leave,,,,0,yes please leave lt gt lt gt leave
ham,Oh... Okie lor...We go on sat... ,,,,0,oh okie lor go sat
ham,You are a great role model. You are giving so much and i really wish each day for a miracle but God as a reason for everything and i must say i wish i knew why but i dont. I've looked up to you since i was young and i still do. Have a great day.,,,,0,great role model giving much really wish day miracle god reason everything must say wish knew dont looked since young still great day
ham,"Ya, i'm referin to mei's ex wat... No ah, waitin 4 u to treat, somebody shld b rich liao...So gd, den u dun have to work frm tmr onwards...",,,,0,ya referin mei ex wat ah waitin u treat somebody shld b rich liao gd den u dun work frm tmr onwards
ham,Miles and smiles r made frm same letters but do u know d difference..? smile on ur face keeps me happy even though I am miles away from u.. :-)keep smiling.. Good nyt,,,,0,miles smiles r made frm letters u know difference smile ur face keeps happy even though miles away u keep smiling good nyt
ham,"By the way, i've put a skip right outside the front of the house so you can see which house it is. Just pull up before it.",,,,0,way put skip right outside front house see house pull
ham,Can you pls send me that company name. In saibaba colany,,,,0,pls send company name saibaba colany
ham,No. I dont want to hear anything,,,,0,dont want hear anything
ham,You are a big chic. Common. Declare,,,,0,big chic common declare
ham,Thats cool. I want to please you...,,,,0,thats cool want please
ham,Going to join tomorrow.,,,,0,going join tomorrow
ham,I want to tell you how bad I feel that basically the only times I text you lately are when I need drugs,,,,0,want tell bad feel basically times text lately need drugs
spam,PRIVATE! Your 2003 Account Statement for shows 800 un-redeemed S.I.M. points. Call 08718738001 Identifier Code: 49557 Expires 26/11/04,,,,1,private account statement shows un redeemed points call identifier code expires
ham,"Total disappointment, when I texted you was the craziest shit got :(",,,,0,total disappointment texted craziest shit got
ham,Its just the effect of irritation. Just ignore it,,,,0,effect irritation ignore
ham,What about this one then.,,,,0,one
ham,I think that tantrum's finished so yeah I'll be by at some point,,,,0,think tantrum finished yeah point
ham,Compliments to you. Was away from the system. How your side.,,,,0,compliments away system side
ham,happened here while you were adventuring,,,,0,happened adventuring
ham,"Hey chief, can you give me a bell when you get this. Need to talk to you about this royal visit on the 1st june. ",,,,0,hey chief give bell get need talk royal visit st june
ham,Ok which your another number,,,,0,ok another number
ham,Aiyah ok wat as long as got improve can already wat...,,,,0,aiyah ok wat long got improve already wat
spam,Want explicit SEX in 30 secs? Ring 02073162414 now! Costs 20p/min Gsex POBOX 2667 WC1N 3XX,,,,1,want explicit sex secs ring costs p min gsex pobox wc n xx
ham,I can't believe how attached I am to seeing you every day. I know you will do the best you can to get to me babe. I will go to teach my class at your midnight,,,,0,believe attached seeing every day know best get babe go teach class midnight
spam,ASKED 3MOBILE IF 0870 CHATLINES INCLU IN FREE MINS. INDIA CUST SERVs SED YES. L8ER GOT MEGA BILL. 3 DONT GIV A SHIT. BAILIFF DUE IN DAYS. I O å£250 3 WANT å£800,,,,1,asked mobile chatlines inclu free mins india cust servs sed yes l er got mega bill dont giv shit bailiff due days want
ham,Yeah it's jus rite...,,,,0,yeah jus rite
ham,Armand says get your ass over to epsilon,,,,0,armand says get ass epsilon
ham,U still havent got urself a jacket ah?,,,,0,u still havent got urself jacket ah
ham,"I'm taking derek &amp; taylor to walmart, if I'm not back by the time you're done just leave the mouse on my desk and I'll text you when priscilla's ready",,,,0,taking derek amp taylor walmart back time done leave mouse desk text priscilla ready
ham,Hi its in durban are you still on this number,,,,0,hi durban still number
ham,Ic. There are a lotta childporn cars then.,,,,0,ic lotta childporn cars
spam,"Had your contract mobile 11 Mnths? Latest Motorola, Nokia etc. all FREE! Double Mins & Text on Orange tariffs. TEXT YES for callback, no to remove from records.",,,,1,contract mobile mnths latest motorola nokia etc free double mins text orange tariffs text yes callback remove records
ham,"No, I was trying it all weekend ;V",,,,0,trying weekend v
ham,"You know, wot people wear. T shirts, jumpers, hat, belt, is all we know. We r at Cribbs",,,,0,know wot people wear shirts jumpers hat belt know r cribbs
ham,"Cool, what time you think you can get here?",,,,0,cool time think get
ham,Wen did you get so spiritual and deep. That's great,,,,0,wen get spiritual deep great
ham,Have a safe trip to Nigeria. Wish you happiness and very soon company to share moments with,,,,0,safe trip nigeria wish happiness soon company share moments
ham,Well keep in mind I've only got enough gas for one more round trip barring a sudden influx of cash,,,,0,well keep mind got enough gas one round trip barring sudden influx cash
ham,Yeh. Indians was nice. Tho it did kane me off a bit he he. We shud go out 4 a drink sometime soon. Mite hav 2 go 2 da works 4 a laugh soon. Love Pete x x,,,,0,yeh indians nice tho kane bit shud go drink sometime soon mite hav go da works laugh soon love pete x x
ham,Yes i have. So that's why u texted. Pshew...missing you so much,,,,0,yes u texted pshew missing much
ham,No. I meant the calculation is the same. That  &lt;#&gt; units at  &lt;#&gt; . This school is really expensive. Have you started practicing your accent. Because its important. And have you decided if you are doing 4years of dental school or if you'll just do the nmde exam.,,,,0,meant calculation lt gt units lt gt school really expensive started practicing accent important decided years dental school nmde exam
ham,if you aren't here in the next  &lt;#&gt;  hours imma flip my shit,,,,0,next lt gt hours imma flip shit
ham,Anything lor. Juz both of us lor.,,,,0,anything lor juz us lor
ham,Get me out of this dump heap. My mom decided to come to lowes. BORING.,,,,0,get dump heap mom decided come lowes boring
ham,Ok lor... Sony ericsson salesman... I ask shuhui then she say quite gd 2 use so i considering...,,,,0,ok lor sony ericsson salesman ask shuhui say quite gd use considering
ham,Ard 6 like dat lor.,,,,0,ard like dat lor
ham,Why don't you wait 'til at least wednesday to see if you get your .,,,,0,wait til least wednesday see get
ham,Huh y lei...,,,,0,huh lei
spam,"REMINDER FROM O2: To get 2.50 pounds free call credit and details of great offers pls reply 2 this text with your valid name, house no and postcode",,,,1,reminder get pounds free call credit details great offers pls reply text valid name house postcode
spam,"This is the 2nd time we have tried 2 contact u. U have won the å£750 Pound prize. 2 claim is easy, call 087187272008 NOW1! Only 10p per minute. BT-national-rate.",,,,1,nd time tried contact u u pound prize claim easy call p per minute bt national rate
ham,Will Ì_ b going to esplanade fr home?,,,,0,b going esplanade fr home
ham,"Pity, * was in mood for that. So...any other suggestions?",,,,0,pity mood suggestions
ham,The guy did some bitching but I acted like i'd be interested in buying something else next week and he gave it to us for free,,,,0,guy bitching acted like interested buying something else next week gave us free
ham,Rofl. Its true to its name,,,,0,rofl true name
